2025-11-21 21:33:33,243 [Worker-7: Loading available Gradle versions] INFO  o.e.b.c.i.u.g.PublishedGradleVersions - Gradle version information cache is up-to-date. Trying to read.
2025-11-21 21:38:11,500 [Worker-19: Building] INFO  o.e.m.c.i.l.LifecycleMappingFactory - Using org.eclipse.m2e.jdt.JarLifecycleMapping lifecycle mapping for MavenProject: Assignment1:Assignment1:0.0.1-SNAPSHOT @ C:\Users\syeds\OneDrive\Documents\Desktop\CHUBB\Assignment1\pom.xml.
2025-11-21 21:38:13,949 [Worker-19: Building] WARN  o.a.m.s.f.DefaultMavenResourcesFiltering - Using platform encoding (UTF-8 actually) to copy filtered resources, i.e. build is platform dependent!
2025-11-21 21:38:13,955 [Worker-19: Building] INFO  o.a.m.s.f.DefaultMavenResourcesFiltering - skip non existing resourceDirectory C:\Users\syeds\OneDrive\Documents\Desktop\CHUBB\Assignment1\src\main\resources
2025-11-21 21:38:13,974 [Worker-19: Building] WARN  o.a.m.s.f.DefaultMavenResourcesFiltering - Using platform encoding (UTF-8 actually) to copy filtered resources, i.e. build is platform dependent!
2025-11-21 21:38:13,977 [Worker-19: Building] INFO  o.a.m.s.f.DefaultMavenResourcesFiltering - skip non existing resourceDirectory C:\Users\syeds\OneDrive\Documents\Desktop\CHUBB\Assignment1\src\test\resources
2025-11-21 21:38:17,437 [Worker-9: Building] WARN  o.a.m.s.f.DefaultMavenResourcesFiltering - Using platform encoding (UTF-8 actually) to copy filtered resources, i.e. build is platform dependent!
2025-11-21 21:38:17,447 [Worker-9: Building] INFO  o.a.m.s.f.DefaultMavenResourcesFiltering - skip non existing resourceDirectory C:\Users\syeds\OneDrive\Documents\Desktop\CHUBB\Assignment1\src\main\resources
2025-11-21 21:38:17,460 [Worker-9: Building] WARN  o.a.m.s.f.DefaultMavenResourcesFiltering - Using platform encoding (UTF-8 actually) to copy filtered resources, i.e. build is platform dependent!
2025-11-21 21:38:17,465 [Worker-9: Building] INFO  o.a.m.s.f.DefaultMavenResourcesFiltering - skip non existing resourceDirectory C:\Users\syeds\OneDrive\Documents\Desktop\CHUBB\Assignment1\src\test\resources
2025-11-21 21:38:28,601 [Worker-9: Building] INFO  o.e.m.c.i.l.LifecycleMappingFactory - Using org.eclipse.m2e.jdt.JarLifecycleMapping lifecycle mapping for MavenProject: com.example:Boot1_demo:0.0.1-SNAPSHOT @ C:\Users\syeds\OneDrive\Documents\Desktop\CHUBB\Boot1_demo\pom.xml.
2025-11-21 21:38:30,216 [Worker-9: Building] WARN  o.e.m.c.i.embedder.EclipseLogger - The artifact mysql:mysql-connector-java:jar:8.0.33 has been relocated to com.mysql:mysql-connector-j:jar:8.0.33: MySQL Connector/J artifacts moved to reverse-DNS compliant Maven 2+ coordinates.
2025-11-21 21:38:34,822 [Worker-9: Building] INFO  o.a.m.s.f.DefaultMavenResourcesFiltering - Copying 1 resource from src\main\resources to target\classes
2025-11-21 21:38:34,899 [Worker-9: Building] INFO  o.a.m.s.f.DefaultMavenResourcesFiltering - Copying 0 resource from src\main\resources to target\classes
2025-11-21 21:38:34,927 [Worker-9: Building] INFO  o.a.m.s.f.DefaultMavenResourcesFiltering - skip non existing resourceDirectory C:\Users\syeds\OneDrive\Documents\Desktop\CHUBB\Boot1_demo\src\test\resources
2025-11-21 21:38:43,867 [Worker-9: Building] INFO  o.a.m.s.f.DefaultMavenResourcesFiltering - Copying 1 resource from src\main\resources to target\classes
2025-11-21 21:38:43,879 [Worker-9: Building] INFO  o.a.m.s.f.DefaultMavenResourcesFiltering - Copying 0 resource from src\main\resources to target\classes
2025-11-21 21:38:43,893 [Worker-9: Building] INFO  o.a.m.s.f.DefaultMavenResourcesFiltering - skip non existing resourceDirectory C:\Users\syeds\OneDrive\Documents\Desktop\CHUBB\Boot1_demo\src\test\resources
2025-11-21 21:38:47,087 [Worker-9: Building] INFO  o.e.m.c.i.l.LifecycleMappingFactory - Using org.eclipse.m2e.jdt.JarLifecycleMapping lifecycle mapping for MavenProject: com.example:Boot2_SpringWebFlux:0.0.1-SNAPSHOT @ C:\Users\syeds\OneDrive\Documents\Desktop\CHUBB\Boot2_SpringWebFlux\pom.xml.
2025-11-21 21:38:51,923 [Worker-9: Building] INFO  o.a.m.s.f.DefaultMavenResourcesFiltering - Copying 1 resource from src\main\resources to target\classes
2025-11-21 21:38:52,001 [Worker-9: Building] INFO  o.a.m.s.f.DefaultMavenResourcesFiltering - Copying 1 resource from src\main\resources to target\classes
2025-11-21 21:38:52,028 [Worker-9: Building] INFO  o.a.m.s.f.DefaultMavenResourcesFiltering - skip non existing resourceDirectory C:\Users\syeds\OneDrive\Documents\Desktop\CHUBB\Boot2_SpringWebFlux\src\test\resources
2025-11-21 21:38:53,966 [Worker-9: Building] INFO  o.a.m.s.f.DefaultMavenResourcesFiltering - Copying 1 resource from src\main\resources to target\classes
2025-11-21 21:38:53,973 [Worker-9: Building] INFO  o.a.m.s.f.DefaultMavenResourcesFiltering - Copying 1 resource from src\main\resources to target\classes
2025-11-21 21:38:53,994 [Worker-9: Building] INFO  o.a.m.s.f.DefaultMavenResourcesFiltering - skip non existing resourceDirectory C:\Users\syeds\OneDrive\Documents\Desktop\CHUBB\Boot2_SpringWebFlux\src\test\resources
2025-11-21 21:38:56,351 [Worker-9: Building] ERROR o.e.m.c.i.p.r.ProjectRegistryManager - Could not read pom.xml
org.eclipse.core.runtime.CoreException: Could not read pom.xml
	at org.eclipse.m2e.core.internal.IMavenToolbox.readModel(IMavenToolbox.java:245)
	at org.eclipse.m2e.core.internal.project.registry.ProjectRegistryManager.refreshPhase2(ProjectRegistryManager.java:591)
	at org.eclipse.m2e.core.internal.project.registry.ProjectRegistryManager.refresh(ProjectRegistryManager.java:491)
	at org.eclipse.m2e.core.internal.project.registry.ProjectRegistryManager.refresh(ProjectRegistryManager.java:370)
	at org.eclipse.m2e.core.internal.project.registry.ProjectRegistryManager.refresh(ProjectRegistryManager.java:322)
	at org.eclipse.m2e.core.internal.builder.MavenBuilder$BuildMethod.getProjectFacade(MavenBuilder.java:146)
	at org.eclipse.m2e.core.internal.builder.MavenBuilder$BuildMethod.lambda$0(MavenBuilder.java:84)
	at org.eclipse.m2e.core.internal.embedder.MavenExecutionContext.executeBare(MavenExecutionContext.java:458)
	at org.eclipse.m2e.core.internal.embedder.MavenExecutionContext.execute(MavenExecutionContext.java:339)
	at org.eclipse.m2e.core.internal.embedder.MavenExecutionContext.execute(MavenExecutionContext.java:278)
	at org.eclipse.m2e.core.internal.builder.MavenBuilder$BuildMethod.execute(MavenBuilder.java:83)
	at org.eclipse.m2e.core.internal.builder.MavenBuilder.build(MavenBuilder.java:192)
	at org.eclipse.core.internal.events.BuildManager$2.run(BuildManager.java:1077)
	at org.eclipse.core.runtime.SafeRunner.run(SafeRunner.java:47)
	at org.eclipse.core.internal.events.BuildManager.basicBuild(BuildManager.java:296)
	at org.eclipse.core.internal.events.BuildManager.basicBuild(BuildManager.java:352)
	at org.eclipse.core.internal.events.BuildManager$1.run(BuildManager.java:441)
	at org.eclipse.core.runtime.SafeRunner.run(SafeRunner.java:47)
	at org.eclipse.core.internal.events.BuildManager.basicBuild(BuildManager.java:444)
	at org.eclipse.core.internal.events.BuildManager.basicBuildLoop(BuildManager.java:555)
	at org.eclipse.core.internal.events.BuildManager.basicBuildLoop(BuildManager.java:503)
	at org.eclipse.core.internal.events.BuildManager.build(BuildManager.java:585)
	at org.eclipse.core.internal.events.AutoBuildJob.doBuild(AutoBuildJob.java:207)
	at org.eclipse.core.internal.events.AutoBuildJob.run(AutoBuildJob.java:300)
	at org.eclipse.core.internal.jobs.Worker.run(Worker.java:63)
Caused by: org.apache.maven.model.io.ModelParseException: end tag name </dependencyManagement> must match start tag name <project> from line 2 (position: TEXT seen ...</dependencies>\r\n</dependencyManagement>... @51:24) 
	at org.apache.maven.model.io.DefaultModelReader.read(DefaultModelReader.java:96)
	at org.apache.maven.model.io.DefaultModelReader.read(DefaultModelReader.java:74)
	at org.eclipse.m2e.core.internal.IMavenToolbox.readModel(IMavenToolbox.java:243)
	... 24 common frames omitted
Caused by: org.codehaus.plexus.util.xml.pull.XmlPullParserException: end tag name </dependencyManagement> must match start tag name <project> from line 2 (position: TEXT seen ...</dependencies>\r\n</dependencyManagement>... @51:24) 
	at org.codehaus.plexus.util.xml.pull.MXParser.parseEndTag(MXParser.java:2151)
	at org.codehaus.plexus.util.xml.pull.MXParser.nextImpl(MXParser.java:1418)
	at org.codehaus.plexus.util.xml.pull.MXParser.next(MXParser.java:1375)
	at org.codehaus.plexus.util.xml.pull.MXParser.nextTag(MXParser.java:1360)
	at org.apache.maven.model.io.xpp3.MavenXpp3Reader.parseModel(MavenXpp3Reader.java:2155)
	at org.apache.maven.model.io.xpp3.MavenXpp3Reader.read(MavenXpp3Reader.java:623)
	at org.apache.maven.model.io.xpp3.MavenXpp3Reader.read(MavenXpp3Reader.java:654)
	at org.apache.maven.model.io.DefaultModelReader.read(DefaultModelReader.java:93)
	... 26 common frames omitted
2025-11-21 21:38:58,887 [Worker-9: Building] INFO  o.e.m.c.i.l.LifecycleMappingFactory - Using org.eclipse.m2e.jdt.JarLifecycleMapping lifecycle mapping for MavenProject: com.app:MavenProject3:0.0.1-SNAPSHOT @ C:\Users\syeds\OneDrive\Documents\Desktop\CHUBB\MavenDemo1\pom.xml.
2025-11-21 21:39:00,187 [Worker-9: Building] WARN  o.a.m.s.f.DefaultMavenResourcesFiltering - Using platform encoding (UTF-8 actually) to copy filtered resources, i.e. build is platform dependent!
2025-11-21 21:39:00,193 [Worker-9: Building] INFO  o.a.m.s.f.DefaultMavenResourcesFiltering - skip non existing resourceDirectory C:\Users\syeds\OneDrive\Documents\Desktop\CHUBB\MavenDemo1\src\main\resources
2025-11-21 21:39:00,216 [Worker-9: Building] WARN  o.a.m.s.f.DefaultMavenResourcesFiltering - Using platform encoding (UTF-8 actually) to copy filtered resources, i.e. build is platform dependent!
2025-11-21 21:39:00,220 [Worker-9: Building] INFO  o.a.m.s.f.DefaultMavenResourcesFiltering - skip non existing resourceDirectory C:\Users\syeds\OneDrive\Documents\Desktop\CHUBB\MavenDemo1\src\test\resources
2025-11-21 21:39:07,404 [Worker-9: Building] INFO  o.e.m.c.i.l.LifecycleMappingFactory - Using org.eclipse.m2e.jdt.JarLifecycleMapping lifecycle mapping for MavenProject: com.app:MavenDemo2_HotelBooking:0.0.1-SNAPSHOT @ C:\Users\syeds\OneDrive\Documents\Desktop\CHUBB\MavenDemo2_HotelBooking\pom.xml.
2025-11-21 21:39:08,613 [Worker-9: Building] INFO  o.a.m.s.f.DefaultMavenResourcesFiltering - skip non existing resourceDirectory C:\Users\syeds\OneDrive\Documents\Desktop\CHUBB\MavenDemo2_HotelBooking\src\main\resources
2025-11-21 21:39:08,630 [Worker-9: Building] INFO  o.a.m.s.f.DefaultMavenResourcesFiltering - skip non existing resourceDirectory C:\Users\syeds\OneDrive\Documents\Desktop\CHUBB\MavenDemo2_HotelBooking\src\test\resources
2025-11-21 21:39:11,306 [Worker-9: Building] WARN  o.a.m.s.f.DefaultMavenResourcesFiltering - Using platform encoding (UTF-8 actually) to copy filtered resources, i.e. build is platform dependent!
2025-11-21 21:39:11,316 [Worker-9: Building] INFO  o.a.m.s.f.DefaultMavenResourcesFiltering - skip non existing resourceDirectory C:\Users\syeds\OneDrive\Documents\Desktop\CHUBB\MavenDemo1\src\main\resources
2025-11-21 21:39:11,333 [Worker-9: Building] WARN  o.a.m.s.f.DefaultMavenResourcesFiltering - Using platform encoding (UTF-8 actually) to copy filtered resources, i.e. build is platform dependent!
2025-11-21 21:39:11,337 [Worker-9: Building] INFO  o.a.m.s.f.DefaultMavenResourcesFiltering - skip non existing resourceDirectory C:\Users\syeds\OneDrive\Documents\Desktop\CHUBB\MavenDemo1\src\test\resources
2025-11-21 21:39:11,948 [Worker-9: Building] INFO  o.a.m.s.f.DefaultMavenResourcesFiltering - skip non existing resourceDirectory C:\Users\syeds\OneDrive\Documents\Desktop\CHUBB\MavenDemo2_HotelBooking\src\main\resources
2025-11-21 21:39:11,978 [Worker-9: Building] INFO  o.a.m.s.f.DefaultMavenResourcesFiltering - skip non existing resourceDirectory C:\Users\syeds\OneDrive\Documents\Desktop\CHUBB\MavenDemo2_HotelBooking\src\test\resources
2025-11-21 21:39:12,716 [Worker-9: Building] INFO  o.e.m.c.i.l.LifecycleMappingFactory - Using org.eclipse.m2e.jdt.JarLifecycleMapping lifecycle mapping for MavenProject: com.app:MavenDemo4_Logger:0.0.1-SNAPSHOT @ C:\Users\syeds\OneDrive\Documents\Desktop\CHUBB\MavenDemo3_Logger\pom.xml.
2025-11-21 21:39:13,196 [Worker-9: Building] WARN  o.a.m.s.f.DefaultMavenResourcesFiltering - Using platform encoding (UTF-8 actually) to copy filtered resources, i.e. build is platform dependent!
2025-11-21 21:39:13,204 [Worker-9: Building] INFO  o.a.m.s.f.DefaultMavenResourcesFiltering - Copying 0 resource from src\main\resources to target\classes
2025-11-21 21:39:13,215 [Worker-9: Building] WARN  o.a.m.s.f.DefaultMavenResourcesFiltering - Using platform encoding (UTF-8 actually) to copy filtered resources, i.e. build is platform dependent!
2025-11-21 21:39:13,224 [Worker-9: Building] INFO  o.a.m.s.f.DefaultMavenResourcesFiltering - Copying 0 resource from src\test\resources to target\test-classes
2025-11-21 21:39:16,521 [Worker-23: Building] WARN  o.a.m.s.f.DefaultMavenResourcesFiltering - Using platform encoding (UTF-8 actually) to copy filtered resources, i.e. build is platform dependent!
2025-11-21 21:39:16,527 [Worker-23: Building] INFO  o.a.m.s.f.DefaultMavenResourcesFiltering - Copying 0 resource from src\main\resources to target\classes
2025-11-21 21:39:16,535 [Worker-23: Building] WARN  o.a.m.s.f.DefaultMavenResourcesFiltering - Using platform encoding (UTF-8 actually) to copy filtered resources, i.e. build is platform dependent!
2025-11-21 21:39:16,541 [Worker-23: Building] INFO  o.a.m.s.f.DefaultMavenResourcesFiltering - Copying 0 resource from src\test\resources to target\test-classes
2025-11-21 21:39:17,312 [Worker-23: Building] INFO  o.e.m.c.i.l.LifecycleMappingFactory - Using org.eclipse.m2e.jdt.JarLifecycleMapping lifecycle mapping for MavenProject: com.app:MavenDemo4-Junit:0.0.1-SNAPSHOT @ C:\Users\syeds\OneDrive\Documents\Desktop\CHUBB\MavenDemo4-Junit\pom.xml.
2025-11-21 21:39:17,736 [Worker-23: Building] WARN  o.a.m.s.f.DefaultMavenResourcesFiltering - Using platform encoding (UTF-8 actually) to copy filtered resources, i.e. build is platform dependent!
2025-11-21 21:39:17,748 [Worker-23: Building] INFO  o.a.m.s.f.DefaultMavenResourcesFiltering - Copying 0 resource from src\main\resources to target\classes
2025-11-21 21:39:17,773 [Worker-23: Building] WARN  o.a.m.s.f.DefaultMavenResourcesFiltering - Using platform encoding (UTF-8 actually) to copy filtered resources, i.e. build is platform dependent!
2025-11-21 21:39:17,788 [Worker-23: Building] INFO  o.a.m.s.f.DefaultMavenResourcesFiltering - Copying 0 resource from src\test\resources to target\test-classes
2025-11-21 21:39:18,722 [Worker-2: Building] WARN  o.a.m.s.f.DefaultMavenResourcesFiltering - Using platform encoding (UTF-8 actually) to copy filtered resources, i.e. build is platform dependent!
2025-11-21 21:39:18,733 [Worker-2: Building] INFO  o.a.m.s.f.DefaultMavenResourcesFiltering - Copying 0 resource from src\main\resources to target\classes
2025-11-21 21:39:18,750 [Worker-2: Building] WARN  o.a.m.s.f.DefaultMavenResourcesFiltering - Using platform encoding (UTF-8 actually) to copy filtered resources, i.e. build is platform dependent!
2025-11-21 21:39:18,756 [Worker-2: Building] INFO  o.a.m.s.f.DefaultMavenResourcesFiltering - Copying 0 resource from src\test\resources to target\test-classes
2025-11-21 21:39:19,767 [Worker-2: Building] INFO  o.e.m.c.i.l.LifecycleMappingFactory - Using org.eclipse.m2e.jdt.JarLifecycleMapping lifecycle mapping for MavenProject: com.app:MavenDemo4_Logger:0.0.1-SNAPSHOT @ C:\Users\syeds\OneDrive\Documents\Desktop\CHUBB\MavenDemo4_Logger\pom.xml.
2025-11-21 21:39:20,271 [Worker-2: Building] WARN  o.a.m.s.f.DefaultMavenResourcesFiltering - Using platform encoding (UTF-8 actually) to copy filtered resources, i.e. build is platform dependent!
2025-11-21 21:39:20,280 [Worker-2: Building] INFO  o.a.m.s.f.DefaultMavenResourcesFiltering - Copying 0 resource from src\main\resources to target\classes
2025-11-21 21:39:20,292 [Worker-2: Building] WARN  o.a.m.s.f.DefaultMavenResourcesFiltering - Using platform encoding (UTF-8 actually) to copy filtered resources, i.e. build is platform dependent!
2025-11-21 21:39:20,301 [Worker-2: Building] INFO  o.a.m.s.f.DefaultMavenResourcesFiltering - Copying 0 resource from src\test\resources to target\test-classes
2025-11-21 21:39:21,279 [Worker-2: Building] INFO  o.e.m.c.i.l.LifecycleMappingFactory - Using org.eclipse.m2e.jdt.JarLifecycleMapping lifecycle mapping for MavenProject: com.app:MavenDemo5-FundTransferTest:0.0.1-SNAPSHOT @ C:\Users\syeds\OneDrive\Documents\Desktop\CHUBB\MavenDemo5-FundTransferTest\pom.xml.
2025-11-21 21:39:22,091 [Worker-2: Building] WARN  o.a.m.s.f.DefaultMavenResourcesFiltering - Using platform encoding (UTF-8 actually) to copy filtered resources, i.e. build is platform dependent!
2025-11-21 21:39:22,101 [Worker-2: Building] INFO  o.a.m.s.f.DefaultMavenResourcesFiltering - Copying 0 resource from src\main\resources to target\classes
2025-11-21 21:39:22,109 [Worker-2: Building] WARN  o.a.m.s.f.DefaultMavenResourcesFiltering - Using platform encoding (UTF-8 actually) to copy filtered resources, i.e. build is platform dependent!
2025-11-21 21:39:22,120 [Worker-2: Building] INFO  o.a.m.s.f.DefaultMavenResourcesFiltering - Copying 0 resource from src\test\resources to target\test-classes
2025-11-21 21:39:23,161 [Worker-2: Building] INFO  o.e.m.c.i.l.LifecycleMappingFactory - Using org.eclipse.m2e.jdt.JarLifecycleMapping lifecycle mapping for MavenProject: com.app:MavenDemo6-MockitoTest:0.0.1-SNAPSHOT @ C:\Users\syeds\OneDrive\Documents\Desktop\CHUBB\MavenDemo6-MockitoTest\pom.xml.
2025-11-21 21:39:24,774 [Worker-2: Building] INFO  o.a.m.s.f.DefaultMavenResourcesFiltering - Copying 0 resource from src\main\resources to target\classes
2025-11-21 21:39:24,797 [Worker-2: Building] INFO  o.a.m.s.f.DefaultMavenResourcesFiltering - Copying 0 resource from src\test\resources to target\test-classes
2025-11-21 21:39:25,629 [Worker-12: Building] WARN  o.a.m.s.f.DefaultMavenResourcesFiltering - Using platform encoding (UTF-8 actually) to copy filtered resources, i.e. build is platform dependent!
2025-11-21 21:39:25,637 [Worker-12: Building] INFO  o.a.m.s.f.DefaultMavenResourcesFiltering - Copying 0 resource from src\main\resources to target\classes
2025-11-21 21:39:25,644 [Worker-12: Building] WARN  o.a.m.s.f.DefaultMavenResourcesFiltering - Using platform encoding (UTF-8 actually) to copy filtered resources, i.e. build is platform dependent!
2025-11-21 21:39:25,652 [Worker-12: Building] INFO  o.a.m.s.f.DefaultMavenResourcesFiltering - Copying 0 resource from src\test\resources to target\test-classes
2025-11-21 21:39:26,163 [Worker-12: Building] WARN  o.a.m.s.f.DefaultMavenResourcesFiltering - Using platform encoding (UTF-8 actually) to copy filtered resources, i.e. build is platform dependent!
2025-11-21 21:39:26,167 [Worker-12: Building] INFO  o.a.m.s.f.DefaultMavenResourcesFiltering - Copying 0 resource from src\main\resources to target\classes
2025-11-21 21:39:26,173 [Worker-12: Building] WARN  o.a.m.s.f.DefaultMavenResourcesFiltering - Using platform encoding (UTF-8 actually) to copy filtered resources, i.e. build is platform dependent!
2025-11-21 21:39:26,177 [Worker-12: Building] INFO  o.a.m.s.f.DefaultMavenResourcesFiltering - Copying 0 resource from src\test\resources to target\test-classes
2025-11-21 21:39:26,673 [Worker-12: Building] INFO  o.a.m.s.f.DefaultMavenResourcesFiltering - Copying 0 resource from src\main\resources to target\classes
2025-11-21 21:39:26,692 [Worker-12: Building] INFO  o.a.m.s.f.DefaultMavenResourcesFiltering - Copying 0 resource from src\test\resources to target\test-classes
2025-11-22 09:43:06,133 [Worker-4: Loading available Gradle versions] INFO  o.e.b.c.i.u.g.PublishedGradleVersions - Gradle version information cache is up-to-date. Trying to read.
2025-11-22 09:46:53,679 [SonarLint Client RPC request executor] WARN  o.e.m.c.i.embedder.EclipseLogger - The artifact mysql:mysql-connector-java:jar:8.0.33 has been relocated to com.mysql:mysql-connector-j:jar:8.0.33: MySQL Connector/J artifacts moved to reverse-DNS compliant Maven 2+ coordinates.
2025-11-22 09:54:00,503 [Worker-5: Loading available Gradle versions] INFO  o.e.b.c.i.u.g.PublishedGradleVersions - Gradle version information cache is out-of-date. Trying to update.
2025-11-22 09:55:05,033 [SonarLint Client RPC request executor] WARN  o.e.m.c.i.embedder.EclipseLogger - The artifact mysql:mysql-connector-java:jar:8.0.33 has been relocated to com.mysql:mysql-connector-j:jar:8.0.33: MySQL Connector/J artifacts moved to reverse-DNS compliant Maven 2+ coordinates.
2025-11-22 11:37:45,688 [Worker-7: Loading available Gradle versions] INFO  o.e.b.c.i.u.g.PublishedGradleVersions - Gradle version information cache is up-to-date. Trying to read.
2025-11-22 11:39:23,840 [Worker-6: Loading available Gradle versions] INFO  o.e.b.c.i.u.g.PublishedGradleVersions - Gradle version information cache is up-to-date. Trying to read.
2025-11-22 11:40:07,148 [SonarLint Client RPC request executor] WARN  o.e.m.c.i.embedder.EclipseLogger - The artifact mysql:mysql-connector-java:jar:8.0.33 has been relocated to com.mysql:mysql-connector-j:jar:8.0.33: MySQL Connector/J artifacts moved to reverse-DNS compliant Maven 2+ coordinates.
2025-11-22 11:47:55,955 [Worker-35: Importing Maven projects] INFO  o.e.m.c.i.e.AbstractTransferListenerAdapter - Downloading https://repo.spring.io/snapshot/org/springframework/boot/spring-boot-starter-parent/4.0.1-SNAPSHOT/maven-metadata.xml
2025-11-22 11:47:55,971 [Worker-35: Importing Maven projects] INFO  o.e.m.c.i.e.AbstractTransferListenerAdapter - Downloaded https://repo.spring.io/snapshot/org/springframework/boot/spring-boot-starter-parent/4.0.1-SNAPSHOT/maven-metadata.xml
2025-11-22 11:47:56,239 [Worker-35: Importing Maven projects] INFO  o.e.m.c.i.e.AbstractTransferListenerAdapter - Downloading https://repo.spring.io/snapshot/org/springframework/boot/spring-boot-starter-parent/4.0.1-SNAPSHOT/spring-boot-starter-parent-4.0.1-20251122.011621-8.pom
2025-11-22 11:47:56,467 [Worker-35: Importing Maven projects] INFO  o.e.m.c.i.e.AbstractTransferListenerAdapter - Downloaded https://repo.spring.io/snapshot/org/springframework/boot/spring-boot-starter-parent/4.0.1-SNAPSHOT/spring-boot-starter-parent-4.0.1-20251122.011621-8.pom
2025-11-22 11:47:56,726 [Worker-35: Importing Maven projects] INFO  o.e.m.c.i.e.AbstractTransferListenerAdapter - Downloading https://repo.spring.io/snapshot/org/springframework/boot/spring-boot-dependencies/4.0.1-SNAPSHOT/maven-metadata.xml
2025-11-22 11:47:56,734 [Worker-35: Importing Maven projects] INFO  o.e.m.c.i.e.AbstractTransferListenerAdapter - Downloaded https://repo.spring.io/snapshot/org/springframework/boot/spring-boot-dependencies/4.0.1-SNAPSHOT/maven-metadata.xml
2025-11-22 11:47:56,978 [Worker-35: Importing Maven projects] INFO  o.e.m.c.i.e.AbstractTransferListenerAdapter - Downloading https://repo.spring.io/snapshot/org/springframework/boot/spring-boot-dependencies/4.0.1-SNAPSHOT/spring-boot-dependencies-4.0.1-20251122.011621-8.pom
2025-11-22 11:47:57,468 [Worker-35: Importing Maven projects] INFO  o.e.m.c.i.e.AbstractTransferListenerAdapter - Downloaded https://repo.spring.io/snapshot/org/springframework/boot/spring-boot-dependencies/4.0.1-SNAPSHOT/spring-boot-dependencies-4.0.1-20251122.011621-8.pom
2025-11-22 11:47:58,495 [Worker-35: Importing Maven projects] INFO  o.e.m.c.i.e.AbstractTransferListenerAdapter - Downloading https://repo.spring.io/snapshot/org/springframework/boot/spring-boot-maven-plugin/4.0.1-SNAPSHOT/maven-metadata.xml
2025-11-22 11:47:58,507 [Worker-35: Importing Maven projects] INFO  o.e.m.c.i.e.AbstractTransferListenerAdapter - Downloaded https://repo.spring.io/snapshot/org/springframework/boot/spring-boot-maven-plugin/4.0.1-SNAPSHOT/maven-metadata.xml
2025-11-22 11:47:58,755 [Worker-35: Importing Maven projects] INFO  o.e.m.c.i.e.AbstractTransferListenerAdapter - Downloading https://repo.spring.io/snapshot/org/springframework/boot/spring-boot-maven-plugin/4.0.1-SNAPSHOT/spring-boot-maven-plugin-4.0.1-20251122.011621-8.pom
2025-11-22 11:47:58,769 [Worker-35: Importing Maven projects] INFO  o.e.m.c.i.e.AbstractTransferListenerAdapter - Downloaded https://repo.spring.io/snapshot/org/springframework/boot/spring-boot-maven-plugin/4.0.1-SNAPSHOT/spring-boot-maven-plugin-4.0.1-20251122.011621-8.pom
2025-11-22 11:47:59,029 [Worker-35: Importing Maven projects] INFO  o.e.m.c.i.e.AbstractTransferListenerAdapter - Downloading https://repo.spring.io/snapshot/org/springframework/boot/spring-boot-maven-plugin/4.0.1-SNAPSHOT/spring-boot-maven-plugin-4.0.1-20251122.011621-8.jar
2025-11-22 11:47:59,515 [Worker-35: Importing Maven projects] INFO  o.e.m.c.i.e.AbstractTransferListenerAdapter - Downloaded https://repo.spring.io/snapshot/org/springframework/boot/spring-boot-maven-plugin/4.0.1-SNAPSHOT/spring-boot-maven-plugin-4.0.1-20251122.011621-8.jar
2025-11-22 11:48:00,204 [Worker-35: Importing Maven projects] INFO  o.e.m.c.i.l.LifecycleMappingFactory - Using org.eclipse.m2e.jdt.JarLifecycleMapping lifecycle mapping for MavenProject: com.app:demo:0.0.1-SNAPSHOT @ C:\Users\syeds\Downloads\demo\demo\pom.xml.
2025-11-22 11:48:00,457 [Worker-35: Importing Maven projects] INFO  o.e.m.c.i.e.AbstractTransferListenerAdapter - Downloading https://repo.spring.io/snapshot/org/springframework/boot/spring-boot-starter-data-mongodb-reactive/4.0.1-SNAPSHOT/maven-metadata.xml
2025-11-22 11:48:00,467 [Worker-35: Importing Maven projects] INFO  o.e.m.c.i.e.AbstractTransferListenerAdapter - Downloaded https://repo.spring.io/snapshot/org/springframework/boot/spring-boot-starter-data-mongodb-reactive/4.0.1-SNAPSHOT/maven-metadata.xml
2025-11-22 11:48:00,715 [Worker-35: Importing Maven projects] INFO  o.e.m.c.i.e.AbstractTransferListenerAdapter - Downloading https://repo.spring.io/snapshot/org/springframework/boot/spring-boot-starter-data-mongodb-reactive/4.0.1-SNAPSHOT/spring-boot-starter-data-mongodb-reactive-4.0.1-20251122.011621-8.pom
2025-11-22 11:48:00,726 [Worker-35: Importing Maven projects] INFO  o.e.m.c.i.e.AbstractTransferListenerAdapter - Downloaded https://repo.spring.io/snapshot/org/springframework/boot/spring-boot-starter-data-mongodb-reactive/4.0.1-SNAPSHOT/spring-boot-starter-data-mongodb-reactive-4.0.1-20251122.011621-8.pom
2025-11-22 11:48:00,982 [Worker-35: Importing Maven projects] INFO  o.e.m.c.i.e.AbstractTransferListenerAdapter - Downloading https://repo.spring.io/snapshot/org/springframework/boot/spring-boot-starter-mongodb/4.0.1-SNAPSHOT/maven-metadata.xml
2025-11-22 11:48:00,992 [Worker-35: Importing Maven projects] INFO  o.e.m.c.i.e.AbstractTransferListenerAdapter - Downloaded https://repo.spring.io/snapshot/org/springframework/boot/spring-boot-starter-mongodb/4.0.1-SNAPSHOT/maven-metadata.xml
2025-11-22 11:48:01,238 [Worker-35: Importing Maven projects] INFO  o.e.m.c.i.e.AbstractTransferListenerAdapter - Downloading https://repo.spring.io/snapshot/org/springframework/boot/spring-boot-starter-mongodb/4.0.1-SNAPSHOT/spring-boot-starter-mongodb-4.0.1-20251122.011621-8.pom
2025-11-22 11:48:01,246 [Worker-35: Importing Maven projects] INFO  o.e.m.c.i.e.AbstractTransferListenerAdapter - Downloaded https://repo.spring.io/snapshot/org/springframework/boot/spring-boot-starter-mongodb/4.0.1-SNAPSHOT/spring-boot-starter-mongodb-4.0.1-20251122.011621-8.pom
2025-11-22 11:48:01,507 [Worker-35: Importing Maven projects] INFO  o.e.m.c.i.e.AbstractTransferListenerAdapter - Downloading https://repo.spring.io/snapshot/org/springframework/boot/spring-boot-starter/4.0.1-SNAPSHOT/maven-metadata.xml
2025-11-22 11:48:01,517 [Worker-35: Importing Maven projects] INFO  o.e.m.c.i.e.AbstractTransferListenerAdapter - Downloaded https://repo.spring.io/snapshot/org/springframework/boot/spring-boot-starter/4.0.1-SNAPSHOT/maven-metadata.xml
2025-11-22 11:48:01,768 [Worker-35: Importing Maven projects] INFO  o.e.m.c.i.e.AbstractTransferListenerAdapter - Downloading https://repo.spring.io/snapshot/org/springframework/boot/spring-boot-starter/4.0.1-SNAPSHOT/spring-boot-starter-4.0.1-20251122.011621-8.pom
2025-11-22 11:48:01,776 [Worker-35: Importing Maven projects] INFO  o.e.m.c.i.e.AbstractTransferListenerAdapter - Downloaded https://repo.spring.io/snapshot/org/springframework/boot/spring-boot-starter/4.0.1-SNAPSHOT/spring-boot-starter-4.0.1-20251122.011621-8.pom
2025-11-22 11:48:02,031 [Worker-35: Importing Maven projects] INFO  o.e.m.c.i.e.AbstractTransferListenerAdapter - Downloading https://repo.spring.io/snapshot/org/springframework/boot/spring-boot-starter-logging/4.0.1-SNAPSHOT/maven-metadata.xml
2025-11-22 11:48:02,046 [Worker-35: Importing Maven projects] INFO  o.e.m.c.i.e.AbstractTransferListenerAdapter - Downloaded https://repo.spring.io/snapshot/org/springframework/boot/spring-boot-starter-logging/4.0.1-SNAPSHOT/maven-metadata.xml
2025-11-22 11:48:02,301 [Worker-35: Importing Maven projects] INFO  o.e.m.c.i.e.AbstractTransferListenerAdapter - Downloading https://repo.spring.io/snapshot/org/springframework/boot/spring-boot-starter-logging/4.0.1-SNAPSHOT/spring-boot-starter-logging-4.0.1-20251122.011621-8.pom
2025-11-22 11:48:02,306 [Worker-35: Importing Maven projects] INFO  o.e.m.c.i.e.AbstractTransferListenerAdapter - Downloaded https://repo.spring.io/snapshot/org/springframework/boot/spring-boot-starter-logging/4.0.1-SNAPSHOT/spring-boot-starter-logging-4.0.1-20251122.011621-8.pom
2025-11-22 11:48:02,611 [Worker-35: Importing Maven projects] INFO  o.e.m.c.i.e.AbstractTransferListenerAdapter - Downloading https://repo.spring.io/snapshot/org/springframework/boot/spring-boot-autoconfigure/4.0.1-SNAPSHOT/maven-metadata.xml
2025-11-22 11:48:02,622 [Worker-35: Importing Maven projects] INFO  o.e.m.c.i.e.AbstractTransferListenerAdapter - Downloaded https://repo.spring.io/snapshot/org/springframework/boot/spring-boot-autoconfigure/4.0.1-SNAPSHOT/maven-metadata.xml
2025-11-22 11:48:02,875 [Worker-35: Importing Maven projects] INFO  o.e.m.c.i.e.AbstractTransferListenerAdapter - Downloading https://repo.spring.io/snapshot/org/springframework/boot/spring-boot-autoconfigure/4.0.1-SNAPSHOT/spring-boot-autoconfigure-4.0.1-20251122.011621-8.pom
2025-11-22 11:48:02,893 [Worker-35: Importing Maven projects] INFO  o.e.m.c.i.e.AbstractTransferListenerAdapter - Downloaded https://repo.spring.io/snapshot/org/springframework/boot/spring-boot-autoconfigure/4.0.1-SNAPSHOT/spring-boot-autoconfigure-4.0.1-20251122.011621-8.pom
2025-11-22 11:48:03,152 [Worker-35: Importing Maven projects] INFO  o.e.m.c.i.e.AbstractTransferListenerAdapter - Downloading https://repo.spring.io/snapshot/org/springframework/boot/spring-boot/4.0.1-SNAPSHOT/maven-metadata.xml
2025-11-22 11:48:03,160 [Worker-35: Importing Maven projects] INFO  o.e.m.c.i.e.AbstractTransferListenerAdapter - Downloaded https://repo.spring.io/snapshot/org/springframework/boot/spring-boot/4.0.1-SNAPSHOT/maven-metadata.xml
2025-11-22 11:48:03,404 [Worker-35: Importing Maven projects] INFO  o.e.m.c.i.e.AbstractTransferListenerAdapter - Downloading https://repo.spring.io/snapshot/org/springframework/boot/spring-boot/4.0.1-SNAPSHOT/spring-boot-4.0.1-20251122.011621-8.pom
2025-11-22 11:48:03,413 [Worker-35: Importing Maven projects] INFO  o.e.m.c.i.e.AbstractTransferListenerAdapter - Downloaded https://repo.spring.io/snapshot/org/springframework/boot/spring-boot/4.0.1-SNAPSHOT/spring-boot-4.0.1-20251122.011621-8.pom
2025-11-22 11:48:03,754 [Worker-35: Importing Maven projects] INFO  o.e.m.c.i.e.AbstractTransferListenerAdapter - Downloading https://repo.spring.io/snapshot/org/springframework/boot/spring-boot-mongodb/4.0.1-SNAPSHOT/maven-metadata.xml
2025-11-22 11:48:03,762 [Worker-35: Importing Maven projects] INFO  o.e.m.c.i.e.AbstractTransferListenerAdapter - Downloaded https://repo.spring.io/snapshot/org/springframework/boot/spring-boot-mongodb/4.0.1-SNAPSHOT/maven-metadata.xml
2025-11-22 11:48:04,011 [Worker-35: Importing Maven projects] INFO  o.e.m.c.i.e.AbstractTransferListenerAdapter - Downloading https://repo.spring.io/snapshot/org/springframework/boot/spring-boot-mongodb/4.0.1-SNAPSHOT/spring-boot-mongodb-4.0.1-20251122.011621-8.pom
2025-11-22 11:48:04,026 [Worker-35: Importing Maven projects] INFO  o.e.m.c.i.e.AbstractTransferListenerAdapter - Downloaded https://repo.spring.io/snapshot/org/springframework/boot/spring-boot-mongodb/4.0.1-SNAPSHOT/spring-boot-mongodb-4.0.1-20251122.011621-8.pom
2025-11-22 11:48:04,226 [Worker-35: Importing Maven projects] INFO  o.e.m.c.i.e.AbstractTransferListenerAdapter - Downloading https://repo.maven.apache.org/maven2/org/mongodb/mongodb-driver-sync/5.6.1/mongodb-driver-sync-5.6.1.pom
2025-11-22 11:48:04,241 [Worker-35: Importing Maven projects] INFO  o.e.m.c.i.e.AbstractTransferListenerAdapter - Downloaded https://repo.maven.apache.org/maven2/org/mongodb/mongodb-driver-sync/5.6.1/mongodb-driver-sync-5.6.1.pom
2025-11-22 11:48:04,315 [Worker-35: Importing Maven projects] INFO  o.e.m.c.i.e.AbstractTransferListenerAdapter - Downloading https://repo.maven.apache.org/maven2/org/mongodb/bson/5.6.1/bson-5.6.1.pom
2025-11-22 11:48:04,325 [Worker-35: Importing Maven projects] INFO  o.e.m.c.i.e.AbstractTransferListenerAdapter - Downloaded https://repo.maven.apache.org/maven2/org/mongodb/bson/5.6.1/bson-5.6.1.pom
2025-11-22 11:48:04,383 [Worker-35: Importing Maven projects] INFO  o.e.m.c.i.e.AbstractTransferListenerAdapter - Downloading https://repo.maven.apache.org/maven2/org/mongodb/mongodb-driver-core/5.6.1/mongodb-driver-core-5.6.1.pom
2025-11-22 11:48:04,397 [Worker-35: Importing Maven projects] INFO  o.e.m.c.i.e.AbstractTransferListenerAdapter - Downloaded https://repo.maven.apache.org/maven2/org/mongodb/mongodb-driver-core/5.6.1/mongodb-driver-core-5.6.1.pom
2025-11-22 11:48:04,492 [Worker-35: Importing Maven projects] INFO  o.e.m.c.i.e.AbstractTransferListenerAdapter - Downloading https://repo.maven.apache.org/maven2/org/mongodb/bson-record-codec/5.6.1/bson-record-codec-5.6.1.pom
2025-11-22 11:48:04,500 [Worker-35: Importing Maven projects] INFO  o.e.m.c.i.e.AbstractTransferListenerAdapter - Downloaded https://repo.maven.apache.org/maven2/org/mongodb/bson-record-codec/5.6.1/bson-record-codec-5.6.1.pom
2025-11-22 11:48:04,751 [Worker-35: Importing Maven projects] INFO  o.e.m.c.i.e.AbstractTransferListenerAdapter - Downloading https://repo.spring.io/snapshot/org/springframework/boot/spring-boot-data-mongodb/4.0.1-SNAPSHOT/maven-metadata.xml
2025-11-22 11:48:04,762 [Worker-35: Importing Maven projects] INFO  o.e.m.c.i.e.AbstractTransferListenerAdapter - Downloaded https://repo.spring.io/snapshot/org/springframework/boot/spring-boot-data-mongodb/4.0.1-SNAPSHOT/maven-metadata.xml
2025-11-22 11:48:05,012 [Worker-35: Importing Maven projects] INFO  o.e.m.c.i.e.AbstractTransferListenerAdapter - Downloading https://repo.spring.io/snapshot/org/springframework/boot/spring-boot-data-mongodb/4.0.1-SNAPSHOT/spring-boot-data-mongodb-4.0.1-20251122.011621-8.pom
2025-11-22 11:48:05,020 [Worker-35: Importing Maven projects] INFO  o.e.m.c.i.e.AbstractTransferListenerAdapter - Downloaded https://repo.spring.io/snapshot/org/springframework/boot/spring-boot-data-mongodb/4.0.1-SNAPSHOT/spring-boot-data-mongodb-4.0.1-20251122.011621-8.pom
2025-11-22 11:48:05,273 [Worker-35: Importing Maven projects] INFO  o.e.m.c.i.e.AbstractTransferListenerAdapter - Downloading https://repo.spring.io/snapshot/org/springframework/boot/spring-boot-data-commons/4.0.1-SNAPSHOT/maven-metadata.xml
2025-11-22 11:48:05,284 [Worker-35: Importing Maven projects] INFO  o.e.m.c.i.e.AbstractTransferListenerAdapter - Downloaded https://repo.spring.io/snapshot/org/springframework/boot/spring-boot-data-commons/4.0.1-SNAPSHOT/maven-metadata.xml
2025-11-22 11:48:05,535 [Worker-35: Importing Maven projects] INFO  o.e.m.c.i.e.AbstractTransferListenerAdapter - Downloading https://repo.spring.io/snapshot/org/springframework/boot/spring-boot-data-commons/4.0.1-SNAPSHOT/spring-boot-data-commons-4.0.1-20251122.011621-8.pom
2025-11-22 11:48:05,544 [Worker-35: Importing Maven projects] INFO  o.e.m.c.i.e.AbstractTransferListenerAdapter - Downloaded https://repo.spring.io/snapshot/org/springframework/boot/spring-boot-data-commons/4.0.1-SNAPSHOT/spring-boot-data-commons-4.0.1-20251122.011621-8.pom
2025-11-22 11:48:05,798 [Worker-35: Importing Maven projects] INFO  o.e.m.c.i.e.AbstractTransferListenerAdapter - Downloading https://repo.spring.io/snapshot/org/springframework/boot/spring-boot-persistence/4.0.1-SNAPSHOT/maven-metadata.xml
2025-11-22 11:48:05,810 [Worker-35: Importing Maven projects] INFO  o.e.m.c.i.e.AbstractTransferListenerAdapter - Downloaded https://repo.spring.io/snapshot/org/springframework/boot/spring-boot-persistence/4.0.1-SNAPSHOT/maven-metadata.xml
2025-11-22 11:48:06,055 [Worker-35: Importing Maven projects] INFO  o.e.m.c.i.e.AbstractTransferListenerAdapter - Downloading https://repo.spring.io/snapshot/org/springframework/boot/spring-boot-persistence/4.0.1-SNAPSHOT/spring-boot-persistence-4.0.1-20251122.011621-8.pom
2025-11-22 11:48:06,067 [Worker-35: Importing Maven projects] INFO  o.e.m.c.i.e.AbstractTransferListenerAdapter - Downloaded https://repo.spring.io/snapshot/org/springframework/boot/spring-boot-persistence/4.0.1-SNAPSHOT/spring-boot-persistence-4.0.1-20251122.011621-8.pom
2025-11-22 11:48:06,374 [Worker-35: Importing Maven projects] INFO  o.e.m.c.i.e.AbstractTransferListenerAdapter - Downloading https://repo.spring.io/snapshot/org/springframework/boot/spring-boot-transaction/4.0.1-SNAPSHOT/maven-metadata.xml
2025-11-22 11:48:06,385 [Worker-35: Importing Maven projects] INFO  o.e.m.c.i.e.AbstractTransferListenerAdapter - Downloaded https://repo.spring.io/snapshot/org/springframework/boot/spring-boot-transaction/4.0.1-SNAPSHOT/maven-metadata.xml
2025-11-22 11:48:06,632 [Worker-35: Importing Maven projects] INFO  o.e.m.c.i.e.AbstractTransferListenerAdapter - Downloading https://repo.spring.io/snapshot/org/springframework/boot/spring-boot-transaction/4.0.1-SNAPSHOT/spring-boot-transaction-4.0.1-20251122.011621-8.pom
2025-11-22 11:48:06,641 [Worker-35: Importing Maven projects] INFO  o.e.m.c.i.e.AbstractTransferListenerAdapter - Downloaded https://repo.spring.io/snapshot/org/springframework/boot/spring-boot-transaction/4.0.1-SNAPSHOT/spring-boot-transaction-4.0.1-20251122.011621-8.pom
2025-11-22 11:48:06,712 [Worker-35: Importing Maven projects] INFO  o.e.m.c.i.e.AbstractTransferListenerAdapter - Downloading https://repo.maven.apache.org/maven2/org/springframework/data/spring-data-mongodb/5.0.0/spring-data-mongodb-5.0.0.pom
2025-11-22 11:48:06,721 [Worker-35: Importing Maven projects] INFO  o.e.m.c.i.e.AbstractTransferListenerAdapter - Downloaded https://repo.maven.apache.org/maven2/org/springframework/data/spring-data-mongodb/5.0.0/spring-data-mongodb-5.0.0.pom
2025-11-22 11:48:06,777 [Worker-35: Importing Maven projects] INFO  o.e.m.c.i.e.AbstractTransferListenerAdapter - Downloading https://repo.maven.apache.org/maven2/org/springframework/data/spring-data-mongodb-parent/5.0.0/spring-data-mongodb-parent-5.0.0.pom
2025-11-22 11:48:06,785 [Worker-35: Importing Maven projects] INFO  o.e.m.c.i.e.AbstractTransferListenerAdapter - Downloaded https://repo.maven.apache.org/maven2/org/springframework/data/spring-data-mongodb-parent/5.0.0/spring-data-mongodb-parent-5.0.0.pom
2025-11-22 11:48:07,041 [Worker-35: Importing Maven projects] INFO  o.e.m.c.i.e.AbstractTransferListenerAdapter - Downloading https://repo.spring.io/snapshot/org/springframework/boot/spring-boot-reactor/4.0.1-SNAPSHOT/maven-metadata.xml
2025-11-22 11:48:07,048 [Worker-35: Importing Maven projects] INFO  o.e.m.c.i.e.AbstractTransferListenerAdapter - Downloaded https://repo.spring.io/snapshot/org/springframework/boot/spring-boot-reactor/4.0.1-SNAPSHOT/maven-metadata.xml
2025-11-22 11:48:07,321 [Worker-35: Importing Maven projects] INFO  o.e.m.c.i.e.AbstractTransferListenerAdapter - Downloading https://repo.spring.io/snapshot/org/springframework/boot/spring-boot-reactor/4.0.1-SNAPSHOT/spring-boot-reactor-4.0.1-20251122.011621-8.pom
2025-11-22 11:48:07,330 [Worker-35: Importing Maven projects] INFO  o.e.m.c.i.e.AbstractTransferListenerAdapter - Downloaded https://repo.spring.io/snapshot/org/springframework/boot/spring-boot-reactor/4.0.1-SNAPSHOT/spring-boot-reactor-4.0.1-20251122.011621-8.pom
2025-11-22 11:48:07,410 [Worker-35: Importing Maven projects] INFO  o.e.m.c.i.e.AbstractTransferListenerAdapter - Downloading https://repo.maven.apache.org/maven2/org/mongodb/mongodb-driver-reactivestreams/5.6.1/mongodb-driver-reactivestreams-5.6.1.pom
2025-11-22 11:48:07,418 [Worker-35: Importing Maven projects] INFO  o.e.m.c.i.e.AbstractTransferListenerAdapter - Downloaded https://repo.maven.apache.org/maven2/org/mongodb/mongodb-driver-reactivestreams/5.6.1/mongodb-driver-reactivestreams-5.6.1.pom
2025-11-22 11:48:07,480 [Worker-35: Importing Maven projects] INFO  o.e.m.c.i.e.AbstractTransferListenerAdapter - Downloading https://repo.maven.apache.org/maven2/io/projectreactor/reactor-bom/2022.0.0/reactor-bom-2022.0.0.pom
2025-11-22 11:48:07,492 [Worker-35: Importing Maven projects] INFO  o.e.m.c.i.e.AbstractTransferListenerAdapter - Downloaded https://repo.maven.apache.org/maven2/io/projectreactor/reactor-bom/2022.0.0/reactor-bom-2022.0.0.pom
2025-11-22 11:48:07,746 [Worker-35: Importing Maven projects] INFO  o.e.m.c.i.e.AbstractTransferListenerAdapter - Downloading https://repo.spring.io/snapshot/org/springframework/boot/spring-boot-starter-webflux/4.0.1-SNAPSHOT/maven-metadata.xml
2025-11-22 11:48:07,759 [Worker-35: Importing Maven projects] INFO  o.e.m.c.i.e.AbstractTransferListenerAdapter - Downloaded https://repo.spring.io/snapshot/org/springframework/boot/spring-boot-starter-webflux/4.0.1-SNAPSHOT/maven-metadata.xml
2025-11-22 11:48:08,008 [Worker-35: Importing Maven projects] INFO  o.e.m.c.i.e.AbstractTransferListenerAdapter - Downloading https://repo.spring.io/snapshot/org/springframework/boot/spring-boot-starter-webflux/4.0.1-SNAPSHOT/spring-boot-starter-webflux-4.0.1-20251122.011621-8.pom
2025-11-22 11:48:08,027 [Worker-35: Importing Maven projects] INFO  o.e.m.c.i.e.AbstractTransferListenerAdapter - Downloaded https://repo.spring.io/snapshot/org/springframework/boot/spring-boot-starter-webflux/4.0.1-SNAPSHOT/spring-boot-starter-webflux-4.0.1-20251122.011621-8.pom
2025-11-22 11:48:08,289 [Worker-35: Importing Maven projects] INFO  o.e.m.c.i.e.AbstractTransferListenerAdapter - Downloading https://repo.spring.io/snapshot/org/springframework/boot/spring-boot-starter-jackson/4.0.1-SNAPSHOT/maven-metadata.xml
2025-11-22 11:48:08,298 [Worker-35: Importing Maven projects] INFO  o.e.m.c.i.e.AbstractTransferListenerAdapter - Downloaded https://repo.spring.io/snapshot/org/springframework/boot/spring-boot-starter-jackson/4.0.1-SNAPSHOT/maven-metadata.xml
2025-11-22 11:48:08,555 [Worker-35: Importing Maven projects] INFO  o.e.m.c.i.e.AbstractTransferListenerAdapter - Downloading https://repo.spring.io/snapshot/org/springframework/boot/spring-boot-starter-jackson/4.0.1-SNAPSHOT/spring-boot-starter-jackson-4.0.1-20251122.011621-8.pom
2025-11-22 11:48:08,569 [Worker-35: Importing Maven projects] INFO  o.e.m.c.i.e.AbstractTransferListenerAdapter - Downloaded https://repo.spring.io/snapshot/org/springframework/boot/spring-boot-starter-jackson/4.0.1-SNAPSHOT/spring-boot-starter-jackson-4.0.1-20251122.011621-8.pom
2025-11-22 11:48:08,833 [Worker-35: Importing Maven projects] INFO  o.e.m.c.i.e.AbstractTransferListenerAdapter - Downloading https://repo.spring.io/snapshot/org/springframework/boot/spring-boot-jackson/4.0.1-SNAPSHOT/maven-metadata.xml
2025-11-22 11:48:08,845 [Worker-35: Importing Maven projects] INFO  o.e.m.c.i.e.AbstractTransferListenerAdapter - Downloaded https://repo.spring.io/snapshot/org/springframework/boot/spring-boot-jackson/4.0.1-SNAPSHOT/maven-metadata.xml
2025-11-22 11:48:09,096 [Worker-35: Importing Maven projects] INFO  o.e.m.c.i.e.AbstractTransferListenerAdapter - Downloading https://repo.spring.io/snapshot/org/springframework/boot/spring-boot-jackson/4.0.1-SNAPSHOT/spring-boot-jackson-4.0.1-20251122.011621-8.pom
2025-11-22 11:48:09,111 [Worker-35: Importing Maven projects] INFO  o.e.m.c.i.e.AbstractTransferListenerAdapter - Downloaded https://repo.spring.io/snapshot/org/springframework/boot/spring-boot-jackson/4.0.1-SNAPSHOT/spring-boot-jackson-4.0.1-20251122.011621-8.pom
2025-11-22 11:48:09,405 [Worker-35: Importing Maven projects] INFO  o.e.m.c.i.e.AbstractTransferListenerAdapter - Downloading https://repo.spring.io/snapshot/org/springframework/boot/spring-boot-starter-reactor-netty/4.0.1-SNAPSHOT/maven-metadata.xml
2025-11-22 11:48:09,415 [Worker-35: Importing Maven projects] INFO  o.e.m.c.i.e.AbstractTransferListenerAdapter - Downloaded https://repo.spring.io/snapshot/org/springframework/boot/spring-boot-starter-reactor-netty/4.0.1-SNAPSHOT/maven-metadata.xml
2025-11-22 11:48:09,709 [Worker-35: Importing Maven projects] INFO  o.e.m.c.i.e.AbstractTransferListenerAdapter - Downloading https://repo.spring.io/snapshot/org/springframework/boot/spring-boot-starter-reactor-netty/4.0.1-SNAPSHOT/spring-boot-starter-reactor-netty-4.0.1-20251122.011621-8.pom
2025-11-22 11:48:09,719 [Worker-35: Importing Maven projects] INFO  o.e.m.c.i.e.AbstractTransferListenerAdapter - Downloaded https://repo.spring.io/snapshot/org/springframework/boot/spring-boot-starter-reactor-netty/4.0.1-SNAPSHOT/spring-boot-starter-reactor-netty-4.0.1-20251122.011621-8.pom
2025-11-22 11:48:09,978 [Worker-35: Importing Maven projects] INFO  o.e.m.c.i.e.AbstractTransferListenerAdapter - Downloading https://repo.spring.io/snapshot/org/springframework/boot/spring-boot-reactor-netty/4.0.1-SNAPSHOT/maven-metadata.xml
2025-11-22 11:48:09,988 [Worker-35: Importing Maven projects] INFO  o.e.m.c.i.e.AbstractTransferListenerAdapter - Downloaded https://repo.spring.io/snapshot/org/springframework/boot/spring-boot-reactor-netty/4.0.1-SNAPSHOT/maven-metadata.xml
2025-11-22 11:48:10,236 [Worker-35: Importing Maven projects] INFO  o.e.m.c.i.e.AbstractTransferListenerAdapter - Downloading https://repo.spring.io/snapshot/org/springframework/boot/spring-boot-reactor-netty/4.0.1-SNAPSHOT/spring-boot-reactor-netty-4.0.1-20251122.011621-8.pom
2025-11-22 11:48:10,248 [Worker-35: Importing Maven projects] INFO  o.e.m.c.i.e.AbstractTransferListenerAdapter - Downloaded https://repo.spring.io/snapshot/org/springframework/boot/spring-boot-reactor-netty/4.0.1-SNAPSHOT/spring-boot-reactor-netty-4.0.1-20251122.011621-8.pom
2025-11-22 11:48:10,503 [Worker-35: Importing Maven projects] INFO  o.e.m.c.i.e.AbstractTransferListenerAdapter - Downloading https://repo.spring.io/snapshot/org/springframework/boot/spring-boot-web-server/4.0.1-SNAPSHOT/maven-metadata.xml
2025-11-22 11:48:10,516 [Worker-35: Importing Maven projects] INFO  o.e.m.c.i.e.AbstractTransferListenerAdapter - Downloaded https://repo.spring.io/snapshot/org/springframework/boot/spring-boot-web-server/4.0.1-SNAPSHOT/maven-metadata.xml
2025-11-22 11:48:10,767 [Worker-35: Importing Maven projects] INFO  o.e.m.c.i.e.AbstractTransferListenerAdapter - Downloading https://repo.spring.io/snapshot/org/springframework/boot/spring-boot-web-server/4.0.1-SNAPSHOT/spring-boot-web-server-4.0.1-20251122.011621-8.pom
2025-11-22 11:48:10,779 [Worker-35: Importing Maven projects] INFO  o.e.m.c.i.e.AbstractTransferListenerAdapter - Downloaded https://repo.spring.io/snapshot/org/springframework/boot/spring-boot-web-server/4.0.1-SNAPSHOT/spring-boot-web-server-4.0.1-20251122.011621-8.pom
2025-11-22 11:48:11,240 [Worker-35: Importing Maven projects] INFO  o.e.m.c.i.e.AbstractTransferListenerAdapter - Downloading https://repo.spring.io/snapshot/org/springframework/boot/spring-boot-netty/4.0.1-SNAPSHOT/maven-metadata.xml
2025-11-22 11:48:11,248 [Worker-35: Importing Maven projects] INFO  o.e.m.c.i.e.AbstractTransferListenerAdapter - Downloaded https://repo.spring.io/snapshot/org/springframework/boot/spring-boot-netty/4.0.1-SNAPSHOT/maven-metadata.xml
2025-11-22 11:48:11,495 [Worker-35: Importing Maven projects] INFO  o.e.m.c.i.e.AbstractTransferListenerAdapter - Downloading https://repo.spring.io/snapshot/org/springframework/boot/spring-boot-netty/4.0.1-SNAPSHOT/spring-boot-netty-4.0.1-20251122.011621-8.pom
2025-11-22 11:48:11,503 [Worker-35: Importing Maven projects] INFO  o.e.m.c.i.e.AbstractTransferListenerAdapter - Downloaded https://repo.spring.io/snapshot/org/springframework/boot/spring-boot-netty/4.0.1-SNAPSHOT/spring-boot-netty-4.0.1-20251122.011621-8.pom
2025-11-22 11:48:11,761 [Worker-35: Importing Maven projects] INFO  o.e.m.c.i.e.AbstractTransferListenerAdapter - Downloading https://repo.spring.io/snapshot/org/springframework/boot/spring-boot-webflux/4.0.1-SNAPSHOT/maven-metadata.xml
2025-11-22 11:48:11,768 [Worker-35: Importing Maven projects] INFO  o.e.m.c.i.e.AbstractTransferListenerAdapter - Downloaded https://repo.spring.io/snapshot/org/springframework/boot/spring-boot-webflux/4.0.1-SNAPSHOT/maven-metadata.xml
2025-11-22 11:48:12,026 [Worker-35: Importing Maven projects] INFO  o.e.m.c.i.e.AbstractTransferListenerAdapter - Downloading https://repo.spring.io/snapshot/org/springframework/boot/spring-boot-webflux/4.0.1-SNAPSHOT/spring-boot-webflux-4.0.1-20251122.011621-8.pom
2025-11-22 11:48:12,038 [Worker-35: Importing Maven projects] INFO  o.e.m.c.i.e.AbstractTransferListenerAdapter - Downloaded https://repo.spring.io/snapshot/org/springframework/boot/spring-boot-webflux/4.0.1-SNAPSHOT/spring-boot-webflux-4.0.1-20251122.011621-8.pom
2025-11-22 11:48:12,417 [Worker-35: Importing Maven projects] INFO  o.e.m.c.i.e.AbstractTransferListenerAdapter - Downloading https://repo.spring.io/snapshot/org/springframework/boot/spring-boot-http-codec/4.0.1-SNAPSHOT/maven-metadata.xml
2025-11-22 11:48:12,430 [Worker-35: Importing Maven projects] INFO  o.e.m.c.i.e.AbstractTransferListenerAdapter - Downloaded https://repo.spring.io/snapshot/org/springframework/boot/spring-boot-http-codec/4.0.1-SNAPSHOT/maven-metadata.xml
2025-11-22 11:48:12,682 [Worker-35: Importing Maven projects] INFO  o.e.m.c.i.e.AbstractTransferListenerAdapter - Downloading https://repo.spring.io/snapshot/org/springframework/boot/spring-boot-http-codec/4.0.1-SNAPSHOT/spring-boot-http-codec-4.0.1-20251122.011621-8.pom
2025-11-22 11:48:12,692 [Worker-35: Importing Maven projects] INFO  o.e.m.c.i.e.AbstractTransferListenerAdapter - Downloaded https://repo.spring.io/snapshot/org/springframework/boot/spring-boot-http-codec/4.0.1-SNAPSHOT/spring-boot-http-codec-4.0.1-20251122.011621-8.pom
2025-11-22 11:48:12,990 [Worker-35: Importing Maven projects] INFO  o.e.m.c.i.e.AbstractTransferListenerAdapter - Downloading https://repo.spring.io/snapshot/org/springframework/boot/spring-boot-starter-data-mongodb-reactive-test/4.0.1-SNAPSHOT/maven-metadata.xml
2025-11-22 11:48:13,007 [Worker-35: Importing Maven projects] INFO  o.e.m.c.i.e.AbstractTransferListenerAdapter - Downloaded https://repo.spring.io/snapshot/org/springframework/boot/spring-boot-starter-data-mongodb-reactive-test/4.0.1-SNAPSHOT/maven-metadata.xml
2025-11-22 11:48:13,258 [Worker-35: Importing Maven projects] INFO  o.e.m.c.i.e.AbstractTransferListenerAdapter - Downloading https://repo.spring.io/snapshot/org/springframework/boot/spring-boot-starter-data-mongodb-reactive-test/4.0.1-SNAPSHOT/spring-boot-starter-data-mongodb-reactive-test-4.0.1-20251122.011621-8.pom
2025-11-22 11:48:13,269 [Worker-35: Importing Maven projects] INFO  o.e.m.c.i.e.AbstractTransferListenerAdapter - Downloaded https://repo.spring.io/snapshot/org/springframework/boot/spring-boot-starter-data-mongodb-reactive-test/4.0.1-SNAPSHOT/spring-boot-starter-data-mongodb-reactive-test-4.0.1-20251122.011621-8.pom
2025-11-22 11:48:13,528 [Worker-35: Importing Maven projects] INFO  o.e.m.c.i.e.AbstractTransferListenerAdapter - Downloading https://repo.spring.io/snapshot/org/springframework/boot/spring-boot-starter-test/4.0.1-SNAPSHOT/maven-metadata.xml
2025-11-22 11:48:13,542 [Worker-35: Importing Maven projects] INFO  o.e.m.c.i.e.AbstractTransferListenerAdapter - Downloaded https://repo.spring.io/snapshot/org/springframework/boot/spring-boot-starter-test/4.0.1-SNAPSHOT/maven-metadata.xml
2025-11-22 11:48:13,793 [Worker-35: Importing Maven projects] INFO  o.e.m.c.i.e.AbstractTransferListenerAdapter - Downloading https://repo.spring.io/snapshot/org/springframework/boot/spring-boot-starter-test/4.0.1-SNAPSHOT/spring-boot-starter-test-4.0.1-20251122.011621-8.pom
2025-11-22 11:48:13,803 [Worker-35: Importing Maven projects] INFO  o.e.m.c.i.e.AbstractTransferListenerAdapter - Downloaded https://repo.spring.io/snapshot/org/springframework/boot/spring-boot-starter-test/4.0.1-SNAPSHOT/spring-boot-starter-test-4.0.1-20251122.011621-8.pom
2025-11-22 11:48:14,060 [Worker-35: Importing Maven projects] INFO  o.e.m.c.i.e.AbstractTransferListenerAdapter - Downloading https://repo.spring.io/snapshot/org/springframework/boot/spring-boot-test/4.0.1-SNAPSHOT/maven-metadata.xml
2025-11-22 11:48:14,071 [Worker-35: Importing Maven projects] INFO  o.e.m.c.i.e.AbstractTransferListenerAdapter - Downloaded https://repo.spring.io/snapshot/org/springframework/boot/spring-boot-test/4.0.1-SNAPSHOT/maven-metadata.xml
2025-11-22 11:48:14,323 [Worker-35: Importing Maven projects] INFO  o.e.m.c.i.e.AbstractTransferListenerAdapter - Downloading https://repo.spring.io/snapshot/org/springframework/boot/spring-boot-test/4.0.1-SNAPSHOT/spring-boot-test-4.0.1-20251122.011621-8.pom
2025-11-22 11:48:14,332 [Worker-35: Importing Maven projects] INFO  o.e.m.c.i.e.AbstractTransferListenerAdapter - Downloaded https://repo.spring.io/snapshot/org/springframework/boot/spring-boot-test/4.0.1-SNAPSHOT/spring-boot-test-4.0.1-20251122.011621-8.pom
2025-11-22 11:48:14,597 [Worker-35: Importing Maven projects] INFO  o.e.m.c.i.e.AbstractTransferListenerAdapter - Downloading https://repo.spring.io/snapshot/org/springframework/boot/spring-boot-test-autoconfigure/4.0.1-SNAPSHOT/maven-metadata.xml
2025-11-22 11:48:14,610 [Worker-35: Importing Maven projects] INFO  o.e.m.c.i.e.AbstractTransferListenerAdapter - Downloaded https://repo.spring.io/snapshot/org/springframework/boot/spring-boot-test-autoconfigure/4.0.1-SNAPSHOT/maven-metadata.xml
2025-11-22 11:48:14,861 [Worker-35: Importing Maven projects] INFO  o.e.m.c.i.e.AbstractTransferListenerAdapter - Downloading https://repo.spring.io/snapshot/org/springframework/boot/spring-boot-test-autoconfigure/4.0.1-SNAPSHOT/spring-boot-test-autoconfigure-4.0.1-20251122.011621-8.pom
2025-11-22 11:48:14,874 [Worker-35: Importing Maven projects] INFO  o.e.m.c.i.e.AbstractTransferListenerAdapter - Downloaded https://repo.spring.io/snapshot/org/springframework/boot/spring-boot-test-autoconfigure/4.0.1-SNAPSHOT/spring-boot-test-autoconfigure-4.0.1-20251122.011621-8.pom
2025-11-22 11:48:15,350 [Worker-35: Importing Maven projects] INFO  o.e.m.c.i.e.AbstractTransferListenerAdapter - Downloading https://repo.spring.io/snapshot/org/springframework/boot/spring-boot-data-mongodb-test/4.0.1-SNAPSHOT/maven-metadata.xml
2025-11-22 11:48:15,359 [Worker-35: Importing Maven projects] INFO  o.e.m.c.i.e.AbstractTransferListenerAdapter - Downloaded https://repo.spring.io/snapshot/org/springframework/boot/spring-boot-data-mongodb-test/4.0.1-SNAPSHOT/maven-metadata.xml
2025-11-22 11:48:15,608 [Worker-35: Importing Maven projects] INFO  o.e.m.c.i.e.AbstractTransferListenerAdapter - Downloading https://repo.spring.io/snapshot/org/springframework/boot/spring-boot-data-mongodb-test/4.0.1-SNAPSHOT/spring-boot-data-mongodb-test-4.0.1-20251122.011621-8.pom
2025-11-22 11:48:15,615 [Worker-35: Importing Maven projects] INFO  o.e.m.c.i.e.AbstractTransferListenerAdapter - Downloaded https://repo.spring.io/snapshot/org/springframework/boot/spring-boot-data-mongodb-test/4.0.1-SNAPSHOT/spring-boot-data-mongodb-test-4.0.1-20251122.011621-8.pom
2025-11-22 11:48:15,873 [Worker-35: Importing Maven projects] INFO  o.e.m.c.i.e.AbstractTransferListenerAdapter - Downloading https://repo.spring.io/snapshot/org/springframework/boot/spring-boot-starter-webflux-test/4.0.1-SNAPSHOT/maven-metadata.xml
2025-11-22 11:48:15,877 [Worker-35: Importing Maven projects] INFO  o.e.m.c.i.e.AbstractTransferListenerAdapter - Downloaded https://repo.spring.io/snapshot/org/springframework/boot/spring-boot-starter-webflux-test/4.0.1-SNAPSHOT/maven-metadata.xml
2025-11-22 11:48:16,126 [Worker-35: Importing Maven projects] INFO  o.e.m.c.i.e.AbstractTransferListenerAdapter - Downloading https://repo.spring.io/snapshot/org/springframework/boot/spring-boot-starter-webflux-test/4.0.1-SNAPSHOT/spring-boot-starter-webflux-test-4.0.1-20251122.011621-8.pom
2025-11-22 11:48:16,134 [Worker-35: Importing Maven projects] INFO  o.e.m.c.i.e.AbstractTransferListenerAdapter - Downloaded https://repo.spring.io/snapshot/org/springframework/boot/spring-boot-starter-webflux-test/4.0.1-SNAPSHOT/spring-boot-starter-webflux-test-4.0.1-20251122.011621-8.pom
2025-11-22 11:48:16,382 [Worker-35: Importing Maven projects] INFO  o.e.m.c.i.e.AbstractTransferListenerAdapter - Downloading https://repo.spring.io/snapshot/org/springframework/boot/spring-boot-starter-jackson-test/4.0.1-SNAPSHOT/maven-metadata.xml
2025-11-22 11:48:16,389 [Worker-35: Importing Maven projects] INFO  o.e.m.c.i.e.AbstractTransferListenerAdapter - Downloaded https://repo.spring.io/snapshot/org/springframework/boot/spring-boot-starter-jackson-test/4.0.1-SNAPSHOT/maven-metadata.xml
2025-11-22 11:48:16,652 [Worker-35: Importing Maven projects] INFO  o.e.m.c.i.e.AbstractTransferListenerAdapter - Downloading https://repo.spring.io/snapshot/org/springframework/boot/spring-boot-starter-jackson-test/4.0.1-SNAPSHOT/spring-boot-starter-jackson-test-4.0.1-20251122.011621-8.pom
2025-11-22 11:48:16,657 [Worker-35: Importing Maven projects] INFO  o.e.m.c.i.e.AbstractTransferListenerAdapter - Downloaded https://repo.spring.io/snapshot/org/springframework/boot/spring-boot-starter-jackson-test/4.0.1-SNAPSHOT/spring-boot-starter-jackson-test-4.0.1-20251122.011621-8.pom
2025-11-22 11:48:16,910 [Worker-35: Importing Maven projects] INFO  o.e.m.c.i.e.AbstractTransferListenerAdapter - Downloading https://repo.spring.io/snapshot/org/springframework/boot/spring-boot-webflux-test/4.0.1-SNAPSHOT/maven-metadata.xml
2025-11-22 11:48:16,921 [Worker-35: Importing Maven projects] INFO  o.e.m.c.i.e.AbstractTransferListenerAdapter - Downloaded https://repo.spring.io/snapshot/org/springframework/boot/spring-boot-webflux-test/4.0.1-SNAPSHOT/maven-metadata.xml
2025-11-22 11:48:17,170 [Worker-35: Importing Maven projects] INFO  o.e.m.c.i.e.AbstractTransferListenerAdapter - Downloading https://repo.spring.io/snapshot/org/springframework/boot/spring-boot-webflux-test/4.0.1-SNAPSHOT/spring-boot-webflux-test-4.0.1-20251122.011621-8.pom
2025-11-22 11:48:17,178 [Worker-35: Importing Maven projects] INFO  o.e.m.c.i.e.AbstractTransferListenerAdapter - Downloaded https://repo.spring.io/snapshot/org/springframework/boot/spring-boot-webflux-test/4.0.1-SNAPSHOT/spring-boot-webflux-test-4.0.1-20251122.011621-8.pom
2025-11-22 11:48:17,435 [Worker-35: Importing Maven projects] INFO  o.e.m.c.i.e.AbstractTransferListenerAdapter - Downloading https://repo.spring.io/snapshot/org/springframework/boot/spring-boot-webtestclient/4.0.1-SNAPSHOT/maven-metadata.xml
2025-11-22 11:48:17,445 [Worker-35: Importing Maven projects] INFO  o.e.m.c.i.e.AbstractTransferListenerAdapter - Downloaded https://repo.spring.io/snapshot/org/springframework/boot/spring-boot-webtestclient/4.0.1-SNAPSHOT/maven-metadata.xml
2025-11-22 11:48:17,697 [Worker-35: Importing Maven projects] INFO  o.e.m.c.i.e.AbstractTransferListenerAdapter - Downloading https://repo.spring.io/snapshot/org/springframework/boot/spring-boot-webtestclient/4.0.1-SNAPSHOT/spring-boot-webtestclient-4.0.1-20251122.011621-8.pom
2025-11-22 11:48:17,708 [Worker-35: Importing Maven projects] INFO  o.e.m.c.i.e.AbstractTransferListenerAdapter - Downloaded https://repo.spring.io/snapshot/org/springframework/boot/spring-boot-webtestclient/4.0.1-SNAPSHOT/spring-boot-webtestclient-4.0.1-20251122.011621-8.pom
2025-11-22 11:48:18,257 [Worker-35: Importing Maven projects] INFO  o.e.m.c.i.e.AbstractTransferListenerAdapter - Downloading https://repo.spring.io/snapshot/org/springframework/boot/spring-boot-starter-data-mongodb-reactive/4.0.1-SNAPSHOT/spring-boot-starter-data-mongodb-reactive-4.0.1-20251122.011621-8.jar
2025-11-22 11:48:18,267 [Worker-35: Importing Maven projects] INFO  o.e.m.c.i.e.AbstractTransferListenerAdapter - Downloaded https://repo.spring.io/snapshot/org/springframework/boot/spring-boot-starter-data-mongodb-reactive/4.0.1-SNAPSHOT/spring-boot-starter-data-mongodb-reactive-4.0.1-20251122.011621-8.jar
2025-11-22 11:48:18,512 [BasicRepositoryConnector-repo.spring.io-0-0] INFO  o.e.m.c.i.e.AbstractTransferListenerAdapter - Downloading https://repo.spring.io/snapshot/org/springframework/boot/spring-boot-starter-mongodb/4.0.1-SNAPSHOT/spring-boot-starter-mongodb-4.0.1-20251122.011621-8.jar
2025-11-22 11:48:18,524 [BasicRepositoryConnector-repo.spring.io-0-0] INFO  o.e.m.c.i.e.AbstractTransferListenerAdapter - Downloaded https://repo.spring.io/snapshot/org/springframework/boot/spring-boot-starter-mongodb/4.0.1-SNAPSHOT/spring-boot-starter-mongodb-4.0.1-20251122.011621-8.jar
2025-11-22 11:48:18,765 [BasicRepositoryConnector-repo.spring.io-0-0] INFO  o.e.m.c.i.e.AbstractTransferListenerAdapter - Downloading https://repo.spring.io/snapshot/org/springframework/boot/spring-boot-transaction/4.0.1-SNAPSHOT/spring-boot-transaction-4.0.1-20251122.011621-8.jar
2025-11-22 11:48:19,003 [BasicRepositoryConnector-repo.spring.io-0-0] INFO  o.e.m.c.i.e.AbstractTransferListenerAdapter - Downloaded https://repo.spring.io/snapshot/org/springframework/boot/spring-boot-transaction/4.0.1-SNAPSHOT/spring-boot-transaction-4.0.1-20251122.011621-8.jar
2025-11-22 11:48:19,061 [BasicRepositoryConnector-repo.spring.io-0-2] INFO  o.e.m.c.i.e.AbstractTransferListenerAdapter - Downloading https://repo.spring.io/snapshot/org/springframework/boot/spring-boot-data-mongodb/4.0.1-SNAPSHOT/spring-boot-data-mongodb-4.0.1-20251122.011621-8.jar
2025-11-22 11:48:19,225 [BasicRepositoryConnector-repo.spring.io-0-4] INFO  o.e.m.c.i.e.AbstractTransferListenerAdapter - Downloading https://repo.spring.io/snapshot/org/springframework/boot/spring-boot-persistence/4.0.1-SNAPSHOT/spring-boot-persistence-4.0.1-20251122.011621-8.jar
2025-11-22 11:48:19,243 [BasicRepositoryConnector-repo.spring.io-0-1] INFO  o.e.m.c.i.e.AbstractTransferListenerAdapter - Downloading https://repo.spring.io/snapshot/org/springframework/boot/spring-boot-mongodb/4.0.1-SNAPSHOT/spring-boot-mongodb-4.0.1-20251122.011621-8.jar
2025-11-22 11:48:19,247 [BasicRepositoryConnector-repo.spring.io-0-0] INFO  o.e.m.c.i.e.AbstractTransferListenerAdapter - Downloading https://repo.spring.io/snapshot/org/springframework/boot/spring-boot-reactor/4.0.1-SNAPSHOT/spring-boot-reactor-4.0.1-20251122.011621-8.jar
2025-11-22 11:48:19,253 [BasicRepositoryConnector-repo.spring.io-0-0] INFO  o.e.m.c.i.e.AbstractTransferListenerAdapter - Downloaded https://repo.spring.io/snapshot/org/springframework/boot/spring-boot-reactor/4.0.1-SNAPSHOT/spring-boot-reactor-4.0.1-20251122.011621-8.jar
2025-11-22 11:48:19,274 [BasicRepositoryConnector-repo.spring.io-0-3] INFO  o.e.m.c.i.e.AbstractTransferListenerAdapter - Downloading https://repo.spring.io/snapshot/org/springframework/boot/spring-boot-data-commons/4.0.1-SNAPSHOT/spring-boot-data-commons-4.0.1-20251122.011621-8.jar
2025-11-22 11:48:19,311 [BasicRepositoryConnector-repo.spring.io-0-2] INFO  o.e.m.c.i.e.AbstractTransferListenerAdapter - Downloaded https://repo.spring.io/snapshot/org/springframework/boot/spring-boot-data-mongodb/4.0.1-SNAPSHOT/spring-boot-data-mongodb-4.0.1-20251122.011621-8.jar
2025-11-22 11:48:19,462 [BasicRepositoryConnector-repo.spring.io-0-4] INFO  o.e.m.c.i.e.AbstractTransferListenerAdapter - Downloaded https://repo.spring.io/snapshot/org/springframework/boot/spring-boot-persistence/4.0.1-SNAPSHOT/spring-boot-persistence-4.0.1-20251122.011621-8.jar
2025-11-22 11:48:19,532 [BasicRepositoryConnector-repo.spring.io-0-3] INFO  o.e.m.c.i.e.AbstractTransferListenerAdapter - Downloaded https://repo.spring.io/snapshot/org/springframework/boot/spring-boot-data-commons/4.0.1-SNAPSHOT/spring-boot-data-commons-4.0.1-20251122.011621-8.jar
2025-11-22 11:48:19,560 [BasicRepositoryConnector-repo.spring.io-0-2] INFO  o.e.m.c.i.e.AbstractTransferListenerAdapter - Downloading https://repo.spring.io/snapshot/org/springframework/boot/spring-boot-starter-webflux/4.0.1-SNAPSHOT/spring-boot-starter-webflux-4.0.1-20251122.011621-8.jar
2025-11-22 11:48:19,570 [BasicRepositoryConnector-repo.spring.io-0-2] INFO  o.e.m.c.i.e.AbstractTransferListenerAdapter - Downloaded https://repo.spring.io/snapshot/org/springframework/boot/spring-boot-starter-webflux/4.0.1-SNAPSHOT/spring-boot-starter-webflux-4.0.1-20251122.011621-8.jar
2025-11-22 11:48:19,703 [BasicRepositoryConnector-repo.spring.io-0-4] INFO  o.e.m.c.i.e.AbstractTransferListenerAdapter - Downloading https://repo.spring.io/snapshot/org/springframework/boot/spring-boot-starter/4.0.1-SNAPSHOT/spring-boot-starter-4.0.1-20251122.011621-8.jar
2025-11-22 11:48:19,716 [BasicRepositoryConnector-repo.spring.io-0-4] INFO  o.e.m.c.i.e.AbstractTransferListenerAdapter - Downloaded https://repo.spring.io/snapshot/org/springframework/boot/spring-boot-starter/4.0.1-SNAPSHOT/spring-boot-starter-4.0.1-20251122.011621-8.jar
2025-11-22 11:48:19,722 [BasicRepositoryConnector-repo.spring.io-0-1] INFO  o.e.m.c.i.e.AbstractTransferListenerAdapter - Downloaded https://repo.spring.io/snapshot/org/springframework/boot/spring-boot-mongodb/4.0.1-SNAPSHOT/spring-boot-mongodb-4.0.1-20251122.011621-8.jar
2025-11-22 11:48:19,786 [BasicRepositoryConnector-repo.spring.io-0-3] INFO  o.e.m.c.i.e.AbstractTransferListenerAdapter - Downloading https://repo.spring.io/snapshot/org/springframework/boot/spring-boot-starter-logging/4.0.1-SNAPSHOT/spring-boot-starter-logging-4.0.1-20251122.011621-8.jar
2025-11-22 11:48:19,793 [BasicRepositoryConnector-repo.spring.io-0-3] INFO  o.e.m.c.i.e.AbstractTransferListenerAdapter - Downloaded https://repo.spring.io/snapshot/org/springframework/boot/spring-boot-starter-logging/4.0.1-SNAPSHOT/spring-boot-starter-logging-4.0.1-20251122.011621-8.jar
2025-11-22 11:48:19,961 [BasicRepositoryConnector-repo.spring.io-0-4] INFO  o.e.m.c.i.e.AbstractTransferListenerAdapter - Downloading https://repo.spring.io/snapshot/org/springframework/boot/spring-boot-starter-jackson/4.0.1-SNAPSHOT/spring-boot-starter-jackson-4.0.1-20251122.011621-8.jar
2025-11-22 11:48:19,962 [BasicRepositoryConnector-repo.spring.io-0-1] INFO  o.e.m.c.i.e.AbstractTransferListenerAdapter - Downloading https://repo.spring.io/snapshot/org/springframework/boot/spring-boot-jackson/4.0.1-SNAPSHOT/spring-boot-jackson-4.0.1-20251122.011621-8.jar
2025-11-22 11:48:19,973 [BasicRepositoryConnector-repo.spring.io-0-4] INFO  o.e.m.c.i.e.AbstractTransferListenerAdapter - Downloaded https://repo.spring.io/snapshot/org/springframework/boot/spring-boot-starter-jackson/4.0.1-SNAPSHOT/spring-boot-starter-jackson-4.0.1-20251122.011621-8.jar
2025-11-22 11:48:20,049 [BasicRepositoryConnector-repo.spring.io-0-3] INFO  o.e.m.c.i.e.AbstractTransferListenerAdapter - Downloading https://repo.spring.io/snapshot/org/springframework/boot/spring-boot-starter-reactor-netty/4.0.1-SNAPSHOT/spring-boot-starter-reactor-netty-4.0.1-20251122.011621-8.jar
2025-11-22 11:48:20,058 [BasicRepositoryConnector-repo.spring.io-0-3] INFO  o.e.m.c.i.e.AbstractTransferListenerAdapter - Downloaded https://repo.spring.io/snapshot/org/springframework/boot/spring-boot-starter-reactor-netty/4.0.1-SNAPSHOT/spring-boot-starter-reactor-netty-4.0.1-20251122.011621-8.jar
2025-11-22 11:48:20,211 [BasicRepositoryConnector-repo.spring.io-0-1] INFO  o.e.m.c.i.e.AbstractTransferListenerAdapter - Downloaded https://repo.spring.io/snapshot/org/springframework/boot/spring-boot-jackson/4.0.1-SNAPSHOT/spring-boot-jackson-4.0.1-20251122.011621-8.jar
2025-11-22 11:48:20,218 [BasicRepositoryConnector-repo.spring.io-0-4] INFO  o.e.m.c.i.e.AbstractTransferListenerAdapter - Downloading https://repo.spring.io/snapshot/org/springframework/boot/spring-boot-reactor-netty/4.0.1-SNAPSHOT/spring-boot-reactor-netty-4.0.1-20251122.011621-8.jar
2025-11-22 11:48:20,311 [BasicRepositoryConnector-repo.spring.io-0-3] INFO  o.e.m.c.i.e.AbstractTransferListenerAdapter - Downloading https://repo.spring.io/snapshot/org/springframework/boot/spring-boot-netty/4.0.1-SNAPSHOT/spring-boot-netty-4.0.1-20251122.011621-8.jar
2025-11-22 11:48:20,324 [BasicRepositoryConnector-repo.spring.io-0-3] INFO  o.e.m.c.i.e.AbstractTransferListenerAdapter - Downloaded https://repo.spring.io/snapshot/org/springframework/boot/spring-boot-netty/4.0.1-SNAPSHOT/spring-boot-netty-4.0.1-20251122.011621-8.jar
2025-11-22 11:48:20,396 [BasicRepositoryConnector-repo.spring.io-0-0] INFO  o.e.m.c.i.e.AbstractTransferListenerAdapter - Downloading https://repo.spring.io/snapshot/org/springframework/boot/spring-boot/4.0.1-SNAPSHOT/spring-boot-4.0.1-20251122.011621-8.jar
2025-11-22 11:48:20,450 [BasicRepositoryConnector-repo.spring.io-0-1] INFO  o.e.m.c.i.e.AbstractTransferListenerAdapter - Downloading https://repo.spring.io/snapshot/org/springframework/boot/spring-boot-webflux/4.0.1-SNAPSHOT/spring-boot-webflux-4.0.1-20251122.011621-8.jar
2025-11-22 11:48:20,467 [BasicRepositoryConnector-repo.spring.io-0-4] INFO  o.e.m.c.i.e.AbstractTransferListenerAdapter - Downloaded https://repo.spring.io/snapshot/org/springframework/boot/spring-boot-reactor-netty/4.0.1-SNAPSHOT/spring-boot-reactor-netty-4.0.1-20251122.011621-8.jar
2025-11-22 11:48:20,577 [BasicRepositoryConnector-repo.spring.io-0-3] INFO  o.e.m.c.i.e.AbstractTransferListenerAdapter - Downloading https://repo.spring.io/snapshot/org/springframework/boot/spring-boot-http-codec/4.0.1-SNAPSHOT/spring-boot-http-codec-4.0.1-20251122.011621-8.jar
2025-11-22 11:48:20,582 [BasicRepositoryConnector-repo.spring.io-0-3] INFO  o.e.m.c.i.e.AbstractTransferListenerAdapter - Downloaded https://repo.spring.io/snapshot/org/springframework/boot/spring-boot-http-codec/4.0.1-SNAPSHOT/spring-boot-http-codec-4.0.1-20251122.011621-8.jar
2025-11-22 11:48:20,709 [BasicRepositoryConnector-repo.spring.io-0-2] INFO  o.e.m.c.i.e.AbstractTransferListenerAdapter - Downloading https://repo.spring.io/snapshot/org/springframework/boot/spring-boot-autoconfigure/4.0.1-SNAPSHOT/spring-boot-autoconfigure-4.0.1-20251122.011621-8.jar
2025-11-22 11:48:20,712 [BasicRepositoryConnector-repo.spring.io-0-4] INFO  o.e.m.c.i.e.AbstractTransferListenerAdapter - Downloading https://repo.spring.io/snapshot/org/springframework/boot/spring-boot-web-server/4.0.1-SNAPSHOT/spring-boot-web-server-4.0.1-20251122.011621-8.jar
2025-11-22 11:48:20,715 [BasicRepositoryConnector-repo.spring.io-0-1] INFO  o.e.m.c.i.e.AbstractTransferListenerAdapter - Downloaded https://repo.spring.io/snapshot/org/springframework/boot/spring-boot-webflux/4.0.1-SNAPSHOT/spring-boot-webflux-4.0.1-20251122.011621-8.jar
2025-11-22 11:48:20,837 [BasicRepositoryConnector-repo.spring.io-0-3] INFO  o.e.m.c.i.e.AbstractTransferListenerAdapter - Downloading https://repo.spring.io/snapshot/org/springframework/boot/spring-boot-starter-data-mongodb-reactive-test/4.0.1-SNAPSHOT/spring-boot-starter-data-mongodb-reactive-test-4.0.1-20251122.011621-8.jar
2025-11-22 11:48:20,841 [BasicRepositoryConnector-repo.spring.io-0-3] INFO  o.e.m.c.i.e.AbstractTransferListenerAdapter - Downloaded https://repo.spring.io/snapshot/org/springframework/boot/spring-boot-starter-data-mongodb-reactive-test/4.0.1-SNAPSHOT/spring-boot-starter-data-mongodb-reactive-test-4.0.1-20251122.011621-8.jar
2025-11-22 11:48:20,963 [BasicRepositoryConnector-repo.spring.io-0-1] INFO  o.e.m.c.i.e.AbstractTransferListenerAdapter - Downloading https://repo.spring.io/snapshot/org/springframework/boot/spring-boot-starter-test/4.0.1-SNAPSHOT/spring-boot-starter-test-4.0.1-20251122.011621-8.jar
2025-11-22 11:48:20,970 [BasicRepositoryConnector-repo.spring.io-0-4] INFO  o.e.m.c.i.e.AbstractTransferListenerAdapter - Downloaded https://repo.spring.io/snapshot/org/springframework/boot/spring-boot-web-server/4.0.1-SNAPSHOT/spring-boot-web-server-4.0.1-20251122.011621-8.jar
2025-11-22 11:48:20,974 [BasicRepositoryConnector-repo.spring.io-0-1] INFO  o.e.m.c.i.e.AbstractTransferListenerAdapter - Downloaded https://repo.spring.io/snapshot/org/springframework/boot/spring-boot-starter-test/4.0.1-SNAPSHOT/spring-boot-starter-test-4.0.1-20251122.011621-8.jar
2025-11-22 11:48:21,211 [BasicRepositoryConnector-repo.spring.io-0-4] INFO  o.e.m.c.i.e.AbstractTransferListenerAdapter - Downloading https://repo.spring.io/snapshot/org/springframework/boot/spring-boot-test-autoconfigure/4.0.1-SNAPSHOT/spring-boot-test-autoconfigure-4.0.1-20251122.011621-8.jar
2025-11-22 11:48:21,217 [BasicRepositoryConnector-repo.spring.io-0-4] INFO  o.e.m.c.i.e.AbstractTransferListenerAdapter - Downloaded https://repo.spring.io/snapshot/org/springframework/boot/spring-boot-test-autoconfigure/4.0.1-SNAPSHOT/spring-boot-test-autoconfigure-4.0.1-20251122.011621-8.jar
2025-11-22 11:48:21,222 [BasicRepositoryConnector-repo.spring.io-0-1] INFO  o.e.m.c.i.e.AbstractTransferListenerAdapter - Downloading https://repo.spring.io/snapshot/org/springframework/boot/spring-boot-data-mongodb-test/4.0.1-SNAPSHOT/spring-boot-data-mongodb-test-4.0.1-20251122.011621-8.jar
2025-11-22 11:48:21,227 [BasicRepositoryConnector-repo.spring.io-0-1] INFO  o.e.m.c.i.e.AbstractTransferListenerAdapter - Downloaded https://repo.spring.io/snapshot/org/springframework/boot/spring-boot-data-mongodb-test/4.0.1-SNAPSHOT/spring-boot-data-mongodb-test-4.0.1-20251122.011621-8.jar
2025-11-22 11:48:21,456 [BasicRepositoryConnector-repo.spring.io-0-4] INFO  o.e.m.c.i.e.AbstractTransferListenerAdapter - Downloading https://repo.spring.io/snapshot/org/springframework/boot/spring-boot-starter-webflux-test/4.0.1-SNAPSHOT/spring-boot-starter-webflux-test-4.0.1-20251122.011621-8.jar
2025-11-22 11:48:21,463 [BasicRepositoryConnector-repo.spring.io-0-4] INFO  o.e.m.c.i.e.AbstractTransferListenerAdapter - Downloaded https://repo.spring.io/snapshot/org/springframework/boot/spring-boot-starter-webflux-test/4.0.1-SNAPSHOT/spring-boot-starter-webflux-test-4.0.1-20251122.011621-8.jar
2025-11-22 11:48:21,467 [BasicRepositoryConnector-repo.spring.io-0-1] INFO  o.e.m.c.i.e.AbstractTransferListenerAdapter - Downloading https://repo.spring.io/snapshot/org/springframework/boot/spring-boot-starter-jackson-test/4.0.1-SNAPSHOT/spring-boot-starter-jackson-test-4.0.1-20251122.011621-8.jar
2025-11-22 11:48:21,474 [BasicRepositoryConnector-repo.spring.io-0-1] INFO  o.e.m.c.i.e.AbstractTransferListenerAdapter - Downloaded https://repo.spring.io/snapshot/org/springframework/boot/spring-boot-starter-jackson-test/4.0.1-SNAPSHOT/spring-boot-starter-jackson-test-4.0.1-20251122.011621-8.jar
2025-11-22 11:48:21,708 [BasicRepositoryConnector-repo.spring.io-0-4] INFO  o.e.m.c.i.e.AbstractTransferListenerAdapter - Downloading https://repo.spring.io/snapshot/org/springframework/boot/spring-boot-webflux-test/4.0.1-SNAPSHOT/spring-boot-webflux-test-4.0.1-20251122.011621-8.jar
2025-11-22 11:48:21,717 [BasicRepositoryConnector-repo.spring.io-0-1] INFO  o.e.m.c.i.e.AbstractTransferListenerAdapter - Downloading https://repo.spring.io/snapshot/org/springframework/boot/spring-boot-webtestclient/4.0.1-SNAPSHOT/spring-boot-webtestclient-4.0.1-20251122.011621-8.jar
2025-11-22 11:48:21,719 [BasicRepositoryConnector-repo.spring.io-0-4] INFO  o.e.m.c.i.e.AbstractTransferListenerAdapter - Downloaded https://repo.spring.io/snapshot/org/springframework/boot/spring-boot-webflux-test/4.0.1-SNAPSHOT/spring-boot-webflux-test-4.0.1-20251122.011621-8.jar
2025-11-22 11:48:21,727 [BasicRepositoryConnector-repo.spring.io-0-1] INFO  o.e.m.c.i.e.AbstractTransferListenerAdapter - Downloaded https://repo.spring.io/snapshot/org/springframework/boot/spring-boot-webtestclient/4.0.1-SNAPSHOT/spring-boot-webtestclient-4.0.1-20251122.011621-8.jar
2025-11-22 11:48:21,971 [BasicRepositoryConnector-repo.spring.io-0-3] INFO  o.e.m.c.i.e.AbstractTransferListenerAdapter - Downloading https://repo.spring.io/snapshot/org/springframework/boot/spring-boot-test/4.0.1-SNAPSHOT/spring-boot-test-4.0.1-20251122.011621-8.jar
2025-11-22 11:48:22,039 [BasicRepositoryConnector-repo.spring.io-0-2] INFO  o.e.m.c.i.e.AbstractTransferListenerAdapter - Downloaded https://repo.spring.io/snapshot/org/springframework/boot/spring-boot-autoconfigure/4.0.1-SNAPSHOT/spring-boot-autoconfigure-4.0.1-20251122.011621-8.jar
2025-11-22 11:48:23,044 [BasicRepositoryConnector-repo.spring.io-0-3] INFO  o.e.m.c.i.e.AbstractTransferListenerAdapter - Downloaded https://repo.spring.io/snapshot/org/springframework/boot/spring-boot-test/4.0.1-SNAPSHOT/spring-boot-test-4.0.1-20251122.011621-8.jar
2025-11-22 11:48:24,242 [BasicRepositoryConnector-repo.spring.io-0-0] INFO  o.e.m.c.i.e.AbstractTransferListenerAdapter - Downloaded https://repo.spring.io/snapshot/org/springframework/boot/spring-boot/4.0.1-SNAPSHOT/spring-boot-4.0.1-20251122.011621-8.jar
2025-11-22 11:48:24,468 [Worker-35: Importing Maven projects] INFO  o.e.m.c.i.e.AbstractTransferListenerAdapter - Downloading https://repo.maven.apache.org/maven2/org/mongodb/mongodb-driver-sync/5.6.1/mongodb-driver-sync-5.6.1.jar
2025-11-22 11:48:24,515 [Worker-35: Importing Maven projects] INFO  o.e.m.c.i.e.AbstractTransferListenerAdapter - Downloaded https://repo.maven.apache.org/maven2/org/mongodb/mongodb-driver-sync/5.6.1/mongodb-driver-sync-5.6.1.jar
2025-11-22 11:48:24,563 [BasicRepositoryConnector-repo.maven.apache.org-1-0] INFO  o.e.m.c.i.e.AbstractTransferListenerAdapter - Downloading https://repo.maven.apache.org/maven2/org/springframework/data/spring-data-mongodb/5.0.0/spring-data-mongodb-5.0.0.jar
2025-11-22 11:48:24,681 [BasicRepositoryConnector-repo.maven.apache.org-1-3] INFO  o.e.m.c.i.e.AbstractTransferListenerAdapter - Downloading https://repo.maven.apache.org/maven2/org/mongodb/mongodb-driver-core/5.6.1/mongodb-driver-core-5.6.1.jar
2025-11-22 11:48:24,693 [BasicRepositoryConnector-repo.maven.apache.org-1-4] INFO  o.e.m.c.i.e.AbstractTransferListenerAdapter - Downloading https://repo.maven.apache.org/maven2/org/mongodb/bson-record-codec/5.6.1/bson-record-codec-5.6.1.jar
2025-11-22 11:48:24,706 [BasicRepositoryConnector-repo.maven.apache.org-1-4] INFO  o.e.m.c.i.e.AbstractTransferListenerAdapter - Downloaded https://repo.maven.apache.org/maven2/org/mongodb/bson-record-codec/5.6.1/bson-record-codec-5.6.1.jar
2025-11-22 11:48:24,712 [BasicRepositoryConnector-repo.maven.apache.org-1-2] INFO  o.e.m.c.i.e.AbstractTransferListenerAdapter - Downloading https://repo.maven.apache.org/maven2/org/mongodb/bson/5.6.1/bson-5.6.1.jar
2025-11-22 11:48:24,728 [BasicRepositoryConnector-repo.maven.apache.org-1-1] INFO  o.e.m.c.i.e.AbstractTransferListenerAdapter - Downloading https://repo.maven.apache.org/maven2/org/mongodb/mongodb-driver-reactivestreams/5.6.1/mongodb-driver-reactivestreams-5.6.1.jar
2025-11-22 11:48:25,014 [BasicRepositoryConnector-repo.maven.apache.org-1-1] INFO  o.e.m.c.i.e.AbstractTransferListenerAdapter - Downloaded https://repo.maven.apache.org/maven2/org/mongodb/mongodb-driver-reactivestreams/5.6.1/mongodb-driver-reactivestreams-5.6.1.jar
2025-11-22 11:48:25,090 [BasicRepositoryConnector-repo.maven.apache.org-1-2] INFO  o.e.m.c.i.e.AbstractTransferListenerAdapter - Downloaded https://repo.maven.apache.org/maven2/org/mongodb/bson/5.6.1/bson-5.6.1.jar
2025-11-22 11:48:25,235 [BasicRepositoryConnector-repo.maven.apache.org-1-0] INFO  o.e.m.c.i.e.AbstractTransferListenerAdapter - Downloaded https://repo.maven.apache.org/maven2/org/springframework/data/spring-data-mongodb/5.0.0/spring-data-mongodb-5.0.0.jar
2025-11-22 11:48:25,445 [BasicRepositoryConnector-repo.maven.apache.org-1-3] INFO  o.e.m.c.i.e.AbstractTransferListenerAdapter - Downloaded https://repo.maven.apache.org/maven2/org/mongodb/mongodb-driver-core/5.6.1/mongodb-driver-core-5.6.1.jar
2025-11-22 11:48:26,071 [Worker-35: Importing Maven projects] INFO  o.e.m.c.i.l.LifecycleMappingFactory - Using org.eclipse.m2e.jdt.JarLifecycleMapping lifecycle mapping for MavenProject: com.example:Boot1_demo:0.0.1-SNAPSHOT @ C:\Users\syeds\OneDrive\Documents\Desktop\CHUBB\Boot1_demo\pom.xml.
2025-11-22 11:48:26,689 [Worker-35: Importing Maven projects] WARN  o.e.m.c.i.embedder.EclipseLogger - The artifact mysql:mysql-connector-java:jar:8.0.33 has been relocated to com.mysql:mysql-connector-j:jar:8.0.33: MySQL Connector/J artifacts moved to reverse-DNS compliant Maven 2+ coordinates.
2025-11-22 11:48:27,736 [Worker-35: Importing Maven projects] INFO  o.e.m.c.i.l.LifecycleMappingFactory - Using org.eclipse.m2e.jdt.JarLifecycleMapping lifecycle mapping for MavenProject: com.example:Boot2_SpringWebFlux:0.0.1-SNAPSHOT @ C:\Users\syeds\OneDrive\Documents\Desktop\CHUBB\Boot2_SpringWebFlux\pom.xml.
2025-11-22 11:48:30,728 [Worker-35: Importing Maven projects] INFO  o.e.m.j.i.AbstractJavaProjectConfigurator - Adding source folder /demo/src/main/java
2025-11-22 11:48:30,732 [Worker-35: Importing Maven projects] INFO  o.e.m.j.i.AbstractJavaProjectConfigurator - Adding resource folder /demo/src/main/resources
2025-11-22 11:48:30,740 [Worker-35: Importing Maven projects] INFO  o.e.m.j.i.AbstractJavaProjectConfigurator - Adding resource folder /demo/src/main/resources
2025-11-22 11:48:30,747 [Worker-35: Importing Maven projects] INFO  o.e.m.j.i.AbstractJavaProjectConfigurator - Adding source folder /demo/src/test/java
2025-11-22 11:48:30,750 [Worker-35: Importing Maven projects] INFO  o.e.m.j.i.AbstractJavaProjectConfigurator - Adding resource folder /demo/src/test/resources
2025-11-22 11:48:32,010 [Worker-45: Download sources and javadoc] INFO  o.e.m.c.i.e.AbstractTransferListenerAdapter - Downloading https://repo.spring.io/snapshot/org/springframework/boot/spring-boot-starter-data-mongodb-reactive/4.0.1-SNAPSHOT/spring-boot-starter-data-mongodb-reactive-4.0.1-20251122.011621-8-sources.jar
2025-11-22 11:48:32,037 [Worker-45: Download sources and javadoc] INFO  o.e.m.c.i.e.AbstractTransferListenerAdapter - Downloaded https://repo.spring.io/snapshot/org/springframework/boot/spring-boot-starter-data-mongodb-reactive/4.0.1-SNAPSHOT/spring-boot-starter-data-mongodb-reactive-4.0.1-20251122.011621-8-sources.jar
2025-11-22 11:48:32,072 [Worker-45: Download sources and javadoc] INFO  o.e.m.j.internal.DownloadSourcesJob - Downloaded sources for org.springframework.boot:spring-boot-starter-data-mongodb-reactive:4.0.1-SNAPSHOT
2025-11-22 11:48:33,100 [Worker-45: Download sources and javadoc] INFO  o.e.m.c.i.e.AbstractTransferListenerAdapter - Downloading https://repo.spring.io/snapshot/org/springframework/boot/spring-boot-starter-mongodb/4.0.1-SNAPSHOT/spring-boot-starter-mongodb-4.0.1-20251122.011621-8-sources.jar
2025-11-22 11:48:33,123 [Worker-45: Download sources and javadoc] INFO  o.e.m.c.i.e.AbstractTransferListenerAdapter - Downloaded https://repo.spring.io/snapshot/org/springframework/boot/spring-boot-starter-mongodb/4.0.1-SNAPSHOT/spring-boot-starter-mongodb-4.0.1-20251122.011621-8-sources.jar
2025-11-22 11:48:33,157 [Worker-45: Download sources and javadoc] INFO  o.e.m.j.internal.DownloadSourcesJob - Downloaded sources for org.springframework.boot:spring-boot-starter-mongodb:4.0.1-SNAPSHOT
2025-11-22 11:48:34,012 [Worker-35: Importing Maven projects] INFO  o.e.m.c.i.p.ProjectConfigurationManager - Imported and configured 1 project(s) in 39 sec
2025-11-22 11:48:34,316 [Worker-45: Download sources and javadoc] INFO  o.e.m.c.i.e.AbstractTransferListenerAdapter - Downloading https://repo.spring.io/snapshot/org/springframework/boot/spring-boot-mongodb/4.0.1-SNAPSHOT/spring-boot-mongodb-4.0.1-20251122.011621-8-sources.jar
2025-11-22 11:48:34,544 [Worker-47: Updating Maven Project] INFO  o.e.m.c.i.p.ProjectConfigurationManager - Update started
2025-11-22 11:48:34,582 [Worker-45: Download sources and javadoc] INFO  o.e.m.c.i.e.AbstractTransferListenerAdapter - Downloaded https://repo.spring.io/snapshot/org/springframework/boot/spring-boot-mongodb/4.0.1-SNAPSHOT/spring-boot-mongodb-4.0.1-20251122.011621-8-sources.jar
2025-11-22 11:48:34,649 [Worker-45: Download sources and javadoc] INFO  o.e.m.j.internal.DownloadSourcesJob - Downloaded sources for org.springframework.boot:spring-boot-mongodb:4.0.1-SNAPSHOT
2025-11-22 11:48:34,857 [Worker-45: Download sources and javadoc] INFO  o.e.m.c.i.e.AbstractTransferListenerAdapter - Downloading https://repo.maven.apache.org/maven2/org/mongodb/mongodb-driver-sync/5.6.1/mongodb-driver-sync-5.6.1-sources.jar
2025-11-22 11:48:34,941 [Worker-45: Download sources and javadoc] INFO  o.e.m.c.i.e.AbstractTransferListenerAdapter - Downloaded https://repo.maven.apache.org/maven2/org/mongodb/mongodb-driver-sync/5.6.1/mongodb-driver-sync-5.6.1-sources.jar
2025-11-22 11:48:34,964 [Worker-45: Download sources and javadoc] INFO  o.e.m.j.internal.DownloadSourcesJob - Downloaded sources for org.mongodb:mongodb-driver-sync:5.6.1
2025-11-22 11:48:39,230 [Worker-47: Updating Maven Project] INFO  o.e.m.c.i.l.LifecycleMappingFactory - Using org.eclipse.m2e.jdt.JarLifecycleMapping lifecycle mapping for MavenProject: com.app:demo:0.0.1-SNAPSHOT @ C:\Users\syeds\Downloads\demo\demo\pom.xml.
2025-11-22 11:48:39,939 [Worker-45: Download sources and javadoc] INFO  o.e.m.c.i.e.AbstractTransferListenerAdapter - Downloading https://repo.spring.io/snapshot/org/springframework/boot/spring-boot-data-mongodb/4.0.1-SNAPSHOT/spring-boot-data-mongodb-4.0.1-20251122.011621-8-sources.jar
2025-11-22 11:48:40,204 [Worker-45: Download sources and javadoc] INFO  o.e.m.c.i.e.AbstractTransferListenerAdapter - Downloaded https://repo.spring.io/snapshot/org/springframework/boot/spring-boot-data-mongodb/4.0.1-SNAPSHOT/spring-boot-data-mongodb-4.0.1-20251122.011621-8-sources.jar
2025-11-22 11:48:40,274 [Worker-45: Download sources and javadoc] INFO  o.e.m.j.internal.DownloadSourcesJob - Downloaded sources for org.springframework.boot:spring-boot-data-mongodb:4.0.1-SNAPSHOT
2025-11-22 11:48:41,323 [Worker-45: Download sources and javadoc] INFO  o.e.m.c.i.e.AbstractTransferListenerAdapter - Downloading https://repo.spring.io/snapshot/org/springframework/boot/spring-boot-data-commons/4.0.1-SNAPSHOT/spring-boot-data-commons-4.0.1-20251122.011621-8-sources.jar
2025-11-22 11:48:41,578 [Worker-45: Download sources and javadoc] INFO  o.e.m.c.i.e.AbstractTransferListenerAdapter - Downloaded https://repo.spring.io/snapshot/org/springframework/boot/spring-boot-data-commons/4.0.1-SNAPSHOT/spring-boot-data-commons-4.0.1-20251122.011621-8-sources.jar
2025-11-22 11:48:41,605 [Worker-45: Download sources and javadoc] INFO  o.e.m.j.internal.DownloadSourcesJob - Downloaded sources for org.springframework.boot:spring-boot-data-commons:4.0.1-SNAPSHOT
2025-11-22 11:48:42,618 [Worker-45: Download sources and javadoc] INFO  o.e.m.c.i.e.AbstractTransferListenerAdapter - Downloading https://repo.spring.io/snapshot/org/springframework/boot/spring-boot-persistence/4.0.1-SNAPSHOT/spring-boot-persistence-4.0.1-20251122.011621-8-sources.jar
2025-11-22 11:48:42,871 [Worker-45: Download sources and javadoc] INFO  o.e.m.c.i.e.AbstractTransferListenerAdapter - Downloaded https://repo.spring.io/snapshot/org/springframework/boot/spring-boot-persistence/4.0.1-SNAPSHOT/spring-boot-persistence-4.0.1-20251122.011621-8-sources.jar
2025-11-22 11:48:42,901 [Worker-45: Download sources and javadoc] INFO  o.e.m.j.internal.DownloadSourcesJob - Downloaded sources for org.springframework.boot:spring-boot-persistence:4.0.1-SNAPSHOT
2025-11-22 11:48:44,041 [Worker-47: Updating Maven Project] INFO  o.e.m.j.i.AbstractJavaProjectConfigurator - Adding source folder /demo/src/main/java
2025-11-22 11:48:44,046 [Worker-47: Updating Maven Project] INFO  o.e.m.j.i.AbstractJavaProjectConfigurator - Adding resource folder /demo/src/main/resources
2025-11-22 11:48:44,050 [Worker-47: Updating Maven Project] INFO  o.e.m.j.i.AbstractJavaProjectConfigurator - Adding resource folder /demo/src/main/resources
2025-11-22 11:48:44,051 [Worker-47: Updating Maven Project] INFO  o.e.m.j.i.AbstractJavaProjectConfigurator - Adding source folder /demo/src/test/java
2025-11-22 11:48:44,052 [Worker-45: Download sources and javadoc] INFO  o.e.m.c.i.e.AbstractTransferListenerAdapter - Downloading https://repo.spring.io/snapshot/org/springframework/boot/spring-boot-transaction/4.0.1-SNAPSHOT/spring-boot-transaction-4.0.1-20251122.011621-8-sources.jar
2025-11-22 11:48:44,054 [Worker-47: Updating Maven Project] INFO  o.e.m.j.i.AbstractJavaProjectConfigurator - Adding resource folder /demo/src/test/resources
2025-11-22 11:48:44,342 [Worker-45: Download sources and javadoc] INFO  o.e.m.c.i.e.AbstractTransferListenerAdapter - Downloaded https://repo.spring.io/snapshot/org/springframework/boot/spring-boot-transaction/4.0.1-SNAPSHOT/spring-boot-transaction-4.0.1-20251122.011621-8-sources.jar
2025-11-22 11:48:44,376 [Worker-45: Download sources and javadoc] INFO  o.e.m.j.internal.DownloadSourcesJob - Downloaded sources for org.springframework.boot:spring-boot-transaction:4.0.1-SNAPSHOT
2025-11-22 11:48:44,554 [Worker-45: Download sources and javadoc] INFO  o.e.m.c.i.e.AbstractTransferListenerAdapter - Downloading https://repo.maven.apache.org/maven2/org/springframework/data/spring-data-mongodb/5.0.0/spring-data-mongodb-5.0.0-sources.jar
2025-11-22 11:48:44,815 [Worker-45: Download sources and javadoc] INFO  o.e.m.c.i.e.AbstractTransferListenerAdapter - Downloaded https://repo.maven.apache.org/maven2/org/springframework/data/spring-data-mongodb/5.0.0/spring-data-mongodb-5.0.0-sources.jar
2025-11-22 11:48:44,837 [Worker-45: Download sources and javadoc] INFO  o.e.m.j.internal.DownloadSourcesJob - Downloaded sources for org.springframework.data:spring-data-mongodb:5.0.0
2025-11-22 11:48:45,857 [Worker-45: Download sources and javadoc] INFO  o.e.m.c.i.e.AbstractTransferListenerAdapter - Downloading https://repo.spring.io/snapshot/org/springframework/boot/spring-boot-reactor/4.0.1-SNAPSHOT/spring-boot-reactor-4.0.1-20251122.011621-8-sources.jar
2025-11-22 11:48:45,880 [Worker-45: Download sources and javadoc] INFO  o.e.m.c.i.e.AbstractTransferListenerAdapter - Downloaded https://repo.spring.io/snapshot/org/springframework/boot/spring-boot-reactor/4.0.1-SNAPSHOT/spring-boot-reactor-4.0.1-20251122.011621-8-sources.jar
2025-11-22 11:48:45,907 [Worker-45: Download sources and javadoc] INFO  o.e.m.j.internal.DownloadSourcesJob - Downloaded sources for org.springframework.boot:spring-boot-reactor:4.0.1-SNAPSHOT
2025-11-22 11:48:47,191 [Worker-47: Updating Maven Project] INFO  o.e.m.c.i.p.ProjectConfigurationManager - Update completed for 1 poms: local refresh takes 0.00 sec, refresh facades takes 9.00 sec, update config takes 2.00 sec 
2025-11-22 11:48:47,920 [Worker-45: Download sources and javadoc] INFO  o.e.m.c.i.e.AbstractTransferListenerAdapter - Downloading https://repo.spring.io/snapshot/org/springframework/boot/spring-boot/4.0.1-SNAPSHOT/spring-boot-4.0.1-20251122.011621-8-sources.jar
2025-11-22 11:48:49,554 [Worker-45: Download sources and javadoc] INFO  o.e.m.c.i.e.AbstractTransferListenerAdapter - Downloaded https://repo.spring.io/snapshot/org/springframework/boot/spring-boot/4.0.1-SNAPSHOT/spring-boot-4.0.1-20251122.011621-8-sources.jar
2025-11-22 11:48:49,595 [Worker-45: Download sources and javadoc] INFO  o.e.m.j.internal.DownloadSourcesJob - Downloaded sources for org.springframework.boot:spring-boot:4.0.1-SNAPSHOT
2025-11-22 11:48:49,795 [Worker-45: Download sources and javadoc] INFO  o.e.m.c.i.e.AbstractTransferListenerAdapter - Downloading https://repo.maven.apache.org/maven2/org/mongodb/mongodb-driver-reactivestreams/5.6.1/mongodb-driver-reactivestreams-5.6.1-sources.jar
2025-11-22 11:48:49,867 [Worker-45: Download sources and javadoc] INFO  o.e.m.c.i.e.AbstractTransferListenerAdapter - Downloaded https://repo.maven.apache.org/maven2/org/mongodb/mongodb-driver-reactivestreams/5.6.1/mongodb-driver-reactivestreams-5.6.1-sources.jar
2025-11-22 11:48:49,886 [Worker-45: Download sources and javadoc] INFO  o.e.m.j.internal.DownloadSourcesJob - Downloaded sources for org.mongodb:mongodb-driver-reactivestreams:5.6.1
2025-11-22 11:48:50,055 [Worker-45: Download sources and javadoc] INFO  o.e.m.c.i.e.AbstractTransferListenerAdapter - Downloading https://repo.maven.apache.org/maven2/org/mongodb/bson/5.6.1/bson-5.6.1-sources.jar
2025-11-22 11:48:50,195 [Worker-45: Download sources and javadoc] INFO  o.e.m.c.i.e.AbstractTransferListenerAdapter - Downloaded https://repo.maven.apache.org/maven2/org/mongodb/bson/5.6.1/bson-5.6.1-sources.jar
2025-11-22 11:48:50,213 [Worker-45: Download sources and javadoc] INFO  o.e.m.j.internal.DownloadSourcesJob - Downloaded sources for org.mongodb:bson:5.6.1
2025-11-22 11:48:50,474 [Worker-45: Download sources and javadoc] INFO  o.e.m.c.i.e.AbstractTransferListenerAdapter - Downloading https://repo.maven.apache.org/maven2/org/mongodb/mongodb-driver-core/5.6.1/mongodb-driver-core-5.6.1-sources.jar
2025-11-22 11:48:50,513 [Worker-47: Building] WARN  o.a.m.s.f.DefaultMavenResourcesFiltering - Using platform encoding (UTF-8 actually) to copy filtered resources, i.e. build is platform dependent!
2025-11-22 11:48:50,517 [Worker-47: Building] INFO  o.a.m.s.f.DefaultMavenResourcesFiltering - skip non existing resourceDirectory C:\Users\syeds\OneDrive\Documents\Desktop\CHUBB\Assignment1\src\main\resources
2025-11-22 11:48:50,535 [Worker-47: Building] WARN  o.a.m.s.f.DefaultMavenResourcesFiltering - Using platform encoding (UTF-8 actually) to copy filtered resources, i.e. build is platform dependent!
2025-11-22 11:48:50,541 [Worker-47: Building] INFO  o.a.m.s.f.DefaultMavenResourcesFiltering - skip non existing resourceDirectory C:\Users\syeds\OneDrive\Documents\Desktop\CHUBB\Assignment1\src\test\resources
2025-11-22 11:48:50,782 [Worker-45: Download sources and javadoc] INFO  o.e.m.c.i.e.AbstractTransferListenerAdapter - Downloaded https://repo.maven.apache.org/maven2/org/mongodb/mongodb-driver-core/5.6.1/mongodb-driver-core-5.6.1-sources.jar
2025-11-22 11:48:50,800 [Worker-45: Download sources and javadoc] INFO  o.e.m.j.internal.DownloadSourcesJob - Downloaded sources for org.mongodb:mongodb-driver-core:5.6.1
2025-11-22 11:48:50,955 [Worker-45: Download sources and javadoc] INFO  o.e.m.c.i.e.AbstractTransferListenerAdapter - Downloading https://repo.maven.apache.org/maven2/org/mongodb/bson-record-codec/5.6.1/bson-record-codec-5.6.1-sources.jar
2025-11-22 11:48:50,977 [Worker-45: Download sources and javadoc] INFO  o.e.m.c.i.e.AbstractTransferListenerAdapter - Downloaded https://repo.maven.apache.org/maven2/org/mongodb/bson-record-codec/5.6.1/bson-record-codec-5.6.1-sources.jar
2025-11-22 11:48:50,994 [Worker-45: Download sources and javadoc] INFO  o.e.m.j.internal.DownloadSourcesJob - Downloaded sources for org.mongodb:bson-record-codec:5.6.1
2025-11-22 11:48:51,878 [Worker-45: Download sources and javadoc] INFO  o.e.m.c.i.e.AbstractTransferListenerAdapter - Downloading https://repo.spring.io/snapshot/org/springframework/boot/spring-boot-starter-webflux/4.0.1-SNAPSHOT/spring-boot-starter-webflux-4.0.1-20251122.011621-8-sources.jar
2025-11-22 11:48:51,898 [Worker-45: Download sources and javadoc] INFO  o.e.m.c.i.e.AbstractTransferListenerAdapter - Downloaded https://repo.spring.io/snapshot/org/springframework/boot/spring-boot-starter-webflux/4.0.1-SNAPSHOT/spring-boot-starter-webflux-4.0.1-20251122.011621-8-sources.jar
2025-11-22 11:48:51,930 [Worker-45: Download sources and javadoc] INFO  o.e.m.j.internal.DownloadSourcesJob - Downloaded sources for org.springframework.boot:spring-boot-starter-webflux:4.0.1-SNAPSHOT
2025-11-22 11:48:52,935 [Worker-45: Download sources and javadoc] INFO  o.e.m.c.i.e.AbstractTransferListenerAdapter - Downloading https://repo.spring.io/snapshot/org/springframework/boot/spring-boot-starter/4.0.1-SNAPSHOT/spring-boot-starter-4.0.1-20251122.011621-8-sources.jar
2025-11-22 11:48:52,961 [Worker-45: Download sources and javadoc] INFO  o.e.m.c.i.e.AbstractTransferListenerAdapter - Downloaded https://repo.spring.io/snapshot/org/springframework/boot/spring-boot-starter/4.0.1-SNAPSHOT/spring-boot-starter-4.0.1-20251122.011621-8-sources.jar
2025-11-22 11:48:52,994 [Worker-45: Download sources and javadoc] INFO  o.e.m.j.internal.DownloadSourcesJob - Downloaded sources for org.springframework.boot:spring-boot-starter:4.0.1-SNAPSHOT
2025-11-22 11:48:53,786 [Worker-45: Download sources and javadoc] INFO  o.e.m.c.i.e.AbstractTransferListenerAdapter - Downloading https://repo.spring.io/snapshot/org/springframework/boot/spring-boot-starter-logging/4.0.1-SNAPSHOT/spring-boot-starter-logging-4.0.1-20251122.011621-8-sources.jar
2025-11-22 11:48:53,809 [Worker-45: Download sources and javadoc] INFO  o.e.m.c.i.e.AbstractTransferListenerAdapter - Downloaded https://repo.spring.io/snapshot/org/springframework/boot/spring-boot-starter-logging/4.0.1-SNAPSHOT/spring-boot-starter-logging-4.0.1-20251122.011621-8-sources.jar
2025-11-22 11:48:53,845 [Worker-45: Download sources and javadoc] INFO  o.e.m.j.internal.DownloadSourcesJob - Downloaded sources for org.springframework.boot:spring-boot-starter-logging:4.0.1-SNAPSHOT
2025-11-22 11:48:54,332 [Worker-18: Building] INFO  o.a.m.s.f.DefaultMavenResourcesFiltering - Copying 1 resource from src\main\resources to target\classes
2025-11-22 11:48:54,384 [Worker-18: Building] INFO  o.a.m.s.f.DefaultMavenResourcesFiltering - Copying 0 resource from src\main\resources to target\classes
2025-11-22 11:48:54,396 [Worker-18: Building] INFO  o.a.m.s.f.DefaultMavenResourcesFiltering - skip non existing resourceDirectory C:\Users\syeds\OneDrive\Documents\Desktop\CHUBB\Boot1_demo\src\test\resources
2025-11-22 11:48:55,746 [Worker-45: Download sources and javadoc] INFO  o.e.m.c.i.e.AbstractTransferListenerAdapter - Downloading https://repo.spring.io/snapshot/org/springframework/boot/spring-boot-autoconfigure/4.0.1-SNAPSHOT/spring-boot-autoconfigure-4.0.1-20251122.011621-8-sources.jar
2025-11-22 11:48:56,201 [Worker-48: Building] INFO  o.a.m.s.f.DefaultMavenResourcesFiltering - Copying 1 resource from src\main\resources to target\classes
2025-11-22 11:48:56,234 [Worker-48: Building] INFO  o.a.m.s.f.DefaultMavenResourcesFiltering - Copying 1 resource from src\main\resources to target\classes
2025-11-22 11:48:56,253 [Worker-48: Building] INFO  o.a.m.s.f.DefaultMavenResourcesFiltering - skip non existing resourceDirectory C:\Users\syeds\OneDrive\Documents\Desktop\CHUBB\Boot2_SpringWebFlux\src\test\resources
2025-11-22 11:48:56,785 [Worker-45: Download sources and javadoc] INFO  o.e.m.c.i.e.AbstractTransferListenerAdapter - Downloaded https://repo.spring.io/snapshot/org/springframework/boot/spring-boot-autoconfigure/4.0.1-SNAPSHOT/spring-boot-autoconfigure-4.0.1-20251122.011621-8-sources.jar
2025-11-22 11:48:56,814 [Worker-45: Download sources and javadoc] INFO  o.e.m.j.internal.DownloadSourcesJob - Downloaded sources for org.springframework.boot:spring-boot-autoconfigure:4.0.1-SNAPSHOT
2025-11-22 11:48:57,872 [Worker-45: Download sources and javadoc] INFO  o.e.m.c.i.e.AbstractTransferListenerAdapter - Downloading https://repo.spring.io/snapshot/org/springframework/boot/spring-boot-starter-jackson/4.0.1-SNAPSHOT/spring-boot-starter-jackson-4.0.1-20251122.011621-8-sources.jar
2025-11-22 11:48:57,895 [Worker-45: Download sources and javadoc] INFO  o.e.m.c.i.e.AbstractTransferListenerAdapter - Downloaded https://repo.spring.io/snapshot/org/springframework/boot/spring-boot-starter-jackson/4.0.1-SNAPSHOT/spring-boot-starter-jackson-4.0.1-20251122.011621-8-sources.jar
2025-11-22 11:48:57,925 [Worker-45: Download sources and javadoc] INFO  o.e.m.j.internal.DownloadSourcesJob - Downloaded sources for org.springframework.boot:spring-boot-starter-jackson:4.0.1-SNAPSHOT
2025-11-22 11:48:57,925 [Worker-46: Building] ERROR o.e.m.c.i.p.r.ProjectRegistryManager - Could not read pom.xml
org.eclipse.core.runtime.CoreException: Could not read pom.xml
	at org.eclipse.m2e.core.internal.IMavenToolbox.readModel(IMavenToolbox.java:245)
	at org.eclipse.m2e.core.internal.project.registry.ProjectRegistryManager.refreshPhase2(ProjectRegistryManager.java:591)
	at org.eclipse.m2e.core.internal.project.registry.ProjectRegistryManager.refresh(ProjectRegistryManager.java:491)
	at org.eclipse.m2e.core.internal.project.registry.ProjectRegistryManager.refresh(ProjectRegistryManager.java:370)
	at org.eclipse.m2e.core.internal.project.registry.ProjectRegistryManager.refresh(ProjectRegistryManager.java:322)
	at org.eclipse.m2e.core.internal.builder.MavenBuilder$BuildMethod.getProjectFacade(MavenBuilder.java:146)
	at org.eclipse.m2e.core.internal.builder.MavenBuilder$BuildMethod.lambda$0(MavenBuilder.java:84)
	at org.eclipse.m2e.core.internal.embedder.MavenExecutionContext.executeBare(MavenExecutionContext.java:458)
	at org.eclipse.m2e.core.internal.embedder.MavenExecutionContext.execute(MavenExecutionContext.java:339)
	at org.eclipse.m2e.core.internal.embedder.MavenExecutionContext.execute(MavenExecutionContext.java:278)
	at org.eclipse.m2e.core.internal.builder.MavenBuilder$BuildMethod.execute(MavenBuilder.java:83)
	at org.eclipse.m2e.core.internal.builder.MavenBuilder.build(MavenBuilder.java:192)
	at org.eclipse.core.internal.events.BuildManager$2.run(BuildManager.java:1077)
	at org.eclipse.core.runtime.SafeRunner.run(SafeRunner.java:47)
	at org.eclipse.core.internal.events.BuildManager.basicBuild(BuildManager.java:296)
	at org.eclipse.core.internal.events.BuildManager.basicBuild(BuildManager.java:352)
	at org.eclipse.core.internal.events.BuildManager$1.run(BuildManager.java:441)
	at org.eclipse.core.runtime.SafeRunner.run(SafeRunner.java:47)
	at org.eclipse.core.internal.events.BuildManager.basicBuild(BuildManager.java:444)
	at org.eclipse.core.internal.events.BuildManager.basicBuildLoop(BuildManager.java:555)
	at org.eclipse.core.internal.events.BuildManager.basicBuildLoop(BuildManager.java:503)
	at org.eclipse.core.internal.events.BuildManager.build(BuildManager.java:585)
	at org.eclipse.core.internal.events.AutoBuildJob.doBuild(AutoBuildJob.java:207)
	at org.eclipse.core.internal.events.AutoBuildJob.run(AutoBuildJob.java:300)
	at org.eclipse.core.internal.jobs.Worker.run(Worker.java:63)
Caused by: org.apache.maven.model.io.ModelParseException: end tag name </dependencyManagement> must match start tag name <project> from line 2 (position: TEXT seen ...</dependencies>\r\n</dependencyManagement>... @51:24) 
	at org.apache.maven.model.io.DefaultModelReader.read(DefaultModelReader.java:96)
	at org.apache.maven.model.io.DefaultModelReader.read(DefaultModelReader.java:74)
	at org.eclipse.m2e.core.internal.IMavenToolbox.readModel(IMavenToolbox.java:243)
	... 24 common frames omitted
Caused by: org.codehaus.plexus.util.xml.pull.XmlPullParserException: end tag name </dependencyManagement> must match start tag name <project> from line 2 (position: TEXT seen ...</dependencies>\r\n</dependencyManagement>... @51:24) 
	at org.codehaus.plexus.util.xml.pull.MXParser.parseEndTag(MXParser.java:2151)
	at org.codehaus.plexus.util.xml.pull.MXParser.nextImpl(MXParser.java:1418)
	at org.codehaus.plexus.util.xml.pull.MXParser.next(MXParser.java:1375)
	at org.codehaus.plexus.util.xml.pull.MXParser.nextTag(MXParser.java:1360)
	at org.apache.maven.model.io.xpp3.MavenXpp3Reader.parseModel(MavenXpp3Reader.java:2155)
	at org.apache.maven.model.io.xpp3.MavenXpp3Reader.read(MavenXpp3Reader.java:623)
	at org.apache.maven.model.io.xpp3.MavenXpp3Reader.read(MavenXpp3Reader.java:654)
	at org.apache.maven.model.io.DefaultModelReader.read(DefaultModelReader.java:93)
	... 26 common frames omitted
2025-11-22 11:48:58,984 [Worker-45: Download sources and javadoc] INFO  o.e.m.c.i.e.AbstractTransferListenerAdapter - Downloading https://repo.spring.io/snapshot/org/springframework/boot/spring-boot-jackson/4.0.1-SNAPSHOT/spring-boot-jackson-4.0.1-20251122.011621-8-sources.jar
2025-11-22 11:48:59,142 [Worker-46: Building] WARN  o.a.m.s.f.DefaultMavenResourcesFiltering - Using platform encoding (UTF-8 actually) to copy filtered resources, i.e. build is platform dependent!
2025-11-22 11:48:59,144 [Worker-46: Building] INFO  o.a.m.s.f.DefaultMavenResourcesFiltering - skip non existing resourceDirectory C:\Users\syeds\OneDrive\Documents\Desktop\CHUBB\MavenDemo1\src\main\resources
2025-11-22 11:48:59,151 [Worker-46: Building] WARN  o.a.m.s.f.DefaultMavenResourcesFiltering - Using platform encoding (UTF-8 actually) to copy filtered resources, i.e. build is platform dependent!
2025-11-22 11:48:59,153 [Worker-46: Building] INFO  o.a.m.s.f.DefaultMavenResourcesFiltering - skip non existing resourceDirectory C:\Users\syeds\OneDrive\Documents\Desktop\CHUBB\MavenDemo1\src\test\resources
2025-11-22 11:48:59,252 [Worker-45: Download sources and javadoc] INFO  o.e.m.c.i.e.AbstractTransferListenerAdapter - Downloaded https://repo.spring.io/snapshot/org/springframework/boot/spring-boot-jackson/4.0.1-SNAPSHOT/spring-boot-jackson-4.0.1-20251122.011621-8-sources.jar
2025-11-22 11:48:59,274 [Worker-45: Download sources and javadoc] INFO  o.e.m.j.internal.DownloadSourcesJob - Downloaded sources for org.springframework.boot:spring-boot-jackson:4.0.1-SNAPSHOT
2025-11-22 11:49:00,064 [Worker-44: Building] INFO  o.a.m.s.f.DefaultMavenResourcesFiltering - skip non existing resourceDirectory C:\Users\syeds\OneDrive\Documents\Desktop\CHUBB\MavenDemo2_HotelBooking\src\main\resources
2025-11-22 11:49:00,075 [Worker-44: Building] INFO  o.a.m.s.f.DefaultMavenResourcesFiltering - skip non existing resourceDirectory C:\Users\syeds\OneDrive\Documents\Desktop\CHUBB\MavenDemo2_HotelBooking\src\test\resources
2025-11-22 11:49:00,358 [Worker-45: Download sources and javadoc] INFO  o.e.m.c.i.e.AbstractTransferListenerAdapter - Downloading https://repo.spring.io/snapshot/org/springframework/boot/spring-boot-starter-reactor-netty/4.0.1-SNAPSHOT/spring-boot-starter-reactor-netty-4.0.1-20251122.011621-8-sources.jar
2025-11-22 11:49:00,372 [Worker-44: Building] WARN  o.a.m.s.f.DefaultMavenResourcesFiltering - Using platform encoding (UTF-8 actually) to copy filtered resources, i.e. build is platform dependent!
2025-11-22 11:49:00,375 [Worker-45: Download sources and javadoc] INFO  o.e.m.c.i.e.AbstractTransferListenerAdapter - Downloaded https://repo.spring.io/snapshot/org/springframework/boot/spring-boot-starter-reactor-netty/4.0.1-SNAPSHOT/spring-boot-starter-reactor-netty-4.0.1-20251122.011621-8-sources.jar
2025-11-22 11:49:00,377 [Worker-44: Building] INFO  o.a.m.s.f.DefaultMavenResourcesFiltering - Copying 0 resource from src\main\resources to target\classes
2025-11-22 11:49:00,381 [Worker-44: Building] WARN  o.a.m.s.f.DefaultMavenResourcesFiltering - Using platform encoding (UTF-8 actually) to copy filtered resources, i.e. build is platform dependent!
2025-11-22 11:49:00,384 [Worker-44: Building] INFO  o.a.m.s.f.DefaultMavenResourcesFiltering - Copying 0 resource from src\test\resources to target\test-classes
2025-11-22 11:49:00,395 [Worker-45: Download sources and javadoc] INFO  o.e.m.j.internal.DownloadSourcesJob - Downloaded sources for org.springframework.boot:spring-boot-starter-reactor-netty:4.0.1-SNAPSHOT
2025-11-22 11:49:00,633 [Worker-44: Building] WARN  o.a.m.s.f.DefaultMavenResourcesFiltering - Using platform encoding (UTF-8 actually) to copy filtered resources, i.e. build is platform dependent!
2025-11-22 11:49:00,635 [Worker-44: Building] INFO  o.a.m.s.f.DefaultMavenResourcesFiltering - Copying 0 resource from src\main\resources to target\classes
2025-11-22 11:49:00,641 [Worker-44: Building] WARN  o.a.m.s.f.DefaultMavenResourcesFiltering - Using platform encoding (UTF-8 actually) to copy filtered resources, i.e. build is platform dependent!
2025-11-22 11:49:00,644 [Worker-44: Building] INFO  o.a.m.s.f.DefaultMavenResourcesFiltering - Copying 0 resource from src\test\resources to target\test-classes
2025-11-22 11:49:00,837 [Worker-44: Building] WARN  o.a.m.s.f.DefaultMavenResourcesFiltering - Using platform encoding (UTF-8 actually) to copy filtered resources, i.e. build is platform dependent!
2025-11-22 11:49:00,840 [Worker-44: Building] INFO  o.a.m.s.f.DefaultMavenResourcesFiltering - Copying 0 resource from src\main\resources to target\classes
2025-11-22 11:49:00,845 [Worker-44: Building] WARN  o.a.m.s.f.DefaultMavenResourcesFiltering - Using platform encoding (UTF-8 actually) to copy filtered resources, i.e. build is platform dependent!
2025-11-22 11:49:00,848 [Worker-44: Building] INFO  o.a.m.s.f.DefaultMavenResourcesFiltering - Copying 0 resource from src\test\resources to target\test-classes
2025-11-22 11:49:01,355 [Worker-47: Building] WARN  o.a.m.s.f.DefaultMavenResourcesFiltering - Using platform encoding (UTF-8 actually) to copy filtered resources, i.e. build is platform dependent!
2025-11-22 11:49:01,360 [Worker-47: Building] INFO  o.a.m.s.f.DefaultMavenResourcesFiltering - Copying 0 resource from src\main\resources to target\classes
2025-11-22 11:49:01,369 [Worker-47: Building] WARN  o.a.m.s.f.DefaultMavenResourcesFiltering - Using platform encoding (UTF-8 actually) to copy filtered resources, i.e. build is platform dependent!
2025-11-22 11:49:01,375 [Worker-47: Building] INFO  o.a.m.s.f.DefaultMavenResourcesFiltering - Copying 0 resource from src\test\resources to target\test-classes
2025-11-22 11:49:01,376 [Worker-45: Download sources and javadoc] INFO  o.e.m.c.i.e.AbstractTransferListenerAdapter - Downloading https://repo.spring.io/snapshot/org/springframework/boot/spring-boot-reactor-netty/4.0.1-SNAPSHOT/spring-boot-reactor-netty-4.0.1-20251122.011621-8-sources.jar
2025-11-22 11:49:01,617 [Worker-45: Download sources and javadoc] INFO  o.e.m.c.i.e.AbstractTransferListenerAdapter - Downloaded https://repo.spring.io/snapshot/org/springframework/boot/spring-boot-reactor-netty/4.0.1-SNAPSHOT/spring-boot-reactor-netty-4.0.1-20251122.011621-8-sources.jar
2025-11-22 11:49:01,641 [Worker-45: Download sources and javadoc] INFO  o.e.m.j.internal.DownloadSourcesJob - Downloaded sources for org.springframework.boot:spring-boot-reactor-netty:4.0.1-SNAPSHOT
2025-11-22 11:49:02,014 [Worker-47: Building] INFO  o.a.m.s.f.DefaultMavenResourcesFiltering - Copying 0 resource from src\main\resources to target\classes
2025-11-22 11:49:02,022 [Worker-47: Building] INFO  o.a.m.s.f.DefaultMavenResourcesFiltering - Copying 0 resource from src\test\resources to target\test-classes
2025-11-22 11:49:02,666 [Worker-45: Download sources and javadoc] INFO  o.e.m.c.i.e.AbstractTransferListenerAdapter - Downloading https://repo.spring.io/snapshot/org/springframework/boot/spring-boot-netty/4.0.1-SNAPSHOT/spring-boot-netty-4.0.1-20251122.011621-8-sources.jar
2025-11-22 11:49:02,678 [Worker-45: Download sources and javadoc] INFO  o.e.m.c.i.e.AbstractTransferListenerAdapter - Downloaded https://repo.spring.io/snapshot/org/springframework/boot/spring-boot-netty/4.0.1-SNAPSHOT/spring-boot-netty-4.0.1-20251122.011621-8-sources.jar
2025-11-22 11:49:02,699 [Worker-45: Download sources and javadoc] INFO  o.e.m.j.internal.DownloadSourcesJob - Downloaded sources for org.springframework.boot:spring-boot-netty:4.0.1-SNAPSHOT
2025-11-22 11:49:02,792 [Worker-47: Building] INFO  o.a.m.s.f.DefaultMavenResourcesFiltering - Copying 1 resource from src\main\resources to target\classes
2025-11-22 11:49:02,832 [Worker-47: Building] INFO  o.a.m.s.f.DefaultMavenResourcesFiltering - Copying 0 resource from src\main\resources to target\classes
2025-11-22 11:49:02,840 [Worker-47: Building] INFO  o.a.m.s.f.DefaultMavenResourcesFiltering - skip non existing resourceDirectory C:\Users\syeds\Downloads\demo\demo\src\test\resources
2025-11-22 11:49:03,435 [Worker-45: Download sources and javadoc] INFO  o.e.m.c.i.e.AbstractTransferListenerAdapter - Downloading https://repo.spring.io/snapshot/org/springframework/boot/spring-boot-webflux/4.0.1-SNAPSHOT/spring-boot-webflux-4.0.1-20251122.011621-8-sources.jar
2025-11-22 11:49:03,916 [Worker-45: Download sources and javadoc] INFO  o.e.m.c.i.e.AbstractTransferListenerAdapter - Downloaded https://repo.spring.io/snapshot/org/springframework/boot/spring-boot-webflux/4.0.1-SNAPSHOT/spring-boot-webflux-4.0.1-20251122.011621-8-sources.jar
2025-11-22 11:49:03,931 [Worker-45: Download sources and javadoc] INFO  o.e.m.j.internal.DownloadSourcesJob - Downloaded sources for org.springframework.boot:spring-boot-webflux:4.0.1-SNAPSHOT
2025-11-22 11:49:05,022 [Worker-45: Download sources and javadoc] INFO  o.e.m.c.i.e.AbstractTransferListenerAdapter - Downloading https://repo.spring.io/snapshot/org/springframework/boot/spring-boot-http-codec/4.0.1-SNAPSHOT/spring-boot-http-codec-4.0.1-20251122.011621-8-sources.jar
2025-11-22 11:49:05,041 [Worker-45: Download sources and javadoc] INFO  o.e.m.c.i.e.AbstractTransferListenerAdapter - Downloaded https://repo.spring.io/snapshot/org/springframework/boot/spring-boot-http-codec/4.0.1-SNAPSHOT/spring-boot-http-codec-4.0.1-20251122.011621-8-sources.jar
2025-11-22 11:49:05,054 [Worker-45: Download sources and javadoc] INFO  o.e.m.j.internal.DownloadSourcesJob - Downloaded sources for org.springframework.boot:spring-boot-http-codec:4.0.1-SNAPSHOT
2025-11-22 11:49:06,031 [Worker-45: Download sources and javadoc] INFO  o.e.m.c.i.e.AbstractTransferListenerAdapter - Downloading https://repo.spring.io/snapshot/org/springframework/boot/spring-boot-web-server/4.0.1-SNAPSHOT/spring-boot-web-server-4.0.1-20251122.011621-8-sources.jar
2025-11-22 11:49:06,763 [Worker-45: Download sources and javadoc] INFO  o.e.m.c.i.e.AbstractTransferListenerAdapter - Downloaded https://repo.spring.io/snapshot/org/springframework/boot/spring-boot-web-server/4.0.1-SNAPSHOT/spring-boot-web-server-4.0.1-20251122.011621-8-sources.jar
2025-11-22 11:49:06,775 [Worker-45: Download sources and javadoc] INFO  o.e.m.j.internal.DownloadSourcesJob - Downloaded sources for org.springframework.boot:spring-boot-web-server:4.0.1-SNAPSHOT
2025-11-22 11:49:07,515 [Worker-45: Download sources and javadoc] INFO  o.e.m.c.i.e.AbstractTransferListenerAdapter - Downloading https://repo.spring.io/snapshot/org/springframework/boot/spring-boot-starter-data-mongodb-reactive-test/4.0.1-SNAPSHOT/spring-boot-starter-data-mongodb-reactive-test-4.0.1-20251122.011621-8-sources.jar
2025-11-22 11:49:07,523 [Worker-45: Download sources and javadoc] INFO  o.e.m.c.i.e.AbstractTransferListenerAdapter - Downloaded https://repo.spring.io/snapshot/org/springframework/boot/spring-boot-starter-data-mongodb-reactive-test/4.0.1-SNAPSHOT/spring-boot-starter-data-mongodb-reactive-test-4.0.1-20251122.011621-8-sources.jar
2025-11-22 11:49:07,532 [Worker-45: Download sources and javadoc] INFO  o.e.m.j.internal.DownloadSourcesJob - Downloaded sources for org.springframework.boot:spring-boot-starter-data-mongodb-reactive-test:4.0.1-SNAPSHOT
2025-11-22 11:49:08,488 [Worker-45: Download sources and javadoc] INFO  o.e.m.c.i.e.AbstractTransferListenerAdapter - Downloading https://repo.spring.io/snapshot/org/springframework/boot/spring-boot-starter-test/4.0.1-SNAPSHOT/spring-boot-starter-test-4.0.1-20251122.011621-8-sources.jar
2025-11-22 11:49:08,496 [Worker-45: Download sources and javadoc] INFO  o.e.m.c.i.e.AbstractTransferListenerAdapter - Downloaded https://repo.spring.io/snapshot/org/springframework/boot/spring-boot-starter-test/4.0.1-SNAPSHOT/spring-boot-starter-test-4.0.1-20251122.011621-8-sources.jar
2025-11-22 11:49:08,506 [Worker-45: Download sources and javadoc] INFO  o.e.m.j.internal.DownloadSourcesJob - Downloaded sources for org.springframework.boot:spring-boot-starter-test:4.0.1-SNAPSHOT
2025-11-22 11:49:09,211 [Worker-45: Download sources and javadoc] INFO  o.e.m.c.i.e.AbstractTransferListenerAdapter - Downloading https://repo.spring.io/snapshot/org/springframework/boot/spring-boot-test/4.0.1-SNAPSHOT/spring-boot-test-4.0.1-20251122.011621-8-sources.jar
2025-11-22 11:49:09,926 [Worker-45: Download sources and javadoc] INFO  o.e.m.c.i.e.AbstractTransferListenerAdapter - Downloaded https://repo.spring.io/snapshot/org/springframework/boot/spring-boot-test/4.0.1-SNAPSHOT/spring-boot-test-4.0.1-20251122.011621-8-sources.jar
2025-11-22 11:49:09,931 [Worker-45: Download sources and javadoc] INFO  o.e.m.j.internal.DownloadSourcesJob - Downloaded sources for org.springframework.boot:spring-boot-test:4.0.1-SNAPSHOT
2025-11-22 11:49:10,702 [Worker-45: Download sources and javadoc] INFO  o.e.m.c.i.e.AbstractTransferListenerAdapter - Downloading https://repo.spring.io/snapshot/org/springframework/boot/spring-boot-test-autoconfigure/4.0.1-SNAPSHOT/spring-boot-test-autoconfigure-4.0.1-20251122.011621-8-sources.jar
2025-11-22 11:49:10,974 [Worker-45: Download sources and javadoc] INFO  o.e.m.c.i.e.AbstractTransferListenerAdapter - Downloaded https://repo.spring.io/snapshot/org/springframework/boot/spring-boot-test-autoconfigure/4.0.1-SNAPSHOT/spring-boot-test-autoconfigure-4.0.1-20251122.011621-8-sources.jar
2025-11-22 11:49:10,988 [Worker-45: Download sources and javadoc] INFO  o.e.m.j.internal.DownloadSourcesJob - Downloaded sources for org.springframework.boot:spring-boot-test-autoconfigure:4.0.1-SNAPSHOT
2025-11-22 11:49:11,976 [Worker-45: Download sources and javadoc] INFO  o.e.m.c.i.e.AbstractTransferListenerAdapter - Downloading https://repo.spring.io/snapshot/org/springframework/boot/spring-boot-data-mongodb-test/4.0.1-SNAPSHOT/spring-boot-data-mongodb-test-4.0.1-20251122.011621-8-sources.jar
2025-11-22 11:49:11,998 [Worker-45: Download sources and javadoc] INFO  o.e.m.c.i.e.AbstractTransferListenerAdapter - Downloaded https://repo.spring.io/snapshot/org/springframework/boot/spring-boot-data-mongodb-test/4.0.1-SNAPSHOT/spring-boot-data-mongodb-test-4.0.1-20251122.011621-8-sources.jar
2025-11-22 11:49:12,013 [Worker-45: Download sources and javadoc] INFO  o.e.m.j.internal.DownloadSourcesJob - Downloaded sources for org.springframework.boot:spring-boot-data-mongodb-test:4.0.1-SNAPSHOT
2025-11-22 11:49:13,051 [Worker-45: Download sources and javadoc] INFO  o.e.m.c.i.e.AbstractTransferListenerAdapter - Downloading https://repo.spring.io/snapshot/org/springframework/boot/spring-boot-starter-webflux-test/4.0.1-SNAPSHOT/spring-boot-starter-webflux-test-4.0.1-20251122.011621-8-sources.jar
2025-11-22 11:49:13,056 [Worker-45: Download sources and javadoc] INFO  o.e.m.c.i.e.AbstractTransferListenerAdapter - Downloaded https://repo.spring.io/snapshot/org/springframework/boot/spring-boot-starter-webflux-test/4.0.1-SNAPSHOT/spring-boot-starter-webflux-test-4.0.1-20251122.011621-8-sources.jar
2025-11-22 11:49:13,062 [Worker-45: Download sources and javadoc] INFO  o.e.m.j.internal.DownloadSourcesJob - Downloaded sources for org.springframework.boot:spring-boot-starter-webflux-test:4.0.1-SNAPSHOT
2025-11-22 11:49:14,171 [Worker-45: Download sources and javadoc] INFO  o.e.m.c.i.e.AbstractTransferListenerAdapter - Downloading https://repo.spring.io/snapshot/org/springframework/boot/spring-boot-starter-jackson-test/4.0.1-SNAPSHOT/spring-boot-starter-jackson-test-4.0.1-20251122.011621-8-sources.jar
2025-11-22 11:49:14,180 [Worker-45: Download sources and javadoc] INFO  o.e.m.c.i.e.AbstractTransferListenerAdapter - Downloaded https://repo.spring.io/snapshot/org/springframework/boot/spring-boot-starter-jackson-test/4.0.1-SNAPSHOT/spring-boot-starter-jackson-test-4.0.1-20251122.011621-8-sources.jar
2025-11-22 11:49:14,189 [Worker-45: Download sources and javadoc] INFO  o.e.m.j.internal.DownloadSourcesJob - Downloaded sources for org.springframework.boot:spring-boot-starter-jackson-test:4.0.1-SNAPSHOT
2025-11-22 11:49:15,193 [Worker-45: Download sources and javadoc] INFO  o.e.m.c.i.e.AbstractTransferListenerAdapter - Downloading https://repo.spring.io/snapshot/org/springframework/boot/spring-boot-webflux-test/4.0.1-SNAPSHOT/spring-boot-webflux-test-4.0.1-20251122.011621-8-sources.jar
2025-11-22 11:49:15,209 [Worker-45: Download sources and javadoc] INFO  o.e.m.c.i.e.AbstractTransferListenerAdapter - Downloaded https://repo.spring.io/snapshot/org/springframework/boot/spring-boot-webflux-test/4.0.1-SNAPSHOT/spring-boot-webflux-test-4.0.1-20251122.011621-8-sources.jar
2025-11-22 11:49:15,225 [Worker-45: Download sources and javadoc] INFO  o.e.m.j.internal.DownloadSourcesJob - Downloaded sources for org.springframework.boot:spring-boot-webflux-test:4.0.1-SNAPSHOT
2025-11-22 11:49:16,211 [Worker-45: Download sources and javadoc] INFO  o.e.m.c.i.e.AbstractTransferListenerAdapter - Downloading https://repo.spring.io/snapshot/org/springframework/boot/spring-boot-webtestclient/4.0.1-SNAPSHOT/spring-boot-webtestclient-4.0.1-20251122.011621-8-sources.jar
2025-11-22 11:49:16,221 [Worker-45: Download sources and javadoc] INFO  o.e.m.c.i.e.AbstractTransferListenerAdapter - Downloaded https://repo.spring.io/snapshot/org/springframework/boot/spring-boot-webtestclient/4.0.1-SNAPSHOT/spring-boot-webtestclient-4.0.1-20251122.011621-8-sources.jar
2025-11-22 11:49:16,233 [Worker-45: Download sources and javadoc] INFO  o.e.m.j.internal.DownloadSourcesJob - Downloaded sources for org.springframework.boot:spring-boot-webtestclient:4.0.1-SNAPSHOT
2025-11-22 11:49:28,465 [Worker-18: Building] INFO  o.e.m.c.i.l.LifecycleMappingFactory - Using org.eclipse.m2e.jdt.JarLifecycleMapping lifecycle mapping for MavenProject: com.app:demo:0.0.1-SNAPSHOT @ C:\Users\syeds\Downloads\demo\demo\pom.xml.
2025-11-22 11:49:30,448 [Worker-18: Building] INFO  o.a.m.s.f.DefaultMavenResourcesFiltering - Copying 1 resource from src\main\resources to target\classes
2025-11-22 11:49:30,451 [Worker-18: Building] INFO  o.a.m.s.f.DefaultMavenResourcesFiltering - Copying 0 resource from src\main\resources to target\classes
2025-11-22 11:49:30,457 [Worker-18: Building] INFO  o.a.m.s.f.DefaultMavenResourcesFiltering - skip non existing resourceDirectory C:\Users\syeds\Downloads\demo\demo\src\test\resources
2025-11-22 11:49:34,818 [Worker-44: Building] INFO  o.a.m.s.f.DefaultMavenResourcesFiltering - Copying 1 resource from src\main\resources to target\classes
2025-11-22 11:49:34,847 [Worker-44: Building] INFO  o.a.m.s.f.DefaultMavenResourcesFiltering - Copying 0 resource from src\main\resources to target\classes
2025-11-22 11:49:34,853 [Worker-44: Building] INFO  o.a.m.s.f.DefaultMavenResourcesFiltering - skip non existing resourceDirectory C:\Users\syeds\Downloads\demo\demo\src\test\resources
2025-11-22 11:50:33,516 [Worker-49: Building] INFO  o.a.m.s.f.DefaultMavenResourcesFiltering - Copying 1 resource from src\main\resources to target\classes
2025-11-22 11:50:33,566 [Worker-49: Building] INFO  o.a.m.s.f.DefaultMavenResourcesFiltering - Copying 0 resource from src\main\resources to target\classes
2025-11-22 11:50:33,587 [Worker-49: Building] INFO  o.a.m.s.f.DefaultMavenResourcesFiltering - skip non existing resourceDirectory C:\Users\syeds\Downloads\demo\demo\src\test\resources
2025-11-22 11:50:49,763 [Worker-18: Building] INFO  o.a.m.s.f.DefaultMavenResourcesFiltering - Copying 1 resource from src\main\resources to target\classes
2025-11-22 11:50:49,776 [Worker-18: Building] INFO  o.a.m.s.f.DefaultMavenResourcesFiltering - Copying 0 resource from src\main\resources to target\classes
2025-11-22 11:50:49,785 [Worker-18: Building] INFO  o.a.m.s.f.DefaultMavenResourcesFiltering - skip non existing resourceDirectory C:\Users\syeds\Downloads\demo\demo\src\test\resources
2025-11-22 11:51:17,473 [Worker-46: Building] INFO  o.a.m.s.f.DefaultMavenResourcesFiltering - Copying 1 resource from src\main\resources to target\classes
2025-11-22 11:51:17,488 [Worker-46: Building] INFO  o.a.m.s.f.DefaultMavenResourcesFiltering - Copying 0 resource from src\main\resources to target\classes
2025-11-22 11:51:17,511 [Worker-46: Building] INFO  o.a.m.s.f.DefaultMavenResourcesFiltering - skip non existing resourceDirectory C:\Users\syeds\Downloads\demo\demo\src\test\resources
2025-11-22 11:51:26,618 [Worker-35: Building] INFO  o.a.m.s.f.DefaultMavenResourcesFiltering - Copying 1 resource from src\main\resources to target\classes
2025-11-22 11:51:26,624 [Worker-35: Building] INFO  o.a.m.s.f.DefaultMavenResourcesFiltering - Copying 0 resource from src\main\resources to target\classes
2025-11-22 11:51:26,629 [Worker-35: Building] INFO  o.a.m.s.f.DefaultMavenResourcesFiltering - skip non existing resourceDirectory C:\Users\syeds\Downloads\demo\demo\src\test\resources
2025-11-22 11:52:04,961 [Worker-18: Building] INFO  o.a.m.s.f.DefaultMavenResourcesFiltering - Copying 1 resource from src\main\resources to target\classes
2025-11-22 11:52:04,967 [Worker-18: Building] INFO  o.a.m.s.f.DefaultMavenResourcesFiltering - Copying 0 resource from src\main\resources to target\classes
2025-11-22 11:52:04,970 [Worker-18: Building] INFO  o.a.m.s.f.DefaultMavenResourcesFiltering - skip non existing resourceDirectory C:\Users\syeds\Downloads\demo\demo\src\test\resources
2025-11-22 11:52:54,269 [Worker-49: Building] INFO  o.a.m.s.f.DefaultMavenResourcesFiltering - Copying 1 resource from src\main\resources to target\classes
2025-11-22 11:52:54,277 [Worker-49: Building] INFO  o.a.m.s.f.DefaultMavenResourcesFiltering - Copying 0 resource from src\main\resources to target\classes
2025-11-22 11:52:54,282 [Worker-49: Building] INFO  o.a.m.s.f.DefaultMavenResourcesFiltering - skip non existing resourceDirectory C:\Users\syeds\Downloads\demo\demo\src\test\resources
2025-11-22 11:53:02,345 [Worker-48: Building] INFO  o.a.m.s.f.DefaultMavenResourcesFiltering - Copying 1 resource from src\main\resources to target\classes
2025-11-22 11:53:02,355 [Worker-48: Building] INFO  o.a.m.s.f.DefaultMavenResourcesFiltering - Copying 0 resource from src\main\resources to target\classes
2025-11-22 11:53:02,363 [Worker-48: Building] INFO  o.a.m.s.f.DefaultMavenResourcesFiltering - skip non existing resourceDirectory C:\Users\syeds\Downloads\demo\demo\src\test\resources
2025-11-22 11:53:06,348 [Worker-35: Building] INFO  o.a.m.s.f.DefaultMavenResourcesFiltering - Copying 1 resource from src\main\resources to target\classes
2025-11-22 11:53:06,363 [Worker-35: Building] INFO  o.a.m.s.f.DefaultMavenResourcesFiltering - Copying 0 resource from src\main\resources to target\classes
2025-11-22 11:53:06,374 [Worker-35: Building] INFO  o.a.m.s.f.DefaultMavenResourcesFiltering - skip non existing resourceDirectory C:\Users\syeds\Downloads\demo\demo\src\test\resources
2025-11-22 11:53:43,955 [Worker-45: Building] INFO  o.a.m.s.f.DefaultMavenResourcesFiltering - Copying 1 resource from src\main\resources to target\classes
2025-11-22 11:53:43,960 [Worker-45: Building] INFO  o.a.m.s.f.DefaultMavenResourcesFiltering - Copying 0 resource from src\main\resources to target\classes
2025-11-22 11:53:43,965 [Worker-45: Building] INFO  o.a.m.s.f.DefaultMavenResourcesFiltering - skip non existing resourceDirectory C:\Users\syeds\Downloads\demo\demo\src\test\resources
2025-11-22 11:56:04,777 [Worker-43: Building] INFO  o.a.m.s.f.DefaultMavenResourcesFiltering - Copying 1 resource from src\main\resources to target\classes
2025-11-22 11:56:04,781 [Worker-43: Building] INFO  o.a.m.s.f.DefaultMavenResourcesFiltering - Copying 0 resource from src\main\resources to target\classes
2025-11-22 11:56:04,784 [Worker-43: Building] INFO  o.a.m.s.f.DefaultMavenResourcesFiltering - skip non existing resourceDirectory C:\Users\syeds\Downloads\demo\demo\src\test\resources
2025-11-22 11:59:53,740 [Worker-18: Building] INFO  o.a.m.s.f.DefaultMavenResourcesFiltering - Copying 1 resource from src\main\resources to target\classes
2025-11-22 11:59:53,745 [Worker-18: Building] INFO  o.a.m.s.f.DefaultMavenResourcesFiltering - Copying 0 resource from src\main\resources to target\classes
2025-11-22 11:59:53,749 [Worker-18: Building] INFO  o.a.m.s.f.DefaultMavenResourcesFiltering - skip non existing resourceDirectory C:\Users\syeds\Downloads\demo\demo\src\test\resources
2025-11-22 12:00:29,652 [Worker-18: Building] INFO  o.a.m.s.f.DefaultMavenResourcesFiltering - Copying 1 resource from src\main\resources to target\classes
2025-11-22 12:00:29,656 [Worker-18: Building] INFO  o.a.m.s.f.DefaultMavenResourcesFiltering - Copying 0 resource from src\main\resources to target\classes
2025-11-22 12:00:29,661 [Worker-18: Building] INFO  o.a.m.s.f.DefaultMavenResourcesFiltering - skip non existing resourceDirectory C:\Users\syeds\Downloads\demo\demo\src\test\resources
2025-11-22 12:01:06,459 [Worker-43: Building] INFO  o.a.m.s.f.DefaultMavenResourcesFiltering - Copying 1 resource from src\main\resources to target\classes
2025-11-22 12:01:06,463 [Worker-43: Building] INFO  o.a.m.s.f.DefaultMavenResourcesFiltering - Copying 0 resource from src\main\resources to target\classes
2025-11-22 12:01:06,465 [Worker-43: Building] INFO  o.a.m.s.f.DefaultMavenResourcesFiltering - skip non existing resourceDirectory C:\Users\syeds\Downloads\demo\demo\src\test\resources
2025-11-22 12:02:03,196 [Worker-47: Building] INFO  o.a.m.s.f.DefaultMavenResourcesFiltering - Copying 1 resource from src\main\resources to target\classes
2025-11-22 12:02:03,201 [Worker-47: Building] INFO  o.a.m.s.f.DefaultMavenResourcesFiltering - Copying 0 resource from src\main\resources to target\classes
2025-11-22 12:02:03,206 [Worker-47: Building] INFO  o.a.m.s.f.DefaultMavenResourcesFiltering - skip non existing resourceDirectory C:\Users\syeds\Downloads\demo\demo\src\test\resources
2025-11-22 12:08:00,435 [Worker-44: Building] INFO  o.a.m.s.f.DefaultMavenResourcesFiltering - Copying 1 resource from src\main\resources to target\classes
2025-11-22 12:08:00,444 [Worker-44: Building] INFO  o.a.m.s.f.DefaultMavenResourcesFiltering - Copying 0 resource from src\main\resources to target\classes
2025-11-22 12:08:00,448 [Worker-44: Building] INFO  o.a.m.s.f.DefaultMavenResourcesFiltering - skip non existing resourceDirectory C:\Users\syeds\Downloads\demo\demo\src\test\resources
2025-11-22 12:09:03,923 [Worker-46: Building] INFO  o.a.m.s.f.DefaultMavenResourcesFiltering - Copying 1 resource from src\main\resources to target\classes
2025-11-22 12:09:03,929 [Worker-46: Building] INFO  o.a.m.s.f.DefaultMavenResourcesFiltering - Copying 0 resource from src\main\resources to target\classes
2025-11-22 12:09:03,933 [Worker-46: Building] INFO  o.a.m.s.f.DefaultMavenResourcesFiltering - skip non existing resourceDirectory C:\Users\syeds\Downloads\demo\demo\src\test\resources
2025-11-22 12:09:08,141 [Worker-49: Building] INFO  o.a.m.s.f.DefaultMavenResourcesFiltering - Copying 1 resource from src\main\resources to target\classes
2025-11-22 12:09:08,153 [Worker-49: Building] INFO  o.a.m.s.f.DefaultMavenResourcesFiltering - Copying 0 resource from src\main\resources to target\classes
2025-11-22 12:09:08,160 [Worker-49: Building] INFO  o.a.m.s.f.DefaultMavenResourcesFiltering - skip non existing resourceDirectory C:\Users\syeds\Downloads\demo\demo\src\test\resources
2025-11-22 12:09:09,427 [Worker-49: Building] INFO  o.a.m.s.f.DefaultMavenResourcesFiltering - Copying 1 resource from src\main\resources to target\classes
2025-11-22 12:09:09,441 [Worker-49: Building] INFO  o.a.m.s.f.DefaultMavenResourcesFiltering - Copying 0 resource from src\main\resources to target\classes
2025-11-22 12:09:09,450 [Worker-49: Building] INFO  o.a.m.s.f.DefaultMavenResourcesFiltering - skip non existing resourceDirectory C:\Users\syeds\Downloads\demo\demo\src\test\resources
2025-11-22 12:09:53,920 [Worker-35: Building] INFO  o.a.m.s.f.DefaultMavenResourcesFiltering - Copying 1 resource from src\main\resources to target\classes
2025-11-22 12:09:53,933 [Worker-35: Building] INFO  o.a.m.s.f.DefaultMavenResourcesFiltering - Copying 0 resource from src\main\resources to target\classes
2025-11-22 12:09:53,943 [Worker-35: Building] INFO  o.a.m.s.f.DefaultMavenResourcesFiltering - skip non existing resourceDirectory C:\Users\syeds\Downloads\demo\demo\src\test\resources
2025-11-22 12:11:15,519 [Worker-49: Building] INFO  o.a.m.s.f.DefaultMavenResourcesFiltering - Copying 1 resource from src\main\resources to target\classes
2025-11-22 12:11:15,528 [Worker-49: Building] INFO  o.a.m.s.f.DefaultMavenResourcesFiltering - Copying 0 resource from src\main\resources to target\classes
2025-11-22 12:11:15,532 [Worker-49: Building] INFO  o.a.m.s.f.DefaultMavenResourcesFiltering - skip non existing resourceDirectory C:\Users\syeds\Downloads\demo\demo\src\test\resources
2025-11-22 12:13:45,353 [Worker-48: Building] INFO  o.a.m.s.f.DefaultMavenResourcesFiltering - Copying 1 resource from src\main\resources to target\classes
2025-11-22 12:13:45,364 [Worker-48: Building] INFO  o.a.m.s.f.DefaultMavenResourcesFiltering - Copying 0 resource from src\main\resources to target\classes
2025-11-22 12:13:45,373 [Worker-48: Building] INFO  o.a.m.s.f.DefaultMavenResourcesFiltering - skip non existing resourceDirectory C:\Users\syeds\Downloads\demo\demo\src\test\resources
2025-11-22 12:14:49,738 [Worker-46: Building] INFO  o.a.m.s.f.DefaultMavenResourcesFiltering - Copying 1 resource from src\main\resources to target\classes
2025-11-22 12:14:49,749 [Worker-46: Building] INFO  o.a.m.s.f.DefaultMavenResourcesFiltering - Copying 0 resource from src\main\resources to target\classes
2025-11-22 12:14:49,756 [Worker-46: Building] INFO  o.a.m.s.f.DefaultMavenResourcesFiltering - skip non existing resourceDirectory C:\Users\syeds\Downloads\demo\demo\src\test\resources
2025-11-22 12:20:54,387 [Worker-52: Building] INFO  o.a.m.s.f.DefaultMavenResourcesFiltering - Copying 1 resource from src\main\resources to target\classes
2025-11-22 12:20:54,392 [Worker-52: Building] INFO  o.a.m.s.f.DefaultMavenResourcesFiltering - Copying 0 resource from src\main\resources to target\classes
2025-11-22 12:20:54,393 [Worker-52: Building] INFO  o.a.m.s.f.DefaultMavenResourcesFiltering - skip non existing resourceDirectory C:\Users\syeds\Downloads\demo\demo\src\test\resources
2025-11-22 12:21:22,881 [Worker-47: Building] INFO  o.a.m.s.f.DefaultMavenResourcesFiltering - Copying 1 resource from src\main\resources to target\classes
2025-11-22 12:21:22,893 [Worker-47: Building] INFO  o.a.m.s.f.DefaultMavenResourcesFiltering - Copying 0 resource from src\main\resources to target\classes
2025-11-22 12:21:22,900 [Worker-47: Building] INFO  o.a.m.s.f.DefaultMavenResourcesFiltering - skip non existing resourceDirectory C:\Users\syeds\Downloads\demo\demo\src\test\resources
2025-11-22 12:21:56,773 [Worker-52: Building] INFO  o.a.m.s.f.DefaultMavenResourcesFiltering - Copying 1 resource from src\main\resources to target\classes
2025-11-22 12:21:56,784 [Worker-52: Building] INFO  o.a.m.s.f.DefaultMavenResourcesFiltering - Copying 0 resource from src\main\resources to target\classes
2025-11-22 12:21:56,788 [Worker-52: Building] INFO  o.a.m.s.f.DefaultMavenResourcesFiltering - skip non existing resourceDirectory C:\Users\syeds\Downloads\demo\demo\src\test\resources
2025-11-22 12:23:01,219 [Worker-47: Building] INFO  o.a.m.s.f.DefaultMavenResourcesFiltering - Copying 1 resource from src\main\resources to target\classes
2025-11-22 12:23:01,224 [Worker-47: Building] INFO  o.a.m.s.f.DefaultMavenResourcesFiltering - Copying 0 resource from src\main\resources to target\classes
2025-11-22 12:23:01,226 [Worker-47: Building] INFO  o.a.m.s.f.DefaultMavenResourcesFiltering - skip non existing resourceDirectory C:\Users\syeds\Downloads\demo\demo\src\test\resources
2025-11-22 12:23:55,155 [Worker-51: Launching DemoApplication] INFO  o.a.m.s.f.DefaultMavenResourcesFiltering - Copying 1 resource from src\main\resources to target\classes
2025-11-22 12:23:55,169 [Worker-51: Launching DemoApplication] INFO  o.a.m.s.f.DefaultMavenResourcesFiltering - Copying 0 resource from src\main\resources to target\classes
2025-11-22 12:23:55,179 [Worker-51: Launching DemoApplication] INFO  o.a.m.s.f.DefaultMavenResourcesFiltering - skip non existing resourceDirectory C:\Users\syeds\Downloads\demo\demo\src\test\resources
2025-11-22 12:24:53,899 [Worker-45: Launching DemoApplication] INFO  o.a.m.s.f.DefaultMavenResourcesFiltering - Copying 1 resource from src\main\resources to target\classes
2025-11-22 12:24:53,906 [Worker-45: Launching DemoApplication] INFO  o.a.m.s.f.DefaultMavenResourcesFiltering - Copying 0 resource from src\main\resources to target\classes
2025-11-22 12:24:53,910 [Worker-45: Launching DemoApplication] INFO  o.a.m.s.f.DefaultMavenResourcesFiltering - skip non existing resourceDirectory C:\Users\syeds\Downloads\demo\demo\src\test\resources
2025-11-22 12:29:41,733 [Worker-56: Building] INFO  o.a.m.s.f.DefaultMavenResourcesFiltering - Copying 1 resource from src\main\resources to target\classes
2025-11-22 12:29:41,741 [Worker-56: Building] INFO  o.a.m.s.f.DefaultMavenResourcesFiltering - Copying 0 resource from src\main\resources to target\classes
2025-11-22 12:29:41,745 [Worker-56: Building] INFO  o.a.m.s.f.DefaultMavenResourcesFiltering - skip non existing resourceDirectory C:\Users\syeds\Downloads\demo\demo\src\test\resources
2025-11-22 12:30:36,902 [Worker-59: Building] INFO  o.a.m.s.f.DefaultMavenResourcesFiltering - Copying 1 resource from src\main\resources to target\classes
2025-11-22 12:30:36,907 [Worker-59: Building] INFO  o.a.m.s.f.DefaultMavenResourcesFiltering - Copying 0 resource from src\main\resources to target\classes
2025-11-22 12:30:36,910 [Worker-59: Building] INFO  o.a.m.s.f.DefaultMavenResourcesFiltering - skip non existing resourceDirectory C:\Users\syeds\Downloads\demo\demo\src\test\resources
2025-11-22 12:30:50,359 [Worker-52: Building] INFO  o.a.m.s.f.DefaultMavenResourcesFiltering - Copying 1 resource from src\main\resources to target\classes
2025-11-22 12:30:50,365 [Worker-52: Building] INFO  o.a.m.s.f.DefaultMavenResourcesFiltering - Copying 0 resource from src\main\resources to target\classes
2025-11-22 12:30:50,370 [Worker-52: Building] INFO  o.a.m.s.f.DefaultMavenResourcesFiltering - skip non existing resourceDirectory C:\Users\syeds\Downloads\demo\demo\src\test\resources
2025-11-22 12:30:53,658 [Worker-55: Building] INFO  o.a.m.s.f.DefaultMavenResourcesFiltering - Copying 1 resource from src\main\resources to target\classes
2025-11-22 12:30:53,665 [Worker-55: Building] INFO  o.a.m.s.f.DefaultMavenResourcesFiltering - Copying 0 resource from src\main\resources to target\classes
2025-11-22 12:30:53,669 [Worker-55: Building] INFO  o.a.m.s.f.DefaultMavenResourcesFiltering - skip non existing resourceDirectory C:\Users\syeds\Downloads\demo\demo\src\test\resources
2025-11-22 12:31:21,966 [Worker-52: Building] INFO  o.a.m.s.f.DefaultMavenResourcesFiltering - Copying 1 resource from src\main\resources to target\classes
2025-11-22 12:31:21,974 [Worker-52: Building] INFO  o.a.m.s.f.DefaultMavenResourcesFiltering - Copying 0 resource from src\main\resources to target\classes
2025-11-22 12:31:21,981 [Worker-52: Building] INFO  o.a.m.s.f.DefaultMavenResourcesFiltering - skip non existing resourceDirectory C:\Users\syeds\Downloads\demo\demo\src\test\resources
2025-11-22 12:32:54,944 [Worker-55: Building] INFO  o.a.m.s.f.DefaultMavenResourcesFiltering - Copying 1 resource from src\main\resources to target\classes
2025-11-22 12:32:54,954 [Worker-55: Building] INFO  o.a.m.s.f.DefaultMavenResourcesFiltering - Copying 0 resource from src\main\resources to target\classes
2025-11-22 12:32:54,957 [Worker-55: Building] INFO  o.a.m.s.f.DefaultMavenResourcesFiltering - skip non existing resourceDirectory C:\Users\syeds\Downloads\demo\demo\src\test\resources
2025-11-22 12:32:58,111 [Worker-52: Building] INFO  o.a.m.s.f.DefaultMavenResourcesFiltering - Copying 1 resource from src\main\resources to target\classes
2025-11-22 12:32:58,119 [Worker-52: Building] INFO  o.a.m.s.f.DefaultMavenResourcesFiltering - Copying 0 resource from src\main\resources to target\classes
2025-11-22 12:32:58,123 [Worker-52: Building] INFO  o.a.m.s.f.DefaultMavenResourcesFiltering - skip non existing resourceDirectory C:\Users\syeds\Downloads\demo\demo\src\test\resources
2025-11-22 12:33:08,917 [Worker-56: Building] INFO  o.a.m.s.f.DefaultMavenResourcesFiltering - Copying 1 resource from src\main\resources to target\classes
2025-11-22 12:33:08,924 [Worker-56: Building] INFO  o.a.m.s.f.DefaultMavenResourcesFiltering - Copying 0 resource from src\main\resources to target\classes
2025-11-22 12:33:08,927 [Worker-56: Building] INFO  o.a.m.s.f.DefaultMavenResourcesFiltering - skip non existing resourceDirectory C:\Users\syeds\Downloads\demo\demo\src\test\resources
2025-11-22 14:31:55,502 [Worker-5: Loading available Gradle versions] INFO  o.e.b.c.i.u.g.PublishedGradleVersions - Gradle version information cache is up-to-date. Trying to read.
2025-11-22 14:32:04,018 [Worker-11: Building] WARN  o.a.m.s.f.DefaultMavenResourcesFiltering - Using platform encoding (UTF-8 actually) to copy filtered resources, i.e. build is platform dependent!
2025-11-22 14:32:04,027 [Worker-11: Building] INFO  o.a.m.s.f.DefaultMavenResourcesFiltering - skip non existing resourceDirectory C:\Users\syeds\OneDrive\Documents\Desktop\CHUBB\Assignment1\src\main\resources
2025-11-22 14:32:04,046 [Worker-11: Building] WARN  o.a.m.s.f.DefaultMavenResourcesFiltering - Using platform encoding (UTF-8 actually) to copy filtered resources, i.e. build is platform dependent!
2025-11-22 14:32:04,051 [Worker-11: Building] INFO  o.a.m.s.f.DefaultMavenResourcesFiltering - skip non existing resourceDirectory C:\Users\syeds\OneDrive\Documents\Desktop\CHUBB\Assignment1\src\test\resources
2025-11-22 14:32:16,356 [Worker-11: Building] WARN  o.e.m.c.i.embedder.EclipseLogger - The artifact mysql:mysql-connector-java:jar:8.0.33 has been relocated to com.mysql:mysql-connector-j:jar:8.0.33: MySQL Connector/J artifacts moved to reverse-DNS compliant Maven 2+ coordinates.
2025-11-22 14:32:17,753 [Worker-11: Building] INFO  o.a.m.s.f.DefaultMavenResourcesFiltering - Copying 1 resource from src\main\resources to target\classes
2025-11-22 14:32:17,818 [Worker-11: Building] INFO  o.a.m.s.f.DefaultMavenResourcesFiltering - Copying 0 resource from src\main\resources to target\classes
2025-11-22 14:32:17,831 [Worker-11: Building] INFO  o.a.m.s.f.DefaultMavenResourcesFiltering - skip non existing resourceDirectory C:\Users\syeds\OneDrive\Documents\Desktop\CHUBB\Boot1_demo\src\test\resources
2025-11-22 14:32:24,516 [Worker-11: Building] INFO  o.a.m.s.f.DefaultMavenResourcesFiltering - Copying 1 resource from src\main\resources to target\classes
2025-11-22 14:32:24,563 [Worker-11: Building] INFO  o.a.m.s.f.DefaultMavenResourcesFiltering - Copying 1 resource from src\main\resources to target\classes
2025-11-22 14:32:24,615 [Worker-11: Building] INFO  o.a.m.s.f.DefaultMavenResourcesFiltering - skip non existing resourceDirectory C:\Users\syeds\OneDrive\Documents\Desktop\CHUBB\Boot2_SpringWebFlux\src\test\resources
2025-11-22 14:32:29,991 [Worker-11: Building] INFO  o.a.m.s.f.DefaultMavenResourcesFiltering - Copying 1 resource from src\main\resources to target\classes
2025-11-22 14:32:30,028 [Worker-11: Building] INFO  o.a.m.s.f.DefaultMavenResourcesFiltering - Copying 0 resource from src\main\resources to target\classes
2025-11-22 14:32:30,039 [Worker-11: Building] INFO  o.a.m.s.f.DefaultMavenResourcesFiltering - skip non existing resourceDirectory C:\Users\syeds\Downloads\demo\demo\src\test\resources
2025-11-22 14:32:32,512 [Worker-11: Building] ERROR o.e.m.c.i.p.r.ProjectRegistryManager - Could not read pom.xml
org.eclipse.core.runtime.CoreException: Could not read pom.xml
	at org.eclipse.m2e.core.internal.IMavenToolbox.readModel(IMavenToolbox.java:245)
	at org.eclipse.m2e.core.internal.project.registry.ProjectRegistryManager.refreshPhase2(ProjectRegistryManager.java:591)
	at org.eclipse.m2e.core.internal.project.registry.ProjectRegistryManager.refresh(ProjectRegistryManager.java:491)
	at org.eclipse.m2e.core.internal.project.registry.ProjectRegistryManager.refresh(ProjectRegistryManager.java:370)
	at org.eclipse.m2e.core.internal.project.registry.ProjectRegistryManager.refresh(ProjectRegistryManager.java:322)
	at org.eclipse.m2e.core.internal.builder.MavenBuilder$BuildMethod.getProjectFacade(MavenBuilder.java:146)
	at org.eclipse.m2e.core.internal.builder.MavenBuilder$BuildMethod.lambda$0(MavenBuilder.java:84)
	at org.eclipse.m2e.core.internal.embedder.MavenExecutionContext.executeBare(MavenExecutionContext.java:458)
	at org.eclipse.m2e.core.internal.embedder.MavenExecutionContext.execute(MavenExecutionContext.java:339)
	at org.eclipse.m2e.core.internal.embedder.MavenExecutionContext.execute(MavenExecutionContext.java:278)
	at org.eclipse.m2e.core.internal.builder.MavenBuilder$BuildMethod.execute(MavenBuilder.java:83)
	at org.eclipse.m2e.core.internal.builder.MavenBuilder.build(MavenBuilder.java:192)
	at org.eclipse.core.internal.events.BuildManager$2.run(BuildManager.java:1077)
	at org.eclipse.core.runtime.SafeRunner.run(SafeRunner.java:47)
	at org.eclipse.core.internal.events.BuildManager.basicBuild(BuildManager.java:296)
	at org.eclipse.core.internal.events.BuildManager.basicBuild(BuildManager.java:352)
	at org.eclipse.core.internal.events.BuildManager$1.run(BuildManager.java:441)
	at org.eclipse.core.runtime.SafeRunner.run(SafeRunner.java:47)
	at org.eclipse.core.internal.events.BuildManager.basicBuild(BuildManager.java:444)
	at org.eclipse.core.internal.events.BuildManager.basicBuildLoop(BuildManager.java:555)
	at org.eclipse.core.internal.events.BuildManager.basicBuildLoop(BuildManager.java:503)
	at org.eclipse.core.internal.events.BuildManager.build(BuildManager.java:585)
	at org.eclipse.core.internal.events.AutoBuildJob.doBuild(AutoBuildJob.java:207)
	at org.eclipse.core.internal.events.AutoBuildJob.run(AutoBuildJob.java:300)
	at org.eclipse.core.internal.jobs.Worker.run(Worker.java:63)
Caused by: org.apache.maven.model.io.ModelParseException: end tag name </dependencyManagement> must match start tag name <project> from line 2 (position: TEXT seen ...</dependencies>\r\n</dependencyManagement>... @51:24) 
	at org.apache.maven.model.io.DefaultModelReader.read(DefaultModelReader.java:96)
	at org.apache.maven.model.io.DefaultModelReader.read(DefaultModelReader.java:74)
	at org.eclipse.m2e.core.internal.IMavenToolbox.readModel(IMavenToolbox.java:243)
	... 24 common frames omitted
Caused by: org.codehaus.plexus.util.xml.pull.XmlPullParserException: end tag name </dependencyManagement> must match start tag name <project> from line 2 (position: TEXT seen ...</dependencies>\r\n</dependencyManagement>... @51:24) 
	at org.codehaus.plexus.util.xml.pull.MXParser.parseEndTag(MXParser.java:2151)
	at org.codehaus.plexus.util.xml.pull.MXParser.nextImpl(MXParser.java:1418)
	at org.codehaus.plexus.util.xml.pull.MXParser.next(MXParser.java:1375)
	at org.codehaus.plexus.util.xml.pull.MXParser.nextTag(MXParser.java:1360)
	at org.apache.maven.model.io.xpp3.MavenXpp3Reader.parseModel(MavenXpp3Reader.java:2155)
	at org.apache.maven.model.io.xpp3.MavenXpp3Reader.read(MavenXpp3Reader.java:623)
	at org.apache.maven.model.io.xpp3.MavenXpp3Reader.read(MavenXpp3Reader.java:654)
	at org.apache.maven.model.io.DefaultModelReader.read(DefaultModelReader.java:93)
	... 26 common frames omitted
2025-11-22 14:32:34,151 [Worker-11: Building] WARN  o.a.m.s.f.DefaultMavenResourcesFiltering - Using platform encoding (UTF-8 actually) to copy filtered resources, i.e. build is platform dependent!
2025-11-22 14:32:34,153 [Worker-11: Building] INFO  o.a.m.s.f.DefaultMavenResourcesFiltering - skip non existing resourceDirectory C:\Users\syeds\OneDrive\Documents\Desktop\CHUBB\MavenDemo1\src\main\resources
2025-11-22 14:32:34,171 [Worker-11: Building] WARN  o.a.m.s.f.DefaultMavenResourcesFiltering - Using platform encoding (UTF-8 actually) to copy filtered resources, i.e. build is platform dependent!
2025-11-22 14:32:34,175 [Worker-11: Building] INFO  o.a.m.s.f.DefaultMavenResourcesFiltering - skip non existing resourceDirectory C:\Users\syeds\OneDrive\Documents\Desktop\CHUBB\MavenDemo1\src\test\resources
2025-11-22 14:32:35,483 [Worker-11: Building] INFO  o.a.m.s.f.DefaultMavenResourcesFiltering - skip non existing resourceDirectory C:\Users\syeds\OneDrive\Documents\Desktop\CHUBB\MavenDemo2_HotelBooking\src\main\resources
2025-11-22 14:32:35,496 [Worker-11: Building] INFO  o.a.m.s.f.DefaultMavenResourcesFiltering - skip non existing resourceDirectory C:\Users\syeds\OneDrive\Documents\Desktop\CHUBB\MavenDemo2_HotelBooking\src\test\resources
2025-11-22 14:32:36,085 [Worker-11: Building] WARN  o.a.m.s.f.DefaultMavenResourcesFiltering - Using platform encoding (UTF-8 actually) to copy filtered resources, i.e. build is platform dependent!
2025-11-22 14:32:36,090 [Worker-11: Building] INFO  o.a.m.s.f.DefaultMavenResourcesFiltering - Copying 0 resource from src\main\resources to target\classes
2025-11-22 14:32:36,099 [Worker-11: Building] WARN  o.a.m.s.f.DefaultMavenResourcesFiltering - Using platform encoding (UTF-8 actually) to copy filtered resources, i.e. build is platform dependent!
2025-11-22 14:32:36,104 [Worker-11: Building] INFO  o.a.m.s.f.DefaultMavenResourcesFiltering - Copying 0 resource from src\test\resources to target\test-classes
2025-11-22 14:32:36,881 [Worker-11: Building] WARN  o.a.m.s.f.DefaultMavenResourcesFiltering - Using platform encoding (UTF-8 actually) to copy filtered resources, i.e. build is platform dependent!
2025-11-22 14:32:36,884 [Worker-11: Building] INFO  o.a.m.s.f.DefaultMavenResourcesFiltering - Copying 0 resource from src\main\resources to target\classes
2025-11-22 14:32:36,892 [Worker-11: Building] WARN  o.a.m.s.f.DefaultMavenResourcesFiltering - Using platform encoding (UTF-8 actually) to copy filtered resources, i.e. build is platform dependent!
2025-11-22 14:32:36,895 [Worker-11: Building] INFO  o.a.m.s.f.DefaultMavenResourcesFiltering - Copying 0 resource from src\test\resources to target\test-classes
2025-11-22 14:32:37,372 [Worker-11: Building] WARN  o.a.m.s.f.DefaultMavenResourcesFiltering - Using platform encoding (UTF-8 actually) to copy filtered resources, i.e. build is platform dependent!
2025-11-22 14:32:37,376 [Worker-11: Building] INFO  o.a.m.s.f.DefaultMavenResourcesFiltering - Copying 0 resource from src\main\resources to target\classes
2025-11-22 14:32:37,386 [Worker-11: Building] WARN  o.a.m.s.f.DefaultMavenResourcesFiltering - Using platform encoding (UTF-8 actually) to copy filtered resources, i.e. build is platform dependent!
2025-11-22 14:32:37,388 [Worker-11: Building] INFO  o.a.m.s.f.DefaultMavenResourcesFiltering - Copying 0 resource from src\test\resources to target\test-classes
2025-11-22 14:32:37,714 [Worker-11: Building] WARN  o.a.m.s.f.DefaultMavenResourcesFiltering - Using platform encoding (UTF-8 actually) to copy filtered resources, i.e. build is platform dependent!
2025-11-22 14:32:37,717 [Worker-11: Building] INFO  o.a.m.s.f.DefaultMavenResourcesFiltering - Copying 0 resource from src\main\resources to target\classes
2025-11-22 14:32:37,724 [Worker-11: Building] WARN  o.a.m.s.f.DefaultMavenResourcesFiltering - Using platform encoding (UTF-8 actually) to copy filtered resources, i.e. build is platform dependent!
2025-11-22 14:32:37,727 [Worker-11: Building] INFO  o.a.m.s.f.DefaultMavenResourcesFiltering - Copying 0 resource from src\test\resources to target\test-classes
2025-11-22 14:32:38,803 [Worker-11: Building] INFO  o.a.m.s.f.DefaultMavenResourcesFiltering - Copying 0 resource from src\main\resources to target\classes
2025-11-22 14:32:38,816 [Worker-11: Building] INFO  o.a.m.s.f.DefaultMavenResourcesFiltering - Copying 0 resource from src\test\resources to target\test-classes
2025-11-23 20:11:18,975 [Worker-4: Loading available Gradle versions] INFO  o.e.b.c.i.u.g.PublishedGradleVersions - Gradle version information cache is out-of-date. Trying to update.
2025-11-23 20:13:37,467 [SonarLint Client RPC request executor] WARN  o.e.m.c.i.embedder.EclipseLogger - The artifact mysql:mysql-connector-java:jar:8.0.33 has been relocated to com.mysql:mysql-connector-j:jar:8.0.33: MySQL Connector/J artifacts moved to reverse-DNS compliant Maven 2+ coordinates.
2025-11-23 20:14:39,942 [Worker-24: Import Getting Started Content] INFO  o.e.m.c.i.l.LifecycleMappingFactory - Using org.eclipse.m2e.jdt.JarLifecycleMapping lifecycle mapping for MavenProject: com.app:Boot4_FlighBookingWebFluxMongoDB:0.0.1-SNAPSHOT @ C:\Users\syeds\OneDrive\Documents\Desktop\CHUBB\Boot4_FlighBookingWebFluxMongoDB\pom.xml.
2025-11-23 20:14:40,920 [Worker-24: Import Getting Started Content] INFO  o.e.m.c.i.e.AbstractTransferListenerAdapter - Downloading https://repo.maven.apache.org/maven2/org/springframework/boot/spring-boot-starter-data-mongodb/4.0.0/spring-boot-starter-data-mongodb-4.0.0.pom
2025-11-23 20:14:40,935 [Worker-24: Import Getting Started Content] INFO  o.e.m.c.i.e.AbstractTransferListenerAdapter - Downloaded https://repo.maven.apache.org/maven2/org/springframework/boot/spring-boot-starter-data-mongodb/4.0.0/spring-boot-starter-data-mongodb-4.0.0.pom
2025-11-23 20:14:41,018 [Worker-24: Import Getting Started Content] INFO  o.e.m.c.i.e.AbstractTransferListenerAdapter - Downloading https://repo.maven.apache.org/maven2/org/springframework/boot/spring-boot-starter-mongodb/4.0.0/spring-boot-starter-mongodb-4.0.0.pom
2025-11-23 20:14:41,023 [Worker-24: Import Getting Started Content] INFO  o.e.m.c.i.e.AbstractTransferListenerAdapter - Downloaded https://repo.maven.apache.org/maven2/org/springframework/boot/spring-boot-starter-mongodb/4.0.0/spring-boot-starter-mongodb-4.0.0.pom
2025-11-23 20:14:41,239 [Worker-24: Import Getting Started Content] INFO  o.e.m.c.i.e.AbstractTransferListenerAdapter - Downloading https://repo.maven.apache.org/maven2/org/springframework/boot/spring-boot-mongodb/4.0.0/spring-boot-mongodb-4.0.0.pom
2025-11-23 20:14:41,245 [Worker-24: Import Getting Started Content] INFO  o.e.m.c.i.e.AbstractTransferListenerAdapter - Downloaded https://repo.maven.apache.org/maven2/org/springframework/boot/spring-boot-mongodb/4.0.0/spring-boot-mongodb-4.0.0.pom
2025-11-23 20:14:41,344 [Worker-24: Import Getting Started Content] INFO  o.e.m.c.i.e.AbstractTransferListenerAdapter - Downloading https://repo.maven.apache.org/maven2/org/springframework/boot/spring-boot-data-mongodb/4.0.0/spring-boot-data-mongodb-4.0.0.pom
2025-11-23 20:14:41,536 [SonarLint Client RPC request executor] INFO  o.e.m.c.i.e.AbstractTransferListenerAdapter - Downloading https://repo.spring.io/snapshot/org/springframework/boot/spring-boot-starter-parent/4.0.1-SNAPSHOT/maven-metadata.xml
2025-11-23 20:14:41,542 [SonarLint Client RPC request executor] INFO  o.e.m.c.i.e.AbstractTransferListenerAdapter - Downloaded https://repo.spring.io/snapshot/org/springframework/boot/spring-boot-starter-parent/4.0.1-SNAPSHOT/maven-metadata.xml
2025-11-23 20:14:41,639 [Worker-24: Import Getting Started Content] INFO  o.e.m.c.i.e.AbstractTransferListenerAdapter - Downloaded https://repo.maven.apache.org/maven2/org/springframework/boot/spring-boot-data-mongodb/4.0.0/spring-boot-data-mongodb-4.0.0.pom
2025-11-23 20:14:41,783 [Worker-24: Import Getting Started Content] INFO  o.e.m.c.i.e.AbstractTransferListenerAdapter - Downloading https://repo.maven.apache.org/maven2/org/springframework/boot/spring-boot-starter-data-mongodb-reactive/4.0.0/spring-boot-starter-data-mongodb-reactive-4.0.0.pom
2025-11-23 20:14:41,788 [Worker-24: Import Getting Started Content] INFO  o.e.m.c.i.e.AbstractTransferListenerAdapter - Downloaded https://repo.maven.apache.org/maven2/org/springframework/boot/spring-boot-starter-data-mongodb-reactive/4.0.0/spring-boot-starter-data-mongodb-reactive-4.0.0.pom
2025-11-23 20:14:41,853 [SonarLint Client RPC request executor] INFO  o.e.m.c.i.e.AbstractTransferListenerAdapter - Downloading https://repo.spring.io/snapshot/org/springframework/boot/spring-boot-starter-parent/4.0.1-SNAPSHOT/spring-boot-starter-parent-4.0.1-20251122.091056-9.pom
2025-11-23 20:14:42,058 [Worker-24: Import Getting Started Content] INFO  o.e.m.c.i.e.AbstractTransferListenerAdapter - Downloading https://repo.maven.apache.org/maven2/org/springframework/boot/spring-boot-starter-data-mongodb-reactive-test/4.0.0/spring-boot-starter-data-mongodb-reactive-test-4.0.0.pom
2025-11-23 20:14:42,354 [Worker-24: Import Getting Started Content] INFO  o.e.m.c.i.e.AbstractTransferListenerAdapter - Downloaded https://repo.maven.apache.org/maven2/org/springframework/boot/spring-boot-starter-data-mongodb-reactive-test/4.0.0/spring-boot-starter-data-mongodb-reactive-test-4.0.0.pom
2025-11-23 20:14:42,506 [Worker-24: Import Getting Started Content] INFO  o.e.m.c.i.e.AbstractTransferListenerAdapter - Downloading https://repo.maven.apache.org/maven2/org/springframework/boot/spring-boot-data-mongodb-test/4.0.0/spring-boot-data-mongodb-test-4.0.0.pom
2025-11-23 20:14:42,511 [Worker-24: Import Getting Started Content] INFO  o.e.m.c.i.e.AbstractTransferListenerAdapter - Downloaded https://repo.maven.apache.org/maven2/org/springframework/boot/spring-boot-data-mongodb-test/4.0.0/spring-boot-data-mongodb-test-4.0.0.pom
2025-11-23 20:14:42,588 [Worker-24: Import Getting Started Content] INFO  o.e.m.c.i.e.AbstractTransferListenerAdapter - Downloading https://repo.maven.apache.org/maven2/org/springframework/boot/spring-boot-starter-data-mongodb-test/4.0.0/spring-boot-starter-data-mongodb-test-4.0.0.pom
2025-11-23 20:14:42,711 [SonarLint Client RPC request executor] INFO  o.e.m.c.i.e.AbstractTransferListenerAdapter - Downloaded https://repo.spring.io/snapshot/org/springframework/boot/spring-boot-starter-parent/4.0.1-SNAPSHOT/spring-boot-starter-parent-4.0.1-20251122.091056-9.pom
2025-11-23 20:14:42,925 [Worker-24: Import Getting Started Content] INFO  o.e.m.c.i.e.AbstractTransferListenerAdapter - Downloaded https://repo.maven.apache.org/maven2/org/springframework/boot/spring-boot-starter-data-mongodb-test/4.0.0/spring-boot-starter-data-mongodb-test-4.0.0.pom
2025-11-23 20:14:43,024 [SonarLint Client RPC request executor] INFO  o.e.m.c.i.e.AbstractTransferListenerAdapter - Downloading https://repo.spring.io/snapshot/org/springframework/boot/spring-boot-dependencies/4.0.1-SNAPSHOT/maven-metadata.xml
2025-11-23 20:14:43,029 [SonarLint Client RPC request executor] INFO  o.e.m.c.i.e.AbstractTransferListenerAdapter - Downloaded https://repo.spring.io/snapshot/org/springframework/boot/spring-boot-dependencies/4.0.1-SNAPSHOT/maven-metadata.xml
2025-11-23 20:14:43,192 [Worker-24: Import Getting Started Content] INFO  o.e.m.c.i.e.AbstractTransferListenerAdapter - Downloading https://repo.maven.apache.org/maven2/org/springframework/boot/spring-boot-starter-data-mongodb/4.0.0/spring-boot-starter-data-mongodb-4.0.0.jar
2025-11-23 20:14:43,199 [Worker-24: Import Getting Started Content] INFO  o.e.m.c.i.e.AbstractTransferListenerAdapter - Downloaded https://repo.maven.apache.org/maven2/org/springframework/boot/spring-boot-starter-data-mongodb/4.0.0/spring-boot-starter-data-mongodb-4.0.0.jar
2025-11-23 20:14:43,265 [BasicRepositoryConnector-repo.maven.apache.org-0-0] INFO  o.e.m.c.i.e.AbstractTransferListenerAdapter - Downloading https://repo.maven.apache.org/maven2/org/springframework/boot/spring-boot-starter-mongodb/4.0.0/spring-boot-starter-mongodb-4.0.0.jar
2025-11-23 20:14:43,273 [BasicRepositoryConnector-repo.maven.apache.org-0-0] INFO  o.e.m.c.i.e.AbstractTransferListenerAdapter - Downloaded https://repo.maven.apache.org/maven2/org/springframework/boot/spring-boot-starter-mongodb/4.0.0/spring-boot-starter-mongodb-4.0.0.jar
2025-11-23 20:14:43,331 [SonarLint Client RPC request executor] INFO  o.e.m.c.i.e.AbstractTransferListenerAdapter - Downloading https://repo.spring.io/snapshot/org/springframework/boot/spring-boot-dependencies/4.0.1-SNAPSHOT/spring-boot-dependencies-4.0.1-20251122.091056-9.pom
2025-11-23 20:14:43,340 [BasicRepositoryConnector-repo.maven.apache.org-0-0] INFO  o.e.m.c.i.e.AbstractTransferListenerAdapter - Downloading https://repo.maven.apache.org/maven2/org/springframework/boot/spring-boot-data-mongodb-test/4.0.0/spring-boot-data-mongodb-test-4.0.0.jar
2025-11-23 20:14:43,347 [BasicRepositoryConnector-repo.maven.apache.org-0-0] INFO  o.e.m.c.i.e.AbstractTransferListenerAdapter - Downloaded https://repo.maven.apache.org/maven2/org/springframework/boot/spring-boot-data-mongodb-test/4.0.0/spring-boot-data-mongodb-test-4.0.0.jar
2025-11-23 20:14:43,379 [BasicRepositoryConnector-repo.maven.apache.org-0-2] INFO  o.e.m.c.i.e.AbstractTransferListenerAdapter - Downloading https://repo.maven.apache.org/maven2/org/springframework/boot/spring-boot-data-mongodb/4.0.0/spring-boot-data-mongodb-4.0.0.jar
2025-11-23 20:14:43,413 [BasicRepositoryConnector-repo.maven.apache.org-0-0] INFO  o.e.m.c.i.e.AbstractTransferListenerAdapter - Downloading https://repo.maven.apache.org/maven2/org/springframework/boot/spring-boot-starter-data-mongodb-test/4.0.0/spring-boot-starter-data-mongodb-test-4.0.0.jar
2025-11-23 20:14:43,430 [BasicRepositoryConnector-repo.maven.apache.org-0-1] INFO  o.e.m.c.i.e.AbstractTransferListenerAdapter - Downloading https://repo.maven.apache.org/maven2/org/springframework/boot/spring-boot-mongodb/4.0.0/spring-boot-mongodb-4.0.0.jar
2025-11-23 20:14:43,439 [BasicRepositoryConnector-repo.maven.apache.org-0-1] INFO  o.e.m.c.i.e.AbstractTransferListenerAdapter - Downloaded https://repo.maven.apache.org/maven2/org/springframework/boot/spring-boot-mongodb/4.0.0/spring-boot-mongodb-4.0.0.jar
2025-11-23 20:14:43,475 [BasicRepositoryConnector-repo.maven.apache.org-0-0] INFO  o.e.m.c.i.e.AbstractTransferListenerAdapter - Downloaded https://repo.maven.apache.org/maven2/org/springframework/boot/spring-boot-starter-data-mongodb-test/4.0.0/spring-boot-starter-data-mongodb-test-4.0.0.jar
2025-11-23 20:14:43,475 [BasicRepositoryConnector-repo.maven.apache.org-0-2] INFO  o.e.m.c.i.e.AbstractTransferListenerAdapter - Downloaded https://repo.maven.apache.org/maven2/org/springframework/boot/spring-boot-data-mongodb/4.0.0/spring-boot-data-mongodb-4.0.0.jar
2025-11-23 20:14:43,677 [BasicRepositoryConnector-repo.maven.apache.org-0-4] INFO  o.e.m.c.i.e.AbstractTransferListenerAdapter - Downloading https://repo.maven.apache.org/maven2/org/springframework/boot/spring-boot-starter-data-mongodb-reactive-test/4.0.0/spring-boot-starter-data-mongodb-reactive-test-4.0.0.jar
2025-11-23 20:14:43,686 [BasicRepositoryConnector-repo.maven.apache.org-0-4] INFO  o.e.m.c.i.e.AbstractTransferListenerAdapter - Downloaded https://repo.maven.apache.org/maven2/org/springframework/boot/spring-boot-starter-data-mongodb-reactive-test/4.0.0/spring-boot-starter-data-mongodb-reactive-test-4.0.0.jar
2025-11-23 20:14:45,417 [BasicRepositoryConnector-repo.maven.apache.org-0-3] INFO  o.e.m.c.i.e.AbstractTransferListenerAdapter - Downloading https://repo.maven.apache.org/maven2/org/springframework/boot/spring-boot-starter-data-mongodb-reactive/4.0.0/spring-boot-starter-data-mongodb-reactive-4.0.0.jar
2025-11-23 20:14:45,428 [BasicRepositoryConnector-repo.maven.apache.org-0-3] INFO  o.e.m.c.i.e.AbstractTransferListenerAdapter - Downloaded https://repo.maven.apache.org/maven2/org/springframework/boot/spring-boot-starter-data-mongodb-reactive/4.0.0/spring-boot-starter-data-mongodb-reactive-4.0.0.jar
2025-11-23 20:14:48,151 [Worker-24: Import Getting Started Content] INFO  o.e.m.c.i.e.AbstractTransferListenerAdapter - Downloading https://repo.spring.io/snapshot/org/springframework/boot/spring-boot-dependencies/4.0.1-SNAPSHOT/spring-boot-dependencies-4.0.1-20251122.091056-9.pom
2025-11-23 20:14:49,822 [SonarLint Client RPC request executor] INFO  o.e.m.c.i.e.AbstractTransferListenerAdapter - Downloaded https://repo.spring.io/snapshot/org/springframework/boot/spring-boot-dependencies/4.0.1-SNAPSHOT/spring-boot-dependencies-4.0.1-20251122.091056-9.pom
2025-11-23 20:14:51,145 [SonarLint Client RPC request executor] INFO  o.e.m.c.i.e.AbstractTransferListenerAdapter - Downloading https://repo.spring.io/snapshot/org/springframework/boot/spring-boot-starter-data-mongodb-reactive/4.0.1-SNAPSHOT/maven-metadata.xml
2025-11-23 20:14:51,162 [SonarLint Client RPC request executor] INFO  o.e.m.c.i.e.AbstractTransferListenerAdapter - Downloaded https://repo.spring.io/snapshot/org/springframework/boot/spring-boot-starter-data-mongodb-reactive/4.0.1-SNAPSHOT/maven-metadata.xml
2025-11-23 20:14:51,534 [SonarLint Client RPC request executor] INFO  o.e.m.c.i.e.AbstractTransferListenerAdapter - Downloading https://repo.spring.io/snapshot/org/springframework/boot/spring-boot-starter-data-mongodb-reactive/4.0.1-SNAPSHOT/spring-boot-starter-data-mongodb-reactive-4.0.1-20251122.091056-9.pom
2025-11-23 20:14:52,291 [SonarLint Client RPC request executor] INFO  o.e.m.c.i.e.AbstractTransferListenerAdapter - Downloaded https://repo.spring.io/snapshot/org/springframework/boot/spring-boot-starter-data-mongodb-reactive/4.0.1-SNAPSHOT/spring-boot-starter-data-mongodb-reactive-4.0.1-20251122.091056-9.pom
2025-11-23 20:14:52,381 [Worker-24: Import Getting Started Content] INFO  o.e.m.c.i.e.AbstractTransferListenerAdapter - Downloaded https://repo.spring.io/snapshot/org/springframework/boot/spring-boot-dependencies/4.0.1-SNAPSHOT/spring-boot-dependencies-4.0.1-20251122.091056-9.pom
2025-11-23 20:14:52,615 [SonarLint Client RPC request executor] INFO  o.e.m.c.i.e.AbstractTransferListenerAdapter - Downloading https://repo.spring.io/snapshot/org/springframework/boot/spring-boot-starter-mongodb/4.0.1-SNAPSHOT/maven-metadata.xml
2025-11-23 20:14:52,642 [SonarLint Client RPC request executor] INFO  o.e.m.c.i.e.AbstractTransferListenerAdapter - Downloaded https://repo.spring.io/snapshot/org/springframework/boot/spring-boot-starter-mongodb/4.0.1-SNAPSHOT/maven-metadata.xml
2025-11-23 20:14:53,246 [SonarLint Client RPC request executor] INFO  o.e.m.c.i.e.AbstractTransferListenerAdapter - Downloading https://repo.spring.io/snapshot/org/springframework/boot/spring-boot-starter-mongodb/4.0.1-SNAPSHOT/spring-boot-starter-mongodb-4.0.1-20251122.091056-9.pom
2025-11-23 20:14:54,211 [SonarLint Client RPC request executor] INFO  o.e.m.c.i.e.AbstractTransferListenerAdapter - Downloaded https://repo.spring.io/snapshot/org/springframework/boot/spring-boot-starter-mongodb/4.0.1-SNAPSHOT/spring-boot-starter-mongodb-4.0.1-20251122.091056-9.pom
2025-11-23 20:14:54,628 [SonarLint Client RPC request executor] INFO  o.e.m.c.i.e.AbstractTransferListenerAdapter - Downloading https://repo.spring.io/snapshot/org/springframework/boot/spring-boot-starter/4.0.1-SNAPSHOT/maven-metadata.xml
2025-11-23 20:14:54,641 [SonarLint Client RPC request executor] INFO  o.e.m.c.i.e.AbstractTransferListenerAdapter - Downloaded https://repo.spring.io/snapshot/org/springframework/boot/spring-boot-starter/4.0.1-SNAPSHOT/maven-metadata.xml
2025-11-23 20:14:54,952 [SonarLint Client RPC request executor] INFO  o.e.m.c.i.e.AbstractTransferListenerAdapter - Downloading https://repo.spring.io/snapshot/org/springframework/boot/spring-boot-starter/4.0.1-SNAPSHOT/spring-boot-starter-4.0.1-20251122.091056-9.pom
2025-11-23 20:14:55,374 [SonarLint Client RPC request executor] INFO  o.e.m.c.i.e.AbstractTransferListenerAdapter - Downloaded https://repo.spring.io/snapshot/org/springframework/boot/spring-boot-starter/4.0.1-SNAPSHOT/spring-boot-starter-4.0.1-20251122.091056-9.pom
2025-11-23 20:14:55,687 [SonarLint Client RPC request executor] INFO  o.e.m.c.i.e.AbstractTransferListenerAdapter - Downloading https://repo.spring.io/snapshot/org/springframework/boot/spring-boot-starter-logging/4.0.1-SNAPSHOT/maven-metadata.xml
2025-11-23 20:14:55,699 [SonarLint Client RPC request executor] INFO  o.e.m.c.i.e.AbstractTransferListenerAdapter - Downloaded https://repo.spring.io/snapshot/org/springframework/boot/spring-boot-starter-logging/4.0.1-SNAPSHOT/maven-metadata.xml
2025-11-23 20:14:56,011 [SonarLint Client RPC request executor] INFO  o.e.m.c.i.e.AbstractTransferListenerAdapter - Downloading https://repo.spring.io/snapshot/org/springframework/boot/spring-boot-starter-logging/4.0.1-SNAPSHOT/spring-boot-starter-logging-4.0.1-20251122.091056-9.pom
2025-11-23 20:14:56,022 [SonarLint Client RPC request executor] INFO  o.e.m.c.i.e.AbstractTransferListenerAdapter - Downloaded https://repo.spring.io/snapshot/org/springframework/boot/spring-boot-starter-logging/4.0.1-SNAPSHOT/spring-boot-starter-logging-4.0.1-20251122.091056-9.pom
2025-11-23 20:14:56,821 [SonarLint Client RPC request executor] INFO  o.e.m.c.i.e.AbstractTransferListenerAdapter - Downloading https://repo.spring.io/snapshot/org/springframework/boot/spring-boot-autoconfigure/4.0.1-SNAPSHOT/maven-metadata.xml
2025-11-23 20:14:56,857 [SonarLint Client RPC request executor] INFO  o.e.m.c.i.e.AbstractTransferListenerAdapter - Downloaded https://repo.spring.io/snapshot/org/springframework/boot/spring-boot-autoconfigure/4.0.1-SNAPSHOT/maven-metadata.xml
2025-11-23 20:14:57,182 [SonarLint Client RPC request executor] INFO  o.e.m.c.i.e.AbstractTransferListenerAdapter - Downloading https://repo.spring.io/snapshot/org/springframework/boot/spring-boot-autoconfigure/4.0.1-SNAPSHOT/spring-boot-autoconfigure-4.0.1-20251122.091056-9.pom
2025-11-23 20:14:57,215 [SonarLint Client RPC request executor] INFO  o.e.m.c.i.e.AbstractTransferListenerAdapter - Downloaded https://repo.spring.io/snapshot/org/springframework/boot/spring-boot-autoconfigure/4.0.1-SNAPSHOT/spring-boot-autoconfigure-4.0.1-20251122.091056-9.pom
2025-11-23 20:14:57,542 [SonarLint Client RPC request executor] INFO  o.e.m.c.i.e.AbstractTransferListenerAdapter - Downloading https://repo.spring.io/snapshot/org/springframework/boot/spring-boot/4.0.1-SNAPSHOT/maven-metadata.xml
2025-11-23 20:14:57,559 [SonarLint Client RPC request executor] INFO  o.e.m.c.i.e.AbstractTransferListenerAdapter - Downloaded https://repo.spring.io/snapshot/org/springframework/boot/spring-boot/4.0.1-SNAPSHOT/maven-metadata.xml
2025-11-23 20:14:57,901 [SonarLint Client RPC request executor] INFO  o.e.m.c.i.e.AbstractTransferListenerAdapter - Downloading https://repo.spring.io/snapshot/org/springframework/boot/spring-boot/4.0.1-SNAPSHOT/spring-boot-4.0.1-20251122.091056-9.pom
2025-11-23 20:14:57,915 [SonarLint Client RPC request executor] INFO  o.e.m.c.i.e.AbstractTransferListenerAdapter - Downloaded https://repo.spring.io/snapshot/org/springframework/boot/spring-boot/4.0.1-SNAPSHOT/spring-boot-4.0.1-20251122.091056-9.pom
2025-11-23 20:14:58,846 [SonarLint Client RPC request executor] INFO  o.e.m.c.i.e.AbstractTransferListenerAdapter - Downloading https://repo.spring.io/snapshot/org/springframework/boot/spring-boot-mongodb/4.0.1-SNAPSHOT/maven-metadata.xml
2025-11-23 20:14:58,892 [SonarLint Client RPC request executor] INFO  o.e.m.c.i.e.AbstractTransferListenerAdapter - Downloaded https://repo.spring.io/snapshot/org/springframework/boot/spring-boot-mongodb/4.0.1-SNAPSHOT/maven-metadata.xml
2025-11-23 20:14:59,290 [SonarLint Client RPC request executor] INFO  o.e.m.c.i.e.AbstractTransferListenerAdapter - Downloading https://repo.spring.io/snapshot/org/springframework/boot/spring-boot-mongodb/4.0.1-SNAPSHOT/spring-boot-mongodb-4.0.1-20251122.091056-9.pom
2025-11-23 20:14:59,308 [SonarLint Client RPC request executor] INFO  o.e.m.c.i.e.AbstractTransferListenerAdapter - Downloaded https://repo.spring.io/snapshot/org/springframework/boot/spring-boot-mongodb/4.0.1-SNAPSHOT/spring-boot-mongodb-4.0.1-20251122.091056-9.pom
2025-11-23 20:14:59,702 [SonarLint Client RPC request executor] INFO  o.e.m.c.i.e.AbstractTransferListenerAdapter - Downloading https://repo.spring.io/snapshot/org/springframework/boot/spring-boot-data-mongodb/4.0.1-SNAPSHOT/maven-metadata.xml
2025-11-23 20:14:59,714 [SonarLint Client RPC request executor] INFO  o.e.m.c.i.e.AbstractTransferListenerAdapter - Downloaded https://repo.spring.io/snapshot/org/springframework/boot/spring-boot-data-mongodb/4.0.1-SNAPSHOT/maven-metadata.xml
2025-11-23 20:15:00,019 [SonarLint Client RPC request executor] INFO  o.e.m.c.i.e.AbstractTransferListenerAdapter - Downloading https://repo.spring.io/snapshot/org/springframework/boot/spring-boot-data-mongodb/4.0.1-SNAPSHOT/spring-boot-data-mongodb-4.0.1-20251122.091056-9.pom
2025-11-23 20:15:00,028 [SonarLint Client RPC request executor] INFO  o.e.m.c.i.e.AbstractTransferListenerAdapter - Downloaded https://repo.spring.io/snapshot/org/springframework/boot/spring-boot-data-mongodb/4.0.1-SNAPSHOT/spring-boot-data-mongodb-4.0.1-20251122.091056-9.pom
2025-11-23 20:15:00,338 [SonarLint Client RPC request executor] INFO  o.e.m.c.i.e.AbstractTransferListenerAdapter - Downloading https://repo.spring.io/snapshot/org/springframework/boot/spring-boot-data-commons/4.0.1-SNAPSHOT/maven-metadata.xml
2025-11-23 20:15:00,345 [SonarLint Client RPC request executor] INFO  o.e.m.c.i.e.AbstractTransferListenerAdapter - Downloaded https://repo.spring.io/snapshot/org/springframework/boot/spring-boot-data-commons/4.0.1-SNAPSHOT/maven-metadata.xml
2025-11-23 20:15:00,647 [SonarLint Client RPC request executor] INFO  o.e.m.c.i.e.AbstractTransferListenerAdapter - Downloading https://repo.spring.io/snapshot/org/springframework/boot/spring-boot-data-commons/4.0.1-SNAPSHOT/spring-boot-data-commons-4.0.1-20251122.091056-9.pom
2025-11-23 20:15:00,653 [SonarLint Client RPC request executor] INFO  o.e.m.c.i.e.AbstractTransferListenerAdapter - Downloaded https://repo.spring.io/snapshot/org/springframework/boot/spring-boot-data-commons/4.0.1-SNAPSHOT/spring-boot-data-commons-4.0.1-20251122.091056-9.pom
2025-11-23 20:15:01,119 [SonarLint Client RPC request executor] INFO  o.e.m.c.i.e.AbstractTransferListenerAdapter - Downloading https://repo.spring.io/snapshot/org/springframework/boot/spring-boot-persistence/4.0.1-SNAPSHOT/maven-metadata.xml
2025-11-23 20:15:01,127 [SonarLint Client RPC request executor] INFO  o.e.m.c.i.e.AbstractTransferListenerAdapter - Downloaded https://repo.spring.io/snapshot/org/springframework/boot/spring-boot-persistence/4.0.1-SNAPSHOT/maven-metadata.xml
2025-11-23 20:15:01,440 [SonarLint Client RPC request executor] INFO  o.e.m.c.i.e.AbstractTransferListenerAdapter - Downloading https://repo.spring.io/snapshot/org/springframework/boot/spring-boot-persistence/4.0.1-SNAPSHOT/spring-boot-persistence-4.0.1-20251122.091056-9.pom
2025-11-23 20:15:01,447 [SonarLint Client RPC request executor] INFO  o.e.m.c.i.e.AbstractTransferListenerAdapter - Downloaded https://repo.spring.io/snapshot/org/springframework/boot/spring-boot-persistence/4.0.1-SNAPSHOT/spring-boot-persistence-4.0.1-20251122.091056-9.pom
2025-11-23 20:15:01,958 [SonarLint Client RPC request executor] INFO  o.e.m.c.i.e.AbstractTransferListenerAdapter - Downloading https://repo.spring.io/snapshot/org/springframework/boot/spring-boot-transaction/4.0.1-SNAPSHOT/maven-metadata.xml
2025-11-23 20:15:01,967 [SonarLint Client RPC request executor] INFO  o.e.m.c.i.e.AbstractTransferListenerAdapter - Downloaded https://repo.spring.io/snapshot/org/springframework/boot/spring-boot-transaction/4.0.1-SNAPSHOT/maven-metadata.xml
2025-11-23 20:15:03,252 [SonarLint Client RPC request executor] INFO  o.e.m.c.i.e.AbstractTransferListenerAdapter - Downloading https://repo.spring.io/snapshot/org/springframework/boot/spring-boot-transaction/4.0.1-SNAPSHOT/spring-boot-transaction-4.0.1-20251122.091056-9.pom
2025-11-23 20:15:03,539 [SonarLint Client RPC request executor] INFO  o.e.m.c.i.e.AbstractTransferListenerAdapter - Downloaded https://repo.spring.io/snapshot/org/springframework/boot/spring-boot-transaction/4.0.1-SNAPSHOT/spring-boot-transaction-4.0.1-20251122.091056-9.pom
2025-11-23 20:15:04,007 [SonarLint Client RPC request executor] INFO  o.e.m.c.i.e.AbstractTransferListenerAdapter - Downloading https://repo.spring.io/snapshot/org/springframework/boot/spring-boot-reactor/4.0.1-SNAPSHOT/maven-metadata.xml
2025-11-23 20:15:04,012 [SonarLint Client RPC request executor] INFO  o.e.m.c.i.e.AbstractTransferListenerAdapter - Downloaded https://repo.spring.io/snapshot/org/springframework/boot/spring-boot-reactor/4.0.1-SNAPSHOT/maven-metadata.xml
2025-11-23 20:15:04,312 [SonarLint Client RPC request executor] INFO  o.e.m.c.i.e.AbstractTransferListenerAdapter - Downloading https://repo.spring.io/snapshot/org/springframework/boot/spring-boot-reactor/4.0.1-SNAPSHOT/spring-boot-reactor-4.0.1-20251122.091056-9.pom
2025-11-23 20:15:05,254 [SonarLint Client RPC request executor] INFO  o.e.m.c.i.e.AbstractTransferListenerAdapter - Downloaded https://repo.spring.io/snapshot/org/springframework/boot/spring-boot-reactor/4.0.1-SNAPSHOT/spring-boot-reactor-4.0.1-20251122.091056-9.pom
2025-11-23 20:15:05,560 [SonarLint Client RPC request executor] INFO  o.e.m.c.i.e.AbstractTransferListenerAdapter - Downloading https://repo.spring.io/snapshot/org/springframework/boot/spring-boot-starter-webflux/4.0.1-SNAPSHOT/maven-metadata.xml
2025-11-23 20:15:05,567 [SonarLint Client RPC request executor] INFO  o.e.m.c.i.e.AbstractTransferListenerAdapter - Downloaded https://repo.spring.io/snapshot/org/springframework/boot/spring-boot-starter-webflux/4.0.1-SNAPSHOT/maven-metadata.xml
2025-11-23 20:15:05,866 [SonarLint Client RPC request executor] INFO  o.e.m.c.i.e.AbstractTransferListenerAdapter - Downloading https://repo.spring.io/snapshot/org/springframework/boot/spring-boot-starter-webflux/4.0.1-SNAPSHOT/spring-boot-starter-webflux-4.0.1-20251122.091056-9.pom
2025-11-23 20:15:06,376 [SonarLint Client RPC request executor] INFO  o.e.m.c.i.e.AbstractTransferListenerAdapter - Downloaded https://repo.spring.io/snapshot/org/springframework/boot/spring-boot-starter-webflux/4.0.1-SNAPSHOT/spring-boot-starter-webflux-4.0.1-20251122.091056-9.pom
2025-11-23 20:15:06,680 [SonarLint Client RPC request executor] INFO  o.e.m.c.i.e.AbstractTransferListenerAdapter - Downloading https://repo.spring.io/snapshot/org/springframework/boot/spring-boot-starter-jackson/4.0.1-SNAPSHOT/maven-metadata.xml
2025-11-23 20:15:06,685 [SonarLint Client RPC request executor] INFO  o.e.m.c.i.e.AbstractTransferListenerAdapter - Downloaded https://repo.spring.io/snapshot/org/springframework/boot/spring-boot-starter-jackson/4.0.1-SNAPSHOT/maven-metadata.xml
2025-11-23 20:15:07,472 [SonarLint Client RPC request executor] INFO  o.e.m.c.i.e.AbstractTransferListenerAdapter - Downloading https://repo.spring.io/snapshot/org/springframework/boot/spring-boot-starter-jackson/4.0.1-SNAPSHOT/spring-boot-starter-jackson-4.0.1-20251122.091056-9.pom
2025-11-23 20:15:07,478 [SonarLint Client RPC request executor] INFO  o.e.m.c.i.e.AbstractTransferListenerAdapter - Downloaded https://repo.spring.io/snapshot/org/springframework/boot/spring-boot-starter-jackson/4.0.1-SNAPSHOT/spring-boot-starter-jackson-4.0.1-20251122.091056-9.pom
2025-11-23 20:15:07,785 [SonarLint Client RPC request executor] INFO  o.e.m.c.i.e.AbstractTransferListenerAdapter - Downloading https://repo.spring.io/snapshot/org/springframework/boot/spring-boot-jackson/4.0.1-SNAPSHOT/maven-metadata.xml
2025-11-23 20:15:08,867 [SonarLint Client RPC request executor] INFO  o.e.m.c.i.e.AbstractTransferListenerAdapter - Downloaded https://repo.spring.io/snapshot/org/springframework/boot/spring-boot-jackson/4.0.1-SNAPSHOT/maven-metadata.xml
2025-11-23 20:15:09,204 [SonarLint Client RPC request executor] INFO  o.e.m.c.i.e.AbstractTransferListenerAdapter - Downloading https://repo.spring.io/snapshot/org/springframework/boot/spring-boot-jackson/4.0.1-SNAPSHOT/spring-boot-jackson-4.0.1-20251122.091056-9.pom
2025-11-23 20:15:09,210 [SonarLint Client RPC request executor] INFO  o.e.m.c.i.e.AbstractTransferListenerAdapter - Downloaded https://repo.spring.io/snapshot/org/springframework/boot/spring-boot-jackson/4.0.1-SNAPSHOT/spring-boot-jackson-4.0.1-20251122.091056-9.pom
2025-11-23 20:15:09,527 [SonarLint Client RPC request executor] INFO  o.e.m.c.i.e.AbstractTransferListenerAdapter - Downloading https://repo.spring.io/snapshot/org/springframework/boot/spring-boot-starter-reactor-netty/4.0.1-SNAPSHOT/maven-metadata.xml
2025-11-23 20:15:09,818 [SonarLint Client RPC request executor] INFO  o.e.m.c.i.e.AbstractTransferListenerAdapter - Downloaded https://repo.spring.io/snapshot/org/springframework/boot/spring-boot-starter-reactor-netty/4.0.1-SNAPSHOT/maven-metadata.xml
2025-11-23 20:15:10,264 [SonarLint Client RPC request executor] INFO  o.e.m.c.i.e.AbstractTransferListenerAdapter - Downloading https://repo.spring.io/snapshot/org/springframework/boot/spring-boot-starter-reactor-netty/4.0.1-SNAPSHOT/spring-boot-starter-reactor-netty-4.0.1-20251122.091056-9.pom
2025-11-23 20:15:10,270 [SonarLint Client RPC request executor] INFO  o.e.m.c.i.e.AbstractTransferListenerAdapter - Downloaded https://repo.spring.io/snapshot/org/springframework/boot/spring-boot-starter-reactor-netty/4.0.1-SNAPSHOT/spring-boot-starter-reactor-netty-4.0.1-20251122.091056-9.pom
2025-11-23 20:15:10,580 [SonarLint Client RPC request executor] INFO  o.e.m.c.i.e.AbstractTransferListenerAdapter - Downloading https://repo.spring.io/snapshot/org/springframework/boot/spring-boot-reactor-netty/4.0.1-SNAPSHOT/maven-metadata.xml
2025-11-23 20:15:10,587 [SonarLint Client RPC request executor] INFO  o.e.m.c.i.e.AbstractTransferListenerAdapter - Downloaded https://repo.spring.io/snapshot/org/springframework/boot/spring-boot-reactor-netty/4.0.1-SNAPSHOT/maven-metadata.xml
2025-11-23 20:15:10,999 [SonarLint Client RPC request executor] INFO  o.e.m.c.i.e.AbstractTransferListenerAdapter - Downloading https://repo.spring.io/snapshot/org/springframework/boot/spring-boot-reactor-netty/4.0.1-SNAPSHOT/spring-boot-reactor-netty-4.0.1-20251122.091056-9.pom
2025-11-23 20:15:11,005 [SonarLint Client RPC request executor] INFO  o.e.m.c.i.e.AbstractTransferListenerAdapter - Downloaded https://repo.spring.io/snapshot/org/springframework/boot/spring-boot-reactor-netty/4.0.1-SNAPSHOT/spring-boot-reactor-netty-4.0.1-20251122.091056-9.pom
2025-11-23 20:15:11,320 [SonarLint Client RPC request executor] INFO  o.e.m.c.i.e.AbstractTransferListenerAdapter - Downloading https://repo.spring.io/snapshot/org/springframework/boot/spring-boot-web-server/4.0.1-SNAPSHOT/maven-metadata.xml
2025-11-23 20:15:11,324 [SonarLint Client RPC request executor] INFO  o.e.m.c.i.e.AbstractTransferListenerAdapter - Downloaded https://repo.spring.io/snapshot/org/springframework/boot/spring-boot-web-server/4.0.1-SNAPSHOT/maven-metadata.xml
2025-11-23 20:15:11,624 [SonarLint Client RPC request executor] INFO  o.e.m.c.i.e.AbstractTransferListenerAdapter - Downloading https://repo.spring.io/snapshot/org/springframework/boot/spring-boot-web-server/4.0.1-SNAPSHOT/spring-boot-web-server-4.0.1-20251122.091056-9.pom
2025-11-23 20:15:11,629 [SonarLint Client RPC request executor] INFO  o.e.m.c.i.e.AbstractTransferListenerAdapter - Downloaded https://repo.spring.io/snapshot/org/springframework/boot/spring-boot-web-server/4.0.1-SNAPSHOT/spring-boot-web-server-4.0.1-20251122.091056-9.pom
2025-11-23 20:15:12,167 [SonarLint Client RPC request executor] INFO  o.e.m.c.i.e.AbstractTransferListenerAdapter - Downloading https://repo.spring.io/snapshot/org/springframework/boot/spring-boot-netty/4.0.1-SNAPSHOT/maven-metadata.xml
2025-11-23 20:15:12,177 [SonarLint Client RPC request executor] INFO  o.e.m.c.i.e.AbstractTransferListenerAdapter - Downloaded https://repo.spring.io/snapshot/org/springframework/boot/spring-boot-netty/4.0.1-SNAPSHOT/maven-metadata.xml
2025-11-23 20:15:12,480 [SonarLint Client RPC request executor] INFO  o.e.m.c.i.e.AbstractTransferListenerAdapter - Downloading https://repo.spring.io/snapshot/org/springframework/boot/spring-boot-netty/4.0.1-SNAPSHOT/spring-boot-netty-4.0.1-20251122.091056-9.pom
2025-11-23 20:15:12,486 [SonarLint Client RPC request executor] INFO  o.e.m.c.i.e.AbstractTransferListenerAdapter - Downloaded https://repo.spring.io/snapshot/org/springframework/boot/spring-boot-netty/4.0.1-SNAPSHOT/spring-boot-netty-4.0.1-20251122.091056-9.pom
2025-11-23 20:15:13,056 [SonarLint Client RPC request executor] INFO  o.e.m.c.i.e.AbstractTransferListenerAdapter - Downloading https://repo.spring.io/snapshot/org/springframework/boot/spring-boot-webflux/4.0.1-SNAPSHOT/maven-metadata.xml
2025-11-23 20:15:13,059 [SonarLint Client RPC request executor] INFO  o.e.m.c.i.e.AbstractTransferListenerAdapter - Downloaded https://repo.spring.io/snapshot/org/springframework/boot/spring-boot-webflux/4.0.1-SNAPSHOT/maven-metadata.xml
2025-11-23 20:15:13,340 [SonarLint Client RPC request executor] INFO  o.e.m.c.i.e.AbstractTransferListenerAdapter - Downloading https://repo.spring.io/snapshot/org/springframework/boot/spring-boot-webflux/4.0.1-SNAPSHOT/spring-boot-webflux-4.0.1-20251122.091056-9.pom
2025-11-23 20:15:13,346 [SonarLint Client RPC request executor] INFO  o.e.m.c.i.e.AbstractTransferListenerAdapter - Downloaded https://repo.spring.io/snapshot/org/springframework/boot/spring-boot-webflux/4.0.1-SNAPSHOT/spring-boot-webflux-4.0.1-20251122.091056-9.pom
2025-11-23 20:15:13,645 [SonarLint Client RPC request executor] INFO  o.e.m.c.i.e.AbstractTransferListenerAdapter - Downloading https://repo.spring.io/snapshot/org/springframework/boot/spring-boot-http-codec/4.0.1-SNAPSHOT/maven-metadata.xml
2025-11-23 20:15:13,652 [SonarLint Client RPC request executor] INFO  o.e.m.c.i.e.AbstractTransferListenerAdapter - Downloaded https://repo.spring.io/snapshot/org/springframework/boot/spring-boot-http-codec/4.0.1-SNAPSHOT/maven-metadata.xml
2025-11-23 20:15:13,957 [SonarLint Client RPC request executor] INFO  o.e.m.c.i.e.AbstractTransferListenerAdapter - Downloading https://repo.spring.io/snapshot/org/springframework/boot/spring-boot-http-codec/4.0.1-SNAPSHOT/spring-boot-http-codec-4.0.1-20251122.091056-9.pom
2025-11-23 20:15:13,962 [SonarLint Client RPC request executor] INFO  o.e.m.c.i.e.AbstractTransferListenerAdapter - Downloaded https://repo.spring.io/snapshot/org/springframework/boot/spring-boot-http-codec/4.0.1-SNAPSHOT/spring-boot-http-codec-4.0.1-20251122.091056-9.pom
2025-11-23 20:15:14,485 [SonarLint Client RPC request executor] INFO  o.e.m.c.i.e.AbstractTransferListenerAdapter - Downloading https://repo.spring.io/snapshot/org/springframework/boot/spring-boot-starter-data-mongodb-reactive-test/4.0.1-SNAPSHOT/maven-metadata.xml
2025-11-23 20:15:14,490 [SonarLint Client RPC request executor] INFO  o.e.m.c.i.e.AbstractTransferListenerAdapter - Downloaded https://repo.spring.io/snapshot/org/springframework/boot/spring-boot-starter-data-mongodb-reactive-test/4.0.1-SNAPSHOT/maven-metadata.xml
2025-11-23 20:15:14,794 [SonarLint Client RPC request executor] INFO  o.e.m.c.i.e.AbstractTransferListenerAdapter - Downloading https://repo.spring.io/snapshot/org/springframework/boot/spring-boot-starter-data-mongodb-reactive-test/4.0.1-SNAPSHOT/spring-boot-starter-data-mongodb-reactive-test-4.0.1-20251122.091056-9.pom
2025-11-23 20:15:14,799 [SonarLint Client RPC request executor] INFO  o.e.m.c.i.e.AbstractTransferListenerAdapter - Downloaded https://repo.spring.io/snapshot/org/springframework/boot/spring-boot-starter-data-mongodb-reactive-test/4.0.1-SNAPSHOT/spring-boot-starter-data-mongodb-reactive-test-4.0.1-20251122.091056-9.pom
2025-11-23 20:15:15,314 [SonarLint Client RPC request executor] INFO  o.e.m.c.i.e.AbstractTransferListenerAdapter - Downloading https://repo.spring.io/snapshot/org/springframework/boot/spring-boot-starter-test/4.0.1-SNAPSHOT/maven-metadata.xml
2025-11-23 20:15:15,319 [SonarLint Client RPC request executor] INFO  o.e.m.c.i.e.AbstractTransferListenerAdapter - Downloaded https://repo.spring.io/snapshot/org/springframework/boot/spring-boot-starter-test/4.0.1-SNAPSHOT/maven-metadata.xml
2025-11-23 20:15:15,617 [SonarLint Client RPC request executor] INFO  o.e.m.c.i.e.AbstractTransferListenerAdapter - Downloading https://repo.spring.io/snapshot/org/springframework/boot/spring-boot-starter-test/4.0.1-SNAPSHOT/spring-boot-starter-test-4.0.1-20251122.091056-9.pom
2025-11-23 20:15:15,906 [SonarLint Client RPC request executor] INFO  o.e.m.c.i.e.AbstractTransferListenerAdapter - Downloaded https://repo.spring.io/snapshot/org/springframework/boot/spring-boot-starter-test/4.0.1-SNAPSHOT/spring-boot-starter-test-4.0.1-20251122.091056-9.pom
2025-11-23 20:15:16,407 [SonarLint Client RPC request executor] INFO  o.e.m.c.i.e.AbstractTransferListenerAdapter - Downloading https://repo.spring.io/snapshot/org/springframework/boot/spring-boot-test/4.0.1-SNAPSHOT/maven-metadata.xml
2025-11-23 20:15:16,412 [SonarLint Client RPC request executor] INFO  o.e.m.c.i.e.AbstractTransferListenerAdapter - Downloaded https://repo.spring.io/snapshot/org/springframework/boot/spring-boot-test/4.0.1-SNAPSHOT/maven-metadata.xml
2025-11-23 20:15:16,713 [SonarLint Client RPC request executor] INFO  o.e.m.c.i.e.AbstractTransferListenerAdapter - Downloading https://repo.spring.io/snapshot/org/springframework/boot/spring-boot-test/4.0.1-SNAPSHOT/spring-boot-test-4.0.1-20251122.091056-9.pom
2025-11-23 20:15:16,721 [SonarLint Client RPC request executor] INFO  o.e.m.c.i.e.AbstractTransferListenerAdapter - Downloaded https://repo.spring.io/snapshot/org/springframework/boot/spring-boot-test/4.0.1-SNAPSHOT/spring-boot-test-4.0.1-20251122.091056-9.pom
2025-11-23 20:15:17,028 [SonarLint Client RPC request executor] INFO  o.e.m.c.i.e.AbstractTransferListenerAdapter - Downloading https://repo.spring.io/snapshot/org/springframework/boot/spring-boot-test-autoconfigure/4.0.1-SNAPSHOT/maven-metadata.xml
2025-11-23 20:15:17,033 [SonarLint Client RPC request executor] INFO  o.e.m.c.i.e.AbstractTransferListenerAdapter - Downloaded https://repo.spring.io/snapshot/org/springframework/boot/spring-boot-test-autoconfigure/4.0.1-SNAPSHOT/maven-metadata.xml
2025-11-23 20:15:17,334 [SonarLint Client RPC request executor] INFO  o.e.m.c.i.e.AbstractTransferListenerAdapter - Downloading https://repo.spring.io/snapshot/org/springframework/boot/spring-boot-test-autoconfigure/4.0.1-SNAPSHOT/spring-boot-test-autoconfigure-4.0.1-20251122.091056-9.pom
2025-11-23 20:15:17,344 [SonarLint Client RPC request executor] INFO  o.e.m.c.i.e.AbstractTransferListenerAdapter - Downloaded https://repo.spring.io/snapshot/org/springframework/boot/spring-boot-test-autoconfigure/4.0.1-SNAPSHOT/spring-boot-test-autoconfigure-4.0.1-20251122.091056-9.pom
2025-11-23 20:15:17,694 [SonarLint Client RPC request executor] INFO  o.e.m.c.i.e.AbstractTransferListenerAdapter - Downloading https://repo.spring.io/snapshot/org/springframework/boot/spring-boot-data-mongodb-test/4.0.1-SNAPSHOT/maven-metadata.xml
2025-11-23 20:15:17,699 [SonarLint Client RPC request executor] INFO  o.e.m.c.i.e.AbstractTransferListenerAdapter - Downloaded https://repo.spring.io/snapshot/org/springframework/boot/spring-boot-data-mongodb-test/4.0.1-SNAPSHOT/maven-metadata.xml
2025-11-23 20:15:17,991 [SonarLint Client RPC request executor] INFO  o.e.m.c.i.e.AbstractTransferListenerAdapter - Downloading https://repo.spring.io/snapshot/org/springframework/boot/spring-boot-data-mongodb-test/4.0.1-SNAPSHOT/spring-boot-data-mongodb-test-4.0.1-20251122.091056-9.pom
2025-11-23 20:15:17,998 [SonarLint Client RPC request executor] INFO  o.e.m.c.i.e.AbstractTransferListenerAdapter - Downloaded https://repo.spring.io/snapshot/org/springframework/boot/spring-boot-data-mongodb-test/4.0.1-SNAPSHOT/spring-boot-data-mongodb-test-4.0.1-20251122.091056-9.pom
2025-11-23 20:15:18,445 [SonarLint Client RPC request executor] INFO  o.e.m.c.i.e.AbstractTransferListenerAdapter - Downloading https://repo.spring.io/snapshot/org/springframework/boot/spring-boot-starter-webflux-test/4.0.1-SNAPSHOT/maven-metadata.xml
2025-11-23 20:15:18,449 [SonarLint Client RPC request executor] INFO  o.e.m.c.i.e.AbstractTransferListenerAdapter - Downloaded https://repo.spring.io/snapshot/org/springframework/boot/spring-boot-starter-webflux-test/4.0.1-SNAPSHOT/maven-metadata.xml
2025-11-23 20:15:18,753 [SonarLint Client RPC request executor] INFO  o.e.m.c.i.e.AbstractTransferListenerAdapter - Downloading https://repo.spring.io/snapshot/org/springframework/boot/spring-boot-starter-webflux-test/4.0.1-SNAPSHOT/spring-boot-starter-webflux-test-4.0.1-20251122.091056-9.pom
2025-11-23 20:15:18,758 [SonarLint Client RPC request executor] INFO  o.e.m.c.i.e.AbstractTransferListenerAdapter - Downloaded https://repo.spring.io/snapshot/org/springframework/boot/spring-boot-starter-webflux-test/4.0.1-SNAPSHOT/spring-boot-starter-webflux-test-4.0.1-20251122.091056-9.pom
2025-11-23 20:15:19,061 [SonarLint Client RPC request executor] INFO  o.e.m.c.i.e.AbstractTransferListenerAdapter - Downloading https://repo.spring.io/snapshot/org/springframework/boot/spring-boot-starter-jackson-test/4.0.1-SNAPSHOT/maven-metadata.xml
2025-11-23 20:15:19,072 [SonarLint Client RPC request executor] INFO  o.e.m.c.i.e.AbstractTransferListenerAdapter - Downloaded https://repo.spring.io/snapshot/org/springframework/boot/spring-boot-starter-jackson-test/4.0.1-SNAPSHOT/maven-metadata.xml
2025-11-23 20:15:19,373 [SonarLint Client RPC request executor] INFO  o.e.m.c.i.e.AbstractTransferListenerAdapter - Downloading https://repo.spring.io/snapshot/org/springframework/boot/spring-boot-starter-jackson-test/4.0.1-SNAPSHOT/spring-boot-starter-jackson-test-4.0.1-20251122.091056-9.pom
2025-11-23 20:15:19,377 [SonarLint Client RPC request executor] INFO  o.e.m.c.i.e.AbstractTransferListenerAdapter - Downloaded https://repo.spring.io/snapshot/org/springframework/boot/spring-boot-starter-jackson-test/4.0.1-SNAPSHOT/spring-boot-starter-jackson-test-4.0.1-20251122.091056-9.pom
2025-11-23 20:15:19,692 [SonarLint Client RPC request executor] INFO  o.e.m.c.i.e.AbstractTransferListenerAdapter - Downloading https://repo.spring.io/snapshot/org/springframework/boot/spring-boot-webflux-test/4.0.1-SNAPSHOT/maven-metadata.xml
2025-11-23 20:15:19,702 [SonarLint Client RPC request executor] INFO  o.e.m.c.i.e.AbstractTransferListenerAdapter - Downloaded https://repo.spring.io/snapshot/org/springframework/boot/spring-boot-webflux-test/4.0.1-SNAPSHOT/maven-metadata.xml
2025-11-23 20:15:20,012 [SonarLint Client RPC request executor] INFO  o.e.m.c.i.e.AbstractTransferListenerAdapter - Downloading https://repo.spring.io/snapshot/org/springframework/boot/spring-boot-webflux-test/4.0.1-SNAPSHOT/spring-boot-webflux-test-4.0.1-20251122.091056-9.pom
2025-11-23 20:15:21,777 [SonarLint Client RPC request executor] INFO  o.e.m.c.i.e.AbstractTransferListenerAdapter - Downloaded https://repo.spring.io/snapshot/org/springframework/boot/spring-boot-webflux-test/4.0.1-SNAPSHOT/spring-boot-webflux-test-4.0.1-20251122.091056-9.pom
2025-11-23 20:15:22,088 [SonarLint Client RPC request executor] INFO  o.e.m.c.i.e.AbstractTransferListenerAdapter - Downloading https://repo.spring.io/snapshot/org/springframework/boot/spring-boot-webtestclient/4.0.1-SNAPSHOT/maven-metadata.xml
2025-11-23 20:15:23,205 [SonarLint Client RPC request executor] INFO  o.e.m.c.i.e.AbstractTransferListenerAdapter - Downloaded https://repo.spring.io/snapshot/org/springframework/boot/spring-boot-webtestclient/4.0.1-SNAPSHOT/maven-metadata.xml
2025-11-23 20:15:23,506 [SonarLint Client RPC request executor] INFO  o.e.m.c.i.e.AbstractTransferListenerAdapter - Downloading https://repo.spring.io/snapshot/org/springframework/boot/spring-boot-webtestclient/4.0.1-SNAPSHOT/spring-boot-webtestclient-4.0.1-20251122.091056-9.pom
2025-11-23 20:15:24,027 [SonarLint Client RPC request executor] INFO  o.e.m.c.i.e.AbstractTransferListenerAdapter - Downloaded https://repo.spring.io/snapshot/org/springframework/boot/spring-boot-webtestclient/4.0.1-SNAPSHOT/spring-boot-webtestclient-4.0.1-20251122.091056-9.pom
2025-11-23 20:15:24,453 [SonarLint Client RPC request executor] INFO  o.e.m.c.i.e.AbstractTransferListenerAdapter - Downloading https://repo.spring.io/snapshot/org/springframework/boot/spring-boot-starter-data-mongodb-reactive/4.0.1-SNAPSHOT/spring-boot-starter-data-mongodb-reactive-4.0.1-20251122.091056-9.jar
2025-11-23 20:15:24,784 [SonarLint Client RPC request executor] INFO  o.e.m.c.i.e.AbstractTransferListenerAdapter - Downloaded https://repo.spring.io/snapshot/org/springframework/boot/spring-boot-starter-data-mongodb-reactive/4.0.1-SNAPSHOT/spring-boot-starter-data-mongodb-reactive-4.0.1-20251122.091056-9.jar
2025-11-23 20:15:25,100 [BasicRepositoryConnector-repo.spring.io-1-0] INFO  o.e.m.c.i.e.AbstractTransferListenerAdapter - Downloading https://repo.spring.io/snapshot/org/springframework/boot/spring-boot-starter-mongodb/4.0.1-SNAPSHOT/spring-boot-starter-mongodb-4.0.1-20251122.091056-9.jar
2025-11-23 20:15:25,384 [BasicRepositoryConnector-repo.spring.io-1-0] INFO  o.e.m.c.i.e.AbstractTransferListenerAdapter - Downloaded https://repo.spring.io/snapshot/org/springframework/boot/spring-boot-starter-mongodb/4.0.1-SNAPSHOT/spring-boot-starter-mongodb-4.0.1-20251122.091056-9.jar
2025-11-23 20:15:25,664 [BasicRepositoryConnector-repo.spring.io-1-2] INFO  o.e.m.c.i.e.AbstractTransferListenerAdapter - Downloading https://repo.spring.io/snapshot/org/springframework/boot/spring-boot-data-mongodb/4.0.1-SNAPSHOT/spring-boot-data-mongodb-4.0.1-20251122.091056-9.jar
2025-11-23 20:15:25,667 [BasicRepositoryConnector-repo.spring.io-1-1] INFO  o.e.m.c.i.e.AbstractTransferListenerAdapter - Downloading https://repo.spring.io/snapshot/org/springframework/boot/spring-boot-mongodb/4.0.1-SNAPSHOT/spring-boot-mongodb-4.0.1-20251122.091056-9.jar
2025-11-23 20:15:25,683 [BasicRepositoryConnector-repo.spring.io-1-0] INFO  o.e.m.c.i.e.AbstractTransferListenerAdapter - Downloading https://repo.spring.io/snapshot/org/springframework/boot/spring-boot-transaction/4.0.1-SNAPSHOT/spring-boot-transaction-4.0.1-20251122.091056-9.jar
2025-11-23 20:15:26,006 [BasicRepositoryConnector-repo.spring.io-1-3] INFO  o.e.m.c.i.e.AbstractTransferListenerAdapter - Downloading https://repo.spring.io/snapshot/org/springframework/boot/spring-boot-data-commons/4.0.1-SNAPSHOT/spring-boot-data-commons-4.0.1-20251122.091056-9.jar
2025-11-23 20:15:26,233 [BasicRepositoryConnector-repo.spring.io-1-4] INFO  o.e.m.c.i.e.AbstractTransferListenerAdapter - Downloading https://repo.spring.io/snapshot/org/springframework/boot/spring-boot-persistence/4.0.1-SNAPSHOT/spring-boot-persistence-4.0.1-20251122.091056-9.jar
2025-11-23 20:15:27,224 [BasicRepositoryConnector-repo.spring.io-1-3] INFO  o.e.m.c.i.e.AbstractTransferListenerAdapter - Downloaded https://repo.spring.io/snapshot/org/springframework/boot/spring-boot-data-commons/4.0.1-SNAPSHOT/spring-boot-data-commons-4.0.1-20251122.091056-9.jar
2025-11-23 20:15:27,303 [BasicRepositoryConnector-repo.spring.io-1-1] INFO  o.e.m.c.i.e.AbstractTransferListenerAdapter - Downloaded https://repo.spring.io/snapshot/org/springframework/boot/spring-boot-mongodb/4.0.1-SNAPSHOT/spring-boot-mongodb-4.0.1-20251122.091056-9.jar
2025-11-23 20:15:27,518 [BasicRepositoryConnector-repo.spring.io-1-3] INFO  o.e.m.c.i.e.AbstractTransferListenerAdapter - Downloading https://repo.spring.io/snapshot/org/springframework/boot/spring-boot-reactor/4.0.1-SNAPSHOT/spring-boot-reactor-4.0.1-20251122.091056-9.jar
2025-11-23 20:15:27,525 [BasicRepositoryConnector-repo.spring.io-1-3] INFO  o.e.m.c.i.e.AbstractTransferListenerAdapter - Downloaded https://repo.spring.io/snapshot/org/springframework/boot/spring-boot-reactor/4.0.1-SNAPSHOT/spring-boot-reactor-4.0.1-20251122.091056-9.jar
2025-11-23 20:15:27,826 [BasicRepositoryConnector-repo.spring.io-1-3] INFO  o.e.m.c.i.e.AbstractTransferListenerAdapter - Downloading https://repo.spring.io/snapshot/org/springframework/boot/spring-boot-starter-webflux/4.0.1-SNAPSHOT/spring-boot-starter-webflux-4.0.1-20251122.091056-9.jar
2025-11-23 20:15:27,872 [BasicRepositoryConnector-repo.spring.io-1-3] INFO  o.e.m.c.i.e.AbstractTransferListenerAdapter - Downloaded https://repo.spring.io/snapshot/org/springframework/boot/spring-boot-starter-webflux/4.0.1-SNAPSHOT/spring-boot-starter-webflux-4.0.1-20251122.091056-9.jar
2025-11-23 20:15:27,922 [BasicRepositoryConnector-repo.spring.io-1-2] INFO  o.e.m.c.i.e.AbstractTransferListenerAdapter - Downloaded https://repo.spring.io/snapshot/org/springframework/boot/spring-boot-data-mongodb/4.0.1-SNAPSHOT/spring-boot-data-mongodb-4.0.1-20251122.091056-9.jar
2025-11-23 20:15:28,146 [BasicRepositoryConnector-repo.spring.io-1-4] INFO  o.e.m.c.i.e.AbstractTransferListenerAdapter - Downloaded https://repo.spring.io/snapshot/org/springframework/boot/spring-boot-persistence/4.0.1-SNAPSHOT/spring-boot-persistence-4.0.1-20251122.091056-9.jar
2025-11-23 20:15:28,203 [BasicRepositoryConnector-repo.spring.io-1-2] INFO  o.e.m.c.i.e.AbstractTransferListenerAdapter - Downloading https://repo.spring.io/snapshot/org/springframework/boot/spring-boot-starter-logging/4.0.1-SNAPSHOT/spring-boot-starter-logging-4.0.1-20251122.091056-9.jar
2025-11-23 20:15:28,253 [BasicRepositoryConnector-repo.spring.io-1-0] INFO  o.e.m.c.i.e.AbstractTransferListenerAdapter - Downloaded https://repo.spring.io/snapshot/org/springframework/boot/spring-boot-transaction/4.0.1-SNAPSHOT/spring-boot-transaction-4.0.1-20251122.091056-9.jar
2025-11-23 20:15:28,531 [BasicRepositoryConnector-repo.spring.io-1-3] INFO  o.e.m.c.i.e.AbstractTransferListenerAdapter - Downloading https://repo.spring.io/snapshot/org/springframework/boot/spring-boot-starter/4.0.1-SNAPSHOT/spring-boot-starter-4.0.1-20251122.091056-9.jar
2025-11-23 20:15:28,549 [BasicRepositoryConnector-repo.spring.io-1-0] INFO  o.e.m.c.i.e.AbstractTransferListenerAdapter - Downloading https://repo.spring.io/snapshot/org/springframework/boot/spring-boot-starter-jackson/4.0.1-SNAPSHOT/spring-boot-starter-jackson-4.0.1-20251122.091056-9.jar
2025-11-23 20:15:28,841 [BasicRepositoryConnector-repo.spring.io-1-0] INFO  o.e.m.c.i.e.AbstractTransferListenerAdapter - Downloaded https://repo.spring.io/snapshot/org/springframework/boot/spring-boot-starter-jackson/4.0.1-SNAPSHOT/spring-boot-starter-jackson-4.0.1-20251122.091056-9.jar
2025-11-23 20:15:29,136 [BasicRepositoryConnector-repo.spring.io-1-0] INFO  o.e.m.c.i.e.AbstractTransferListenerAdapter - Downloading https://repo.spring.io/snapshot/org/springframework/boot/spring-boot-jackson/4.0.1-SNAPSHOT/spring-boot-jackson-4.0.1-20251122.091056-9.jar
2025-11-23 20:15:29,151 [BasicRepositoryConnector-repo.spring.io-1-3] INFO  o.e.m.c.i.e.AbstractTransferListenerAdapter - Downloaded https://repo.spring.io/snapshot/org/springframework/boot/spring-boot-starter/4.0.1-SNAPSHOT/spring-boot-starter-4.0.1-20251122.091056-9.jar
2025-11-23 20:15:29,215 [BasicRepositoryConnector-repo.spring.io-1-2] INFO  o.e.m.c.i.e.AbstractTransferListenerAdapter - Downloaded https://repo.spring.io/snapshot/org/springframework/boot/spring-boot-starter-logging/4.0.1-SNAPSHOT/spring-boot-starter-logging-4.0.1-20251122.091056-9.jar
2025-11-23 20:15:29,443 [BasicRepositoryConnector-repo.spring.io-1-3] INFO  o.e.m.c.i.e.AbstractTransferListenerAdapter - Downloading https://repo.spring.io/snapshot/org/springframework/boot/spring-boot-starter-reactor-netty/4.0.1-SNAPSHOT/spring-boot-starter-reactor-netty-4.0.1-20251122.091056-9.jar
2025-11-23 20:15:29,449 [BasicRepositoryConnector-repo.spring.io-1-3] INFO  o.e.m.c.i.e.AbstractTransferListenerAdapter - Downloaded https://repo.spring.io/snapshot/org/springframework/boot/spring-boot-starter-reactor-netty/4.0.1-SNAPSHOT/spring-boot-starter-reactor-netty-4.0.1-20251122.091056-9.jar
2025-11-23 20:15:29,496 [BasicRepositoryConnector-repo.spring.io-1-2] INFO  o.e.m.c.i.e.AbstractTransferListenerAdapter - Downloading https://repo.spring.io/snapshot/org/springframework/boot/spring-boot-reactor-netty/4.0.1-SNAPSHOT/spring-boot-reactor-netty-4.0.1-20251122.091056-9.jar
2025-11-23 20:15:29,642 [BasicRepositoryConnector-repo.spring.io-1-4] INFO  o.e.m.c.i.e.AbstractTransferListenerAdapter - Downloading https://repo.spring.io/snapshot/org/springframework/boot/spring-boot-autoconfigure/4.0.1-SNAPSHOT/spring-boot-autoconfigure-4.0.1-20251122.091056-9.jar
2025-11-23 20:15:29,743 [BasicRepositoryConnector-repo.spring.io-1-3] INFO  o.e.m.c.i.e.AbstractTransferListenerAdapter - Downloading https://repo.spring.io/snapshot/org/springframework/boot/spring-boot-netty/4.0.1-SNAPSHOT/spring-boot-netty-4.0.1-20251122.091056-9.jar
2025-11-23 20:15:29,748 [BasicRepositoryConnector-repo.spring.io-1-3] INFO  o.e.m.c.i.e.AbstractTransferListenerAdapter - Downloaded https://repo.spring.io/snapshot/org/springframework/boot/spring-boot-netty/4.0.1-SNAPSHOT/spring-boot-netty-4.0.1-20251122.091056-9.jar
2025-11-23 20:15:29,791 [BasicRepositoryConnector-repo.spring.io-1-1] INFO  o.e.m.c.i.e.AbstractTransferListenerAdapter - Downloading https://repo.spring.io/snapshot/org/springframework/boot/spring-boot/4.0.1-SNAPSHOT/spring-boot-4.0.1-20251122.091056-9.jar
2025-11-23 20:15:30,042 [BasicRepositoryConnector-repo.spring.io-1-3] INFO  o.e.m.c.i.e.AbstractTransferListenerAdapter - Downloading https://repo.spring.io/snapshot/org/springframework/boot/spring-boot-webflux/4.0.1-SNAPSHOT/spring-boot-webflux-4.0.1-20251122.091056-9.jar
2025-11-23 20:15:30,842 [BasicRepositoryConnector-repo.spring.io-1-2] INFO  o.e.m.c.i.e.AbstractTransferListenerAdapter - Downloaded https://repo.spring.io/snapshot/org/springframework/boot/spring-boot-reactor-netty/4.0.1-SNAPSHOT/spring-boot-reactor-netty-4.0.1-20251122.091056-9.jar
2025-11-23 20:15:31,122 [BasicRepositoryConnector-repo.spring.io-1-2] INFO  o.e.m.c.i.e.AbstractTransferListenerAdapter - Downloading https://repo.spring.io/snapshot/org/springframework/boot/spring-boot-http-codec/4.0.1-SNAPSHOT/spring-boot-http-codec-4.0.1-20251122.091056-9.jar
2025-11-23 20:15:31,400 [BasicRepositoryConnector-repo.spring.io-1-2] INFO  o.e.m.c.i.e.AbstractTransferListenerAdapter - Downloaded https://repo.spring.io/snapshot/org/springframework/boot/spring-boot-http-codec/4.0.1-SNAPSHOT/spring-boot-http-codec-4.0.1-20251122.091056-9.jar
2025-11-23 20:15:31,445 [BasicRepositoryConnector-repo.spring.io-1-3] INFO  o.e.m.c.i.e.AbstractTransferListenerAdapter - Downloaded https://repo.spring.io/snapshot/org/springframework/boot/spring-boot-webflux/4.0.1-SNAPSHOT/spring-boot-webflux-4.0.1-20251122.091056-9.jar
2025-11-23 20:15:31,680 [BasicRepositoryConnector-repo.spring.io-1-2] INFO  o.e.m.c.i.e.AbstractTransferListenerAdapter - Downloading https://repo.spring.io/snapshot/org/springframework/boot/spring-boot-web-server/4.0.1-SNAPSHOT/spring-boot-web-server-4.0.1-20251122.091056-9.jar
2025-11-23 20:15:31,768 [BasicRepositoryConnector-repo.spring.io-1-3] INFO  o.e.m.c.i.e.AbstractTransferListenerAdapter - Downloading https://repo.spring.io/snapshot/org/springframework/boot/spring-boot-starter-data-mongodb-reactive-test/4.0.1-SNAPSHOT/spring-boot-starter-data-mongodb-reactive-test-4.0.1-20251122.091056-9.jar
2025-11-23 20:15:31,773 [BasicRepositoryConnector-repo.spring.io-1-3] INFO  o.e.m.c.i.e.AbstractTransferListenerAdapter - Downloaded https://repo.spring.io/snapshot/org/springframework/boot/spring-boot-starter-data-mongodb-reactive-test/4.0.1-SNAPSHOT/spring-boot-starter-data-mongodb-reactive-test-4.0.1-20251122.091056-9.jar
2025-11-23 20:15:32,062 [BasicRepositoryConnector-repo.spring.io-1-3] INFO  o.e.m.c.i.e.AbstractTransferListenerAdapter - Downloading https://repo.spring.io/snapshot/org/springframework/boot/spring-boot-starter-test/4.0.1-SNAPSHOT/spring-boot-starter-test-4.0.1-20251122.091056-9.jar
2025-11-23 20:15:32,067 [BasicRepositoryConnector-repo.spring.io-1-3] INFO  o.e.m.c.i.e.AbstractTransferListenerAdapter - Downloaded https://repo.spring.io/snapshot/org/springframework/boot/spring-boot-starter-test/4.0.1-SNAPSHOT/spring-boot-starter-test-4.0.1-20251122.091056-9.jar
2025-11-23 20:15:32,854 [BasicRepositoryConnector-repo.spring.io-1-4] INFO  o.e.m.c.i.e.AbstractTransferListenerAdapter - Downloaded https://repo.spring.io/snapshot/org/springframework/boot/spring-boot-autoconfigure/4.0.1-SNAPSHOT/spring-boot-autoconfigure-4.0.1-20251122.091056-9.jar
2025-11-23 20:15:32,999 [BasicRepositoryConnector-repo.spring.io-1-0] INFO  o.e.m.c.i.e.AbstractTransferListenerAdapter - Downloaded https://repo.spring.io/snapshot/org/springframework/boot/spring-boot-jackson/4.0.1-SNAPSHOT/spring-boot-jackson-4.0.1-20251122.091056-9.jar
2025-11-23 20:15:33,149 [BasicRepositoryConnector-repo.spring.io-1-4] INFO  o.e.m.c.i.e.AbstractTransferListenerAdapter - Downloading https://repo.spring.io/snapshot/org/springframework/boot/spring-boot-test-autoconfigure/4.0.1-SNAPSHOT/spring-boot-test-autoconfigure-4.0.1-20251122.091056-9.jar
2025-11-23 20:15:33,299 [BasicRepositoryConnector-repo.spring.io-1-3] INFO  o.e.m.c.i.e.AbstractTransferListenerAdapter - Downloading https://repo.spring.io/snapshot/org/springframework/boot/spring-boot-test/4.0.1-SNAPSHOT/spring-boot-test-4.0.1-20251122.091056-9.jar
2025-11-23 20:15:33,304 [BasicRepositoryConnector-repo.spring.io-1-0] INFO  o.e.m.c.i.e.AbstractTransferListenerAdapter - Downloading https://repo.spring.io/snapshot/org/springframework/boot/spring-boot-data-mongodb-test/4.0.1-SNAPSHOT/spring-boot-data-mongodb-test-4.0.1-20251122.091056-9.jar
2025-11-23 20:15:33,436 [BasicRepositoryConnector-repo.spring.io-1-4] INFO  o.e.m.c.i.e.AbstractTransferListenerAdapter - Downloaded https://repo.spring.io/snapshot/org/springframework/boot/spring-boot-test-autoconfigure/4.0.1-SNAPSHOT/spring-boot-test-autoconfigure-4.0.1-20251122.091056-9.jar
2025-11-23 20:15:33,591 [BasicRepositoryConnector-repo.spring.io-1-0] INFO  o.e.m.c.i.e.AbstractTransferListenerAdapter - Downloaded https://repo.spring.io/snapshot/org/springframework/boot/spring-boot-data-mongodb-test/4.0.1-SNAPSHOT/spring-boot-data-mongodb-test-4.0.1-20251122.091056-9.jar
2025-11-23 20:15:33,725 [BasicRepositoryConnector-repo.spring.io-1-4] INFO  o.e.m.c.i.e.AbstractTransferListenerAdapter - Downloading https://repo.spring.io/snapshot/org/springframework/boot/spring-boot-starter-webflux-test/4.0.1-SNAPSHOT/spring-boot-starter-webflux-test-4.0.1-20251122.091056-9.jar
2025-11-23 20:15:33,730 [BasicRepositoryConnector-repo.spring.io-1-4] INFO  o.e.m.c.i.e.AbstractTransferListenerAdapter - Downloaded https://repo.spring.io/snapshot/org/springframework/boot/spring-boot-starter-webflux-test/4.0.1-SNAPSHOT/spring-boot-starter-webflux-test-4.0.1-20251122.091056-9.jar
2025-11-23 20:15:33,885 [BasicRepositoryConnector-repo.spring.io-1-0] INFO  o.e.m.c.i.e.AbstractTransferListenerAdapter - Downloading https://repo.spring.io/snapshot/org/springframework/boot/spring-boot-starter-jackson-test/4.0.1-SNAPSHOT/spring-boot-starter-jackson-test-4.0.1-20251122.091056-9.jar
2025-11-23 20:15:33,892 [BasicRepositoryConnector-repo.spring.io-1-0] INFO  o.e.m.c.i.e.AbstractTransferListenerAdapter - Downloaded https://repo.spring.io/snapshot/org/springframework/boot/spring-boot-starter-jackson-test/4.0.1-SNAPSHOT/spring-boot-starter-jackson-test-4.0.1-20251122.091056-9.jar
2025-11-23 20:15:34,021 [BasicRepositoryConnector-repo.spring.io-1-4] INFO  o.e.m.c.i.e.AbstractTransferListenerAdapter - Downloading https://repo.spring.io/snapshot/org/springframework/boot/spring-boot-webflux-test/4.0.1-SNAPSHOT/spring-boot-webflux-test-4.0.1-20251122.091056-9.jar
2025-11-23 20:15:34,552 [BasicRepositoryConnector-repo.spring.io-1-0] INFO  o.e.m.c.i.e.AbstractTransferListenerAdapter - Downloading https://repo.spring.io/snapshot/org/springframework/boot/spring-boot-webtestclient/4.0.1-SNAPSHOT/spring-boot-webtestclient-4.0.1-20251122.091056-9.jar
2025-11-23 20:15:34,762 [BasicRepositoryConnector-repo.spring.io-1-0] INFO  o.e.m.c.i.e.AbstractTransferListenerAdapter - Downloaded https://repo.spring.io/snapshot/org/springframework/boot/spring-boot-webtestclient/4.0.1-SNAPSHOT/spring-boot-webtestclient-4.0.1-20251122.091056-9.jar
2025-11-23 20:15:35,760 [BasicRepositoryConnector-repo.spring.io-1-2] INFO  o.e.m.c.i.e.AbstractTransferListenerAdapter - Downloaded https://repo.spring.io/snapshot/org/springframework/boot/spring-boot-web-server/4.0.1-SNAPSHOT/spring-boot-web-server-4.0.1-20251122.091056-9.jar
2025-11-23 20:15:36,177 [BasicRepositoryConnector-repo.spring.io-1-4] INFO  o.e.m.c.i.e.AbstractTransferListenerAdapter - Downloaded https://repo.spring.io/snapshot/org/springframework/boot/spring-boot-webflux-test/4.0.1-SNAPSHOT/spring-boot-webflux-test-4.0.1-20251122.091056-9.jar
2025-11-23 20:15:38,265 [BasicRepositoryConnector-repo.spring.io-1-3] INFO  o.e.m.c.i.e.AbstractTransferListenerAdapter - Downloaded https://repo.spring.io/snapshot/org/springframework/boot/spring-boot-test/4.0.1-SNAPSHOT/spring-boot-test-4.0.1-20251122.091056-9.jar
2025-11-23 20:15:54,210 [BasicRepositoryConnector-repo.spring.io-1-1] INFO  o.e.m.c.i.e.AbstractTransferListenerAdapter - Downloaded https://repo.spring.io/snapshot/org/springframework/boot/spring-boot/4.0.1-SNAPSHOT/spring-boot-4.0.1-20251122.091056-9.jar
2025-11-23 20:15:55,345 [Worker-24: Import Getting Started Content] INFO  o.e.m.c.i.e.AbstractTransferListenerAdapter - Downloading https://repo.spring.io/snapshot/org/springframework/boot/spring-boot-maven-plugin/4.0.1-SNAPSHOT/maven-metadata.xml
2025-11-23 20:15:55,352 [Worker-24: Import Getting Started Content] INFO  o.e.m.c.i.e.AbstractTransferListenerAdapter - Downloaded https://repo.spring.io/snapshot/org/springframework/boot/spring-boot-maven-plugin/4.0.1-SNAPSHOT/maven-metadata.xml
2025-11-23 20:15:56,223 [Worker-24: Import Getting Started Content] INFO  o.e.m.c.i.e.AbstractTransferListenerAdapter - Downloading https://repo.spring.io/snapshot/org/springframework/boot/spring-boot-maven-plugin/4.0.1-SNAPSHOT/spring-boot-maven-plugin-4.0.1-20251122.091056-9.pom
2025-11-23 20:15:56,525 [Worker-24: Import Getting Started Content] INFO  o.e.m.c.i.e.AbstractTransferListenerAdapter - Downloaded https://repo.spring.io/snapshot/org/springframework/boot/spring-boot-maven-plugin/4.0.1-SNAPSHOT/spring-boot-maven-plugin-4.0.1-20251122.091056-9.pom
2025-11-23 20:15:57,081 [Worker-24: Import Getting Started Content] INFO  o.e.m.c.i.e.AbstractTransferListenerAdapter - Downloading https://repo.spring.io/snapshot/org/springframework/boot/spring-boot-maven-plugin/4.0.1-SNAPSHOT/spring-boot-maven-plugin-4.0.1-20251122.091056-9.jar
2025-11-23 20:16:02,310 [Worker-24: Import Getting Started Content] INFO  o.e.m.c.i.e.AbstractTransferListenerAdapter - Downloaded https://repo.spring.io/snapshot/org/springframework/boot/spring-boot-maven-plugin/4.0.1-SNAPSHOT/spring-boot-maven-plugin-4.0.1-20251122.091056-9.jar
2025-11-23 20:16:02,492 [Worker-24: Import Getting Started Content] INFO  o.e.m.c.i.l.LifecycleMappingFactory - Using org.eclipse.m2e.jdt.JarLifecycleMapping lifecycle mapping for MavenProject: com.app:demo:0.0.1-SNAPSHOT @ C:\Users\syeds\Downloads\demo\demo\pom.xml.
2025-11-23 20:16:02,939 [Worker-24: Import Getting Started Content] INFO  o.e.m.c.i.l.LifecycleMappingFactory - Using org.eclipse.m2e.jdt.JarLifecycleMapping lifecycle mapping for MavenProject: com.app:demo:0.0.1-SNAPSHOT @ C:\Users\syeds\Downloads\demo\demo\pom.xml.
2025-11-23 20:16:04,680 [Worker-20: Download sources and javadoc] INFO  o.e.m.c.i.e.AbstractTransferListenerAdapter - Downloading https://repo.maven.apache.org/maven2/org/springframework/boot/spring-boot-starter-data-mongodb/4.0.0/spring-boot-starter-data-mongodb-4.0.0-sources.jar
2025-11-23 20:16:04,686 [Worker-20: Download sources and javadoc] INFO  o.e.m.c.i.e.AbstractTransferListenerAdapter - Downloaded https://repo.maven.apache.org/maven2/org/springframework/boot/spring-boot-starter-data-mongodb/4.0.0/spring-boot-starter-data-mongodb-4.0.0-sources.jar
2025-11-23 20:16:04,693 [Worker-20: Download sources and javadoc] INFO  o.e.m.j.internal.DownloadSourcesJob - Downloaded sources for org.springframework.boot:spring-boot-starter-data-mongodb:4.0.0
2025-11-23 20:16:04,765 [Worker-24: Import Getting Started Content] INFO  o.e.m.j.i.AbstractJavaProjectConfigurator - Adding source folder /Boot4_FlighBookingWebFluxMongoDB/src/main/java
2025-11-23 20:16:04,767 [Worker-24: Import Getting Started Content] INFO  o.e.m.j.i.AbstractJavaProjectConfigurator - Adding resource folder /Boot4_FlighBookingWebFluxMongoDB/src/main/resources
2025-11-23 20:16:04,773 [Worker-24: Import Getting Started Content] INFO  o.e.m.j.i.AbstractJavaProjectConfigurator - Adding resource folder /Boot4_FlighBookingWebFluxMongoDB/src/main/resources
2025-11-23 20:16:04,778 [Worker-24: Import Getting Started Content] INFO  o.e.m.j.i.AbstractJavaProjectConfigurator - Adding source folder /Boot4_FlighBookingWebFluxMongoDB/src/test/java
2025-11-23 20:16:04,779 [Worker-24: Import Getting Started Content] INFO  o.e.m.j.i.AbstractJavaProjectConfigurator - Adding resource folder /Boot4_FlighBookingWebFluxMongoDB/src/test/resources
2025-11-23 20:16:04,843 [Worker-20: Download sources and javadoc] INFO  o.e.m.c.i.e.AbstractTransferListenerAdapter - Downloading https://repo.maven.apache.org/maven2/org/springframework/boot/spring-boot-starter-mongodb/4.0.0/spring-boot-starter-mongodb-4.0.0-sources.jar
2025-11-23 20:16:04,851 [Worker-20: Download sources and javadoc] INFO  o.e.m.c.i.e.AbstractTransferListenerAdapter - Downloaded https://repo.maven.apache.org/maven2/org/springframework/boot/spring-boot-starter-mongodb/4.0.0/spring-boot-starter-mongodb-4.0.0-sources.jar
2025-11-23 20:16:04,859 [Worker-20: Download sources and javadoc] INFO  o.e.m.j.internal.DownloadSourcesJob - Downloaded sources for org.springframework.boot:spring-boot-starter-mongodb:4.0.0
2025-11-23 20:16:05,004 [Worker-20: Download sources and javadoc] INFO  o.e.m.c.i.e.AbstractTransferListenerAdapter - Downloading https://repo.maven.apache.org/maven2/org/springframework/boot/spring-boot-mongodb/4.0.0/spring-boot-mongodb-4.0.0-sources.jar
2025-11-23 20:16:05,017 [Worker-20: Download sources and javadoc] INFO  o.e.m.c.i.e.AbstractTransferListenerAdapter - Downloaded https://repo.maven.apache.org/maven2/org/springframework/boot/spring-boot-mongodb/4.0.0/spring-boot-mongodb-4.0.0-sources.jar
2025-11-23 20:16:05,026 [Worker-20: Download sources and javadoc] INFO  o.e.m.j.internal.DownloadSourcesJob - Downloaded sources for org.springframework.boot:spring-boot-mongodb:4.0.0
2025-11-23 20:16:05,178 [Worker-20: Download sources and javadoc] INFO  o.e.m.c.i.e.AbstractTransferListenerAdapter - Downloading https://repo.maven.apache.org/maven2/org/springframework/boot/spring-boot-data-mongodb/4.0.0/spring-boot-data-mongodb-4.0.0-sources.jar
2025-11-23 20:16:05,187 [Worker-20: Download sources and javadoc] INFO  o.e.m.c.i.e.AbstractTransferListenerAdapter - Downloaded https://repo.maven.apache.org/maven2/org/springframework/boot/spring-boot-data-mongodb/4.0.0/spring-boot-data-mongodb-4.0.0-sources.jar
2025-11-23 20:16:05,194 [Worker-20: Download sources and javadoc] INFO  o.e.m.j.internal.DownloadSourcesJob - Downloaded sources for org.springframework.boot:spring-boot-data-mongodb:4.0.0
2025-11-23 20:16:05,415 [Worker-20: Download sources and javadoc] INFO  o.e.m.c.i.e.AbstractTransferListenerAdapter - Downloading https://repo.maven.apache.org/maven2/org/springframework/boot/spring-boot-starter-data-mongodb-reactive/4.0.0/spring-boot-starter-data-mongodb-reactive-4.0.0-sources.jar
2025-11-23 20:16:05,425 [Worker-20: Download sources and javadoc] INFO  o.e.m.c.i.e.AbstractTransferListenerAdapter - Downloaded https://repo.maven.apache.org/maven2/org/springframework/boot/spring-boot-starter-data-mongodb-reactive/4.0.0/spring-boot-starter-data-mongodb-reactive-4.0.0-sources.jar
2025-11-23 20:16:05,434 [Worker-20: Download sources and javadoc] INFO  o.e.m.j.internal.DownloadSourcesJob - Downloaded sources for org.springframework.boot:spring-boot-starter-data-mongodb-reactive:4.0.0
2025-11-23 20:16:05,476 [Worker-24: Import Getting Started Content] INFO  o.e.m.c.i.p.ProjectConfigurationManager - Imported and configured 1 project(s) in 87 sec
2025-11-23 20:16:05,482 [Worker-24: Import Getting Started Content] INFO  o.e.m.c.i.p.ProjectConfigurationManager - Update started
2025-11-23 20:16:05,675 [Worker-20: Download sources and javadoc] INFO  o.e.m.c.i.e.AbstractTransferListenerAdapter - Downloading https://repo.maven.apache.org/maven2/org/springframework/boot/spring-boot-starter-data-mongodb-reactive-test/4.0.0/spring-boot-starter-data-mongodb-reactive-test-4.0.0-sources.jar
2025-11-23 20:16:05,684 [Worker-20: Download sources and javadoc] INFO  o.e.m.c.i.e.AbstractTransferListenerAdapter - Downloaded https://repo.maven.apache.org/maven2/org/springframework/boot/spring-boot-starter-data-mongodb-reactive-test/4.0.0/spring-boot-starter-data-mongodb-reactive-test-4.0.0-sources.jar
2025-11-23 20:16:05,690 [Worker-20: Download sources and javadoc] INFO  o.e.m.j.internal.DownloadSourcesJob - Downloaded sources for org.springframework.boot:spring-boot-starter-data-mongodb-reactive-test:4.0.0
2025-11-23 20:16:06,878 [Worker-24: Import Getting Started Content] INFO  o.e.m.c.i.l.LifecycleMappingFactory - Using org.eclipse.m2e.jdt.JarLifecycleMapping lifecycle mapping for MavenProject: com.app:Boot4_FlighBookingWebFluxMongoDB:0.0.1-SNAPSHOT @ C:\Users\syeds\OneDrive\Documents\Desktop\CHUBB\Boot4_FlighBookingWebFluxMongoDB\pom.xml.
2025-11-23 20:16:06,914 [Worker-20: Download sources and javadoc] INFO  o.e.m.c.i.e.AbstractTransferListenerAdapter - Downloading https://repo.maven.apache.org/maven2/org/springframework/boot/spring-boot-data-mongodb-test/4.0.0/spring-boot-data-mongodb-test-4.0.0-sources.jar
2025-11-23 20:16:06,927 [Worker-20: Download sources and javadoc] INFO  o.e.m.c.i.e.AbstractTransferListenerAdapter - Downloaded https://repo.maven.apache.org/maven2/org/springframework/boot/spring-boot-data-mongodb-test/4.0.0/spring-boot-data-mongodb-test-4.0.0-sources.jar
2025-11-23 20:16:06,939 [Worker-20: Download sources and javadoc] INFO  o.e.m.j.internal.DownloadSourcesJob - Downloaded sources for org.springframework.boot:spring-boot-data-mongodb-test:4.0.0
2025-11-23 20:16:07,393 [Worker-20: Download sources and javadoc] INFO  o.e.m.c.i.e.AbstractTransferListenerAdapter - Downloading https://repo.maven.apache.org/maven2/org/springframework/boot/spring-boot-starter-data-mongodb-test/4.0.0/spring-boot-starter-data-mongodb-test-4.0.0-sources.jar
2025-11-23 20:16:07,407 [Worker-20: Download sources and javadoc] INFO  o.e.m.c.i.e.AbstractTransferListenerAdapter - Downloaded https://repo.maven.apache.org/maven2/org/springframework/boot/spring-boot-starter-data-mongodb-test/4.0.0/spring-boot-starter-data-mongodb-test-4.0.0-sources.jar
2025-11-23 20:16:07,434 [Worker-20: Download sources and javadoc] INFO  o.e.m.j.internal.DownloadSourcesJob - Downloaded sources for org.springframework.boot:spring-boot-starter-data-mongodb-test:4.0.0
2025-11-23 20:16:08,805 [Worker-24: Import Getting Started Content] INFO  o.e.m.j.i.AbstractJavaProjectConfigurator - Adding source folder /Boot4_FlighBookingWebFluxMongoDB/src/main/java
2025-11-23 20:16:08,808 [Worker-24: Import Getting Started Content] INFO  o.e.m.j.i.AbstractJavaProjectConfigurator - Adding resource folder /Boot4_FlighBookingWebFluxMongoDB/src/main/resources
2025-11-23 20:16:08,811 [Worker-24: Import Getting Started Content] INFO  o.e.m.j.i.AbstractJavaProjectConfigurator - Adding resource folder /Boot4_FlighBookingWebFluxMongoDB/src/main/resources
2025-11-23 20:16:08,812 [Worker-24: Import Getting Started Content] INFO  o.e.m.j.i.AbstractJavaProjectConfigurator - Adding source folder /Boot4_FlighBookingWebFluxMongoDB/src/test/java
2025-11-23 20:16:08,815 [Worker-24: Import Getting Started Content] INFO  o.e.m.j.i.AbstractJavaProjectConfigurator - Adding resource folder /Boot4_FlighBookingWebFluxMongoDB/src/test/resources
2025-11-23 20:16:08,960 [Worker-20: Download sources and javadoc] INFO  o.e.m.c.i.e.AbstractTransferListenerAdapter - Downloading https://repo.spring.io/snapshot/org/springframework/boot/spring-boot-starter-data-mongodb-reactive/4.0.1-SNAPSHOT/spring-boot-starter-data-mongodb-reactive-4.0.1-20251122.091056-9-sources.jar
2025-11-23 20:16:09,214 [Worker-20: Download sources and javadoc] INFO  o.e.m.c.i.e.AbstractTransferListenerAdapter - Downloaded https://repo.spring.io/snapshot/org/springframework/boot/spring-boot-starter-data-mongodb-reactive/4.0.1-SNAPSHOT/spring-boot-starter-data-mongodb-reactive-4.0.1-20251122.091056-9-sources.jar
2025-11-23 20:16:09,227 [Worker-20: Download sources and javadoc] INFO  o.e.m.j.internal.DownloadSourcesJob - Downloaded sources for org.springframework.boot:spring-boot-starter-data-mongodb-reactive:4.0.1-SNAPSHOT
2025-11-23 20:16:10,005 [Worker-24: Import Getting Started Content] INFO  o.e.m.c.i.p.ProjectConfigurationManager - Update completed for 1 poms: local refresh takes 0.00 sec, refresh facades takes 3.00 sec, update config takes 0.00 sec 
2025-11-23 20:16:10,275 [Worker-6: Updating Maven Project] INFO  o.e.m.c.i.p.ProjectConfigurationManager - Update started
2025-11-23 20:16:10,457 [Worker-20: Download sources and javadoc] INFO  o.e.m.c.i.e.AbstractTransferListenerAdapter - Downloading https://repo.spring.io/snapshot/org/springframework/boot/spring-boot-starter-mongodb/4.0.1-SNAPSHOT/spring-boot-starter-mongodb-4.0.1-20251122.091056-9-sources.jar
2025-11-23 20:16:10,467 [Worker-20: Download sources and javadoc] INFO  o.e.m.c.i.e.AbstractTransferListenerAdapter - Downloaded https://repo.spring.io/snapshot/org/springframework/boot/spring-boot-starter-mongodb/4.0.1-SNAPSHOT/spring-boot-starter-mongodb-4.0.1-20251122.091056-9-sources.jar
2025-11-23 20:16:10,480 [Worker-20: Download sources and javadoc] INFO  o.e.m.j.internal.DownloadSourcesJob - Downloaded sources for org.springframework.boot:spring-boot-starter-mongodb:4.0.1-SNAPSHOT
2025-11-23 20:16:10,904 [Worker-6: Updating Maven Project] INFO  o.e.m.c.i.l.LifecycleMappingFactory - Using org.eclipse.m2e.jdt.JarLifecycleMapping lifecycle mapping for MavenProject: com.app:Boot4_FlighBookingWebFluxMongoDB:0.0.1-SNAPSHOT @ C:\Users\syeds\OneDrive\Documents\Desktop\CHUBB\Boot4_FlighBookingWebFluxMongoDB\pom.xml.
2025-11-23 20:16:11,554 [Worker-20: Download sources and javadoc] INFO  o.e.m.c.i.e.AbstractTransferListenerAdapter - Downloading https://repo.spring.io/snapshot/org/springframework/boot/spring-boot-mongodb/4.0.1-SNAPSHOT/spring-boot-mongodb-4.0.1-20251122.091056-9-sources.jar
2025-11-23 20:16:12,008 [Worker-6: Updating Maven Project] INFO  o.e.m.j.i.AbstractJavaProjectConfigurator - Adding source folder /Boot4_FlighBookingWebFluxMongoDB/src/main/java
2025-11-23 20:16:12,009 [Worker-6: Updating Maven Project] INFO  o.e.m.j.i.AbstractJavaProjectConfigurator - Adding resource folder /Boot4_FlighBookingWebFluxMongoDB/src/main/resources
2025-11-23 20:16:12,009 [Worker-6: Updating Maven Project] INFO  o.e.m.j.i.AbstractJavaProjectConfigurator - Adding resource folder /Boot4_FlighBookingWebFluxMongoDB/src/main/resources
2025-11-23 20:16:12,011 [Worker-6: Updating Maven Project] INFO  o.e.m.j.i.AbstractJavaProjectConfigurator - Adding source folder /Boot4_FlighBookingWebFluxMongoDB/src/test/java
2025-11-23 20:16:12,011 [Worker-6: Updating Maven Project] INFO  o.e.m.j.i.AbstractJavaProjectConfigurator - Adding resource folder /Boot4_FlighBookingWebFluxMongoDB/src/test/resources
2025-11-23 20:16:12,050 [Worker-20: Download sources and javadoc] INFO  o.e.m.c.i.e.AbstractTransferListenerAdapter - Downloaded https://repo.spring.io/snapshot/org/springframework/boot/spring-boot-mongodb/4.0.1-SNAPSHOT/spring-boot-mongodb-4.0.1-20251122.091056-9-sources.jar
2025-11-23 20:16:12,063 [Worker-20: Download sources and javadoc] INFO  o.e.m.j.internal.DownloadSourcesJob - Downloaded sources for org.springframework.boot:spring-boot-mongodb:4.0.1-SNAPSHOT
2025-11-23 20:16:12,698 [Worker-6: Updating Maven Project] INFO  o.e.m.c.i.p.ProjectConfigurationManager - Update completed for 1 poms: local refresh takes 0.00 sec, refresh facades takes 1.00 sec, update config takes 0.00 sec 
2025-11-23 20:16:12,992 [Worker-20: Download sources and javadoc] INFO  o.e.m.c.i.e.AbstractTransferListenerAdapter - Downloading https://repo.spring.io/snapshot/org/springframework/boot/spring-boot-data-mongodb/4.0.1-SNAPSHOT/spring-boot-data-mongodb-4.0.1-20251122.091056-9-sources.jar
2025-11-23 20:16:13,226 [Worker-20: Download sources and javadoc] INFO  o.e.m.c.i.e.AbstractTransferListenerAdapter - Downloaded https://repo.spring.io/snapshot/org/springframework/boot/spring-boot-data-mongodb/4.0.1-SNAPSHOT/spring-boot-data-mongodb-4.0.1-20251122.091056-9-sources.jar
2025-11-23 20:16:13,238 [Worker-20: Download sources and javadoc] INFO  o.e.m.j.internal.DownloadSourcesJob - Downloaded sources for org.springframework.boot:spring-boot-data-mongodb:4.0.1-SNAPSHOT
2025-11-23 20:16:14,372 [Worker-20: Download sources and javadoc] INFO  o.e.m.c.i.e.AbstractTransferListenerAdapter - Downloading https://repo.spring.io/snapshot/org/springframework/boot/spring-boot-data-commons/4.0.1-SNAPSHOT/spring-boot-data-commons-4.0.1-20251122.091056-9-sources.jar
2025-11-23 20:16:14,770 [Worker-20: Download sources and javadoc] INFO  o.e.m.c.i.e.AbstractTransferListenerAdapter - Downloaded https://repo.spring.io/snapshot/org/springframework/boot/spring-boot-data-commons/4.0.1-SNAPSHOT/spring-boot-data-commons-4.0.1-20251122.091056-9-sources.jar
2025-11-23 20:16:14,781 [Worker-20: Download sources and javadoc] INFO  o.e.m.j.internal.DownloadSourcesJob - Downloaded sources for org.springframework.boot:spring-boot-data-commons:4.0.1-SNAPSHOT
2025-11-23 20:16:15,816 [Worker-20: Download sources and javadoc] INFO  o.e.m.c.i.e.AbstractTransferListenerAdapter - Downloading https://repo.spring.io/snapshot/org/springframework/boot/spring-boot-persistence/4.0.1-SNAPSHOT/spring-boot-persistence-4.0.1-20251122.091056-9-sources.jar
2025-11-23 20:16:16,105 [Worker-20: Download sources and javadoc] INFO  o.e.m.c.i.e.AbstractTransferListenerAdapter - Downloaded https://repo.spring.io/snapshot/org/springframework/boot/spring-boot-persistence/4.0.1-SNAPSHOT/spring-boot-persistence-4.0.1-20251122.091056-9-sources.jar
2025-11-23 20:16:16,114 [Worker-20: Download sources and javadoc] INFO  o.e.m.j.internal.DownloadSourcesJob - Downloaded sources for org.springframework.boot:spring-boot-persistence:4.0.1-SNAPSHOT
2025-11-23 20:16:17,002 [Worker-20: Download sources and javadoc] INFO  o.e.m.c.i.e.AbstractTransferListenerAdapter - Downloading https://repo.spring.io/snapshot/org/springframework/boot/spring-boot-transaction/4.0.1-SNAPSHOT/spring-boot-transaction-4.0.1-20251122.091056-9-sources.jar
2025-11-23 20:16:17,240 [Worker-20: Download sources and javadoc] INFO  o.e.m.c.i.e.AbstractTransferListenerAdapter - Downloaded https://repo.spring.io/snapshot/org/springframework/boot/spring-boot-transaction/4.0.1-SNAPSHOT/spring-boot-transaction-4.0.1-20251122.091056-9-sources.jar
2025-11-23 20:16:17,254 [Worker-20: Download sources and javadoc] INFO  o.e.m.j.internal.DownloadSourcesJob - Downloaded sources for org.springframework.boot:spring-boot-transaction:4.0.1-SNAPSHOT
2025-11-23 20:16:18,105 [Worker-26: Building] INFO  o.a.m.s.f.DefaultMavenResourcesFiltering - Copying 1 resource from src\main\resources to target\classes
2025-11-23 20:16:18,128 [Worker-26: Building] INFO  o.a.m.s.f.DefaultMavenResourcesFiltering - Copying 0 resource from src\main\resources to target\classes
2025-11-23 20:16:18,134 [Worker-26: Building] INFO  o.a.m.s.f.DefaultMavenResourcesFiltering - skip non existing resourceDirectory C:\Users\syeds\Downloads\demo\demo\src\test\resources
2025-11-23 20:16:18,218 [Worker-20: Download sources and javadoc] INFO  o.e.m.c.i.e.AbstractTransferListenerAdapter - Downloading https://repo.spring.io/snapshot/org/springframework/boot/spring-boot-reactor/4.0.1-SNAPSHOT/spring-boot-reactor-4.0.1-20251122.091056-9-sources.jar
2025-11-23 20:16:18,228 [Worker-20: Download sources and javadoc] INFO  o.e.m.c.i.e.AbstractTransferListenerAdapter - Downloaded https://repo.spring.io/snapshot/org/springframework/boot/spring-boot-reactor/4.0.1-SNAPSHOT/spring-boot-reactor-4.0.1-20251122.091056-9-sources.jar
2025-11-23 20:16:18,244 [Worker-20: Download sources and javadoc] INFO  o.e.m.j.internal.DownloadSourcesJob - Downloaded sources for org.springframework.boot:spring-boot-reactor:4.0.1-SNAPSHOT
2025-11-23 20:16:19,956 [Worker-16: Building] INFO  o.a.m.s.f.DefaultMavenResourcesFiltering - Copying 1 resource from src\main\resources to target\classes
2025-11-23 20:16:19,991 [Worker-16: Building] INFO  o.a.m.s.f.DefaultMavenResourcesFiltering - Copying 0 resource from src\main\resources to target\classes
2025-11-23 20:16:20,001 [Worker-16: Building] INFO  o.a.m.s.f.DefaultMavenResourcesFiltering - skip non existing resourceDirectory C:\Users\syeds\OneDrive\Documents\Desktop\CHUBB\Boot4_FlighBookingWebFluxMongoDB\src\test\resources
2025-11-23 20:16:20,270 [Worker-20: Download sources and javadoc] INFO  o.e.m.c.i.e.AbstractTransferListenerAdapter - Downloading https://repo.spring.io/snapshot/org/springframework/boot/spring-boot/4.0.1-SNAPSHOT/spring-boot-4.0.1-20251122.091056-9-sources.jar
2025-11-23 20:16:21,165 [Worker-21: Building] INFO  o.a.m.s.f.DefaultMavenResourcesFiltering - Copying 1 resource from src\main\resources to target\classes
2025-11-23 20:16:21,178 [Worker-21: Building] INFO  o.a.m.s.f.DefaultMavenResourcesFiltering - Copying 0 resource from src\main\resources to target\classes
2025-11-23 20:16:21,185 [Worker-21: Building] INFO  o.a.m.s.f.DefaultMavenResourcesFiltering - skip non existing resourceDirectory C:\Users\syeds\OneDrive\Documents\Desktop\CHUBB\Boot4_FlighBookingWebFluxMongoDB\src\test\resources
2025-11-23 20:16:22,618 [Worker-20: Download sources and javadoc] INFO  o.e.m.c.i.e.AbstractTransferListenerAdapter - Downloaded https://repo.spring.io/snapshot/org/springframework/boot/spring-boot/4.0.1-SNAPSHOT/spring-boot-4.0.1-20251122.091056-9-sources.jar
2025-11-23 20:16:22,628 [Worker-20: Download sources and javadoc] INFO  o.e.m.j.internal.DownloadSourcesJob - Downloaded sources for org.springframework.boot:spring-boot:4.0.1-SNAPSHOT
2025-11-23 20:16:24,950 [Worker-20: Download sources and javadoc] INFO  o.e.m.c.i.e.AbstractTransferListenerAdapter - Downloading https://repo.spring.io/snapshot/org/springframework/boot/spring-boot-starter-webflux/4.0.1-SNAPSHOT/spring-boot-starter-webflux-4.0.1-20251122.091056-9-sources.jar
2025-11-23 20:16:25,788 [Worker-20: Download sources and javadoc] INFO  o.e.m.c.i.e.AbstractTransferListenerAdapter - Downloaded https://repo.spring.io/snapshot/org/springframework/boot/spring-boot-starter-webflux/4.0.1-SNAPSHOT/spring-boot-starter-webflux-4.0.1-20251122.091056-9-sources.jar
2025-11-23 20:16:25,800 [Worker-20: Download sources and javadoc] INFO  o.e.m.j.internal.DownloadSourcesJob - Downloaded sources for org.springframework.boot:spring-boot-starter-webflux:4.0.1-SNAPSHOT
2025-11-23 20:16:26,526 [Worker-20: Download sources and javadoc] INFO  o.e.m.c.i.e.AbstractTransferListenerAdapter - Downloading https://repo.spring.io/snapshot/org/springframework/boot/spring-boot-starter/4.0.1-SNAPSHOT/spring-boot-starter-4.0.1-20251122.091056-9-sources.jar
2025-11-23 20:16:26,533 [Worker-20: Download sources and javadoc] INFO  o.e.m.c.i.e.AbstractTransferListenerAdapter - Downloaded https://repo.spring.io/snapshot/org/springframework/boot/spring-boot-starter/4.0.1-SNAPSHOT/spring-boot-starter-4.0.1-20251122.091056-9-sources.jar
2025-11-23 20:16:26,540 [Worker-20: Download sources and javadoc] INFO  o.e.m.j.internal.DownloadSourcesJob - Downloaded sources for org.springframework.boot:spring-boot-starter:4.0.1-SNAPSHOT
2025-11-23 20:16:27,556 [Worker-20: Download sources and javadoc] INFO  o.e.m.c.i.e.AbstractTransferListenerAdapter - Downloading https://repo.spring.io/snapshot/org/springframework/boot/spring-boot-starter-logging/4.0.1-SNAPSHOT/spring-boot-starter-logging-4.0.1-20251122.091056-9-sources.jar
2025-11-23 20:16:27,563 [Worker-20: Download sources and javadoc] INFO  o.e.m.c.i.e.AbstractTransferListenerAdapter - Downloaded https://repo.spring.io/snapshot/org/springframework/boot/spring-boot-starter-logging/4.0.1-SNAPSHOT/spring-boot-starter-logging-4.0.1-20251122.091056-9-sources.jar
2025-11-23 20:16:27,571 [Worker-20: Download sources and javadoc] INFO  o.e.m.j.internal.DownloadSourcesJob - Downloaded sources for org.springframework.boot:spring-boot-starter-logging:4.0.1-SNAPSHOT
2025-11-23 20:16:30,743 [Worker-20: Download sources and javadoc] INFO  o.e.m.c.i.e.AbstractTransferListenerAdapter - Downloading https://repo.spring.io/snapshot/org/springframework/boot/spring-boot-autoconfigure/4.0.1-SNAPSHOT/spring-boot-autoconfigure-4.0.1-20251122.091056-9-sources.jar
2025-11-23 20:16:33,409 [Worker-20: Download sources and javadoc] INFO  o.e.m.c.i.e.AbstractTransferListenerAdapter - Downloaded https://repo.spring.io/snapshot/org/springframework/boot/spring-boot-autoconfigure/4.0.1-SNAPSHOT/spring-boot-autoconfigure-4.0.1-20251122.091056-9-sources.jar
2025-11-23 20:16:33,418 [Worker-20: Download sources and javadoc] INFO  o.e.m.j.internal.DownloadSourcesJob - Downloaded sources for org.springframework.boot:spring-boot-autoconfigure:4.0.1-SNAPSHOT
2025-11-23 20:16:34,153 [Worker-20: Download sources and javadoc] INFO  o.e.m.c.i.e.AbstractTransferListenerAdapter - Downloading https://repo.spring.io/snapshot/org/springframework/boot/spring-boot-starter-jackson/4.0.1-SNAPSHOT/spring-boot-starter-jackson-4.0.1-20251122.091056-9-sources.jar
2025-11-23 20:16:34,196 [Worker-20: Download sources and javadoc] INFO  o.e.m.c.i.e.AbstractTransferListenerAdapter - Downloaded https://repo.spring.io/snapshot/org/springframework/boot/spring-boot-starter-jackson/4.0.1-SNAPSHOT/spring-boot-starter-jackson-4.0.1-20251122.091056-9-sources.jar
2025-11-23 20:16:34,202 [Worker-20: Download sources and javadoc] INFO  o.e.m.j.internal.DownloadSourcesJob - Downloaded sources for org.springframework.boot:spring-boot-starter-jackson:4.0.1-SNAPSHOT
2025-11-23 20:16:35,524 [Worker-20: Download sources and javadoc] INFO  o.e.m.c.i.e.AbstractTransferListenerAdapter - Downloading https://repo.spring.io/snapshot/org/springframework/boot/spring-boot-jackson/4.0.1-SNAPSHOT/spring-boot-jackson-4.0.1-20251122.091056-9-sources.jar
2025-11-23 20:16:36,787 [Worker-20: Download sources and javadoc] INFO  o.e.m.c.i.e.AbstractTransferListenerAdapter - Downloaded https://repo.spring.io/snapshot/org/springframework/boot/spring-boot-jackson/4.0.1-SNAPSHOT/spring-boot-jackson-4.0.1-20251122.091056-9-sources.jar
2025-11-23 20:16:36,800 [Worker-20: Download sources and javadoc] INFO  o.e.m.j.internal.DownloadSourcesJob - Downloaded sources for org.springframework.boot:spring-boot-jackson:4.0.1-SNAPSHOT
2025-11-23 20:16:38,146 [Worker-20: Download sources and javadoc] INFO  o.e.m.c.i.e.AbstractTransferListenerAdapter - Downloading https://repo.spring.io/snapshot/org/springframework/boot/spring-boot-starter-reactor-netty/4.0.1-SNAPSHOT/spring-boot-starter-reactor-netty-4.0.1-20251122.091056-9-sources.jar
2025-11-23 20:16:38,160 [Worker-20: Download sources and javadoc] INFO  o.e.m.c.i.e.AbstractTransferListenerAdapter - Downloaded https://repo.spring.io/snapshot/org/springframework/boot/spring-boot-starter-reactor-netty/4.0.1-SNAPSHOT/spring-boot-starter-reactor-netty-4.0.1-20251122.091056-9-sources.jar
2025-11-23 20:16:38,174 [Worker-20: Download sources and javadoc] INFO  o.e.m.j.internal.DownloadSourcesJob - Downloaded sources for org.springframework.boot:spring-boot-starter-reactor-netty:4.0.1-SNAPSHOT
2025-11-23 20:16:39,392 [Worker-20: Download sources and javadoc] INFO  o.e.m.c.i.e.AbstractTransferListenerAdapter - Downloading https://repo.spring.io/snapshot/org/springframework/boot/spring-boot-reactor-netty/4.0.1-SNAPSHOT/spring-boot-reactor-netty-4.0.1-20251122.091056-9-sources.jar
2025-11-23 20:16:40,941 [Worker-20: Download sources and javadoc] INFO  o.e.m.c.i.e.AbstractTransferListenerAdapter - Downloaded https://repo.spring.io/snapshot/org/springframework/boot/spring-boot-reactor-netty/4.0.1-SNAPSHOT/spring-boot-reactor-netty-4.0.1-20251122.091056-9-sources.jar
2025-11-23 20:16:40,967 [Worker-20: Download sources and javadoc] INFO  o.e.m.j.internal.DownloadSourcesJob - Downloaded sources for org.springframework.boot:spring-boot-reactor-netty:4.0.1-SNAPSHOT
2025-11-23 20:16:41,944 [Worker-20: Download sources and javadoc] INFO  o.e.m.c.i.e.AbstractTransferListenerAdapter - Downloading https://repo.spring.io/snapshot/org/springframework/boot/spring-boot-netty/4.0.1-SNAPSHOT/spring-boot-netty-4.0.1-20251122.091056-9-sources.jar
2025-11-23 20:16:41,961 [Worker-20: Download sources and javadoc] INFO  o.e.m.c.i.e.AbstractTransferListenerAdapter - Downloaded https://repo.spring.io/snapshot/org/springframework/boot/spring-boot-netty/4.0.1-SNAPSHOT/spring-boot-netty-4.0.1-20251122.091056-9-sources.jar
2025-11-23 20:16:41,978 [Worker-20: Download sources and javadoc] INFO  o.e.m.j.internal.DownloadSourcesJob - Downloaded sources for org.springframework.boot:spring-boot-netty:4.0.1-SNAPSHOT
2025-11-23 20:16:43,051 [Worker-20: Download sources and javadoc] INFO  o.e.m.c.i.e.AbstractTransferListenerAdapter - Downloading https://repo.spring.io/snapshot/org/springframework/boot/spring-boot-webflux/4.0.1-SNAPSHOT/spring-boot-webflux-4.0.1-20251122.091056-9-sources.jar
2025-11-23 20:16:45,025 [Worker-20: Download sources and javadoc] INFO  o.e.m.c.i.e.AbstractTransferListenerAdapter - Downloaded https://repo.spring.io/snapshot/org/springframework/boot/spring-boot-webflux/4.0.1-SNAPSHOT/spring-boot-webflux-4.0.1-20251122.091056-9-sources.jar
2025-11-23 20:16:45,048 [Worker-20: Download sources and javadoc] INFO  o.e.m.j.internal.DownloadSourcesJob - Downloaded sources for org.springframework.boot:spring-boot-webflux:4.0.1-SNAPSHOT
2025-11-23 20:16:46,356 [Worker-20: Download sources and javadoc] INFO  o.e.m.c.i.e.AbstractTransferListenerAdapter - Downloading https://repo.spring.io/snapshot/org/springframework/boot/spring-boot-http-codec/4.0.1-SNAPSHOT/spring-boot-http-codec-4.0.1-20251122.091056-9-sources.jar
2025-11-23 20:16:46,375 [Worker-20: Download sources and javadoc] INFO  o.e.m.c.i.e.AbstractTransferListenerAdapter - Downloaded https://repo.spring.io/snapshot/org/springframework/boot/spring-boot-http-codec/4.0.1-SNAPSHOT/spring-boot-http-codec-4.0.1-20251122.091056-9-sources.jar
2025-11-23 20:16:46,402 [Worker-20: Download sources and javadoc] INFO  o.e.m.j.internal.DownloadSourcesJob - Downloaded sources for org.springframework.boot:spring-boot-http-codec:4.0.1-SNAPSHOT
2025-11-23 20:16:48,648 [Worker-20: Download sources and javadoc] INFO  o.e.m.c.i.e.AbstractTransferListenerAdapter - Downloading https://repo.spring.io/snapshot/org/springframework/boot/spring-boot-web-server/4.0.1-SNAPSHOT/spring-boot-web-server-4.0.1-20251122.091056-9-sources.jar
2025-11-23 20:16:58,818 [Worker-20: Download sources and javadoc] INFO  o.e.m.c.i.e.AbstractTransferListenerAdapter - Downloaded https://repo.spring.io/snapshot/org/springframework/boot/spring-boot-web-server/4.0.1-SNAPSHOT/spring-boot-web-server-4.0.1-20251122.091056-9-sources.jar
2025-11-23 20:16:58,830 [Worker-20: Download sources and javadoc] INFO  o.e.m.j.internal.DownloadSourcesJob - Downloaded sources for org.springframework.boot:spring-boot-web-server:4.0.1-SNAPSHOT
2025-11-23 20:17:00,301 [Worker-20: Download sources and javadoc] INFO  o.e.m.c.i.e.AbstractTransferListenerAdapter - Downloading https://repo.spring.io/snapshot/org/springframework/boot/spring-boot-starter-data-mongodb-reactive-test/4.0.1-SNAPSHOT/spring-boot-starter-data-mongodb-reactive-test-4.0.1-20251122.091056-9-sources.jar
2025-11-23 20:17:00,849 [Worker-20: Download sources and javadoc] INFO  o.e.m.c.i.e.AbstractTransferListenerAdapter - Downloaded https://repo.spring.io/snapshot/org/springframework/boot/spring-boot-starter-data-mongodb-reactive-test/4.0.1-SNAPSHOT/spring-boot-starter-data-mongodb-reactive-test-4.0.1-20251122.091056-9-sources.jar
2025-11-23 20:17:00,857 [Worker-20: Download sources and javadoc] INFO  o.e.m.j.internal.DownloadSourcesJob - Downloaded sources for org.springframework.boot:spring-boot-starter-data-mongodb-reactive-test:4.0.1-SNAPSHOT
2025-11-23 20:17:02,550 [Worker-20: Download sources and javadoc] INFO  o.e.m.c.i.e.AbstractTransferListenerAdapter - Downloading https://repo.spring.io/snapshot/org/springframework/boot/spring-boot-starter-test/4.0.1-SNAPSHOT/spring-boot-starter-test-4.0.1-20251122.091056-9-sources.jar
2025-11-23 20:17:02,556 [Worker-20: Download sources and javadoc] INFO  o.e.m.c.i.e.AbstractTransferListenerAdapter - Downloaded https://repo.spring.io/snapshot/org/springframework/boot/spring-boot-starter-test/4.0.1-SNAPSHOT/spring-boot-starter-test-4.0.1-20251122.091056-9-sources.jar
2025-11-23 20:17:02,565 [Worker-20: Download sources and javadoc] INFO  o.e.m.j.internal.DownloadSourcesJob - Downloaded sources for org.springframework.boot:spring-boot-starter-test:4.0.1-SNAPSHOT
2025-11-23 20:17:03,456 [Worker-20: Download sources and javadoc] INFO  o.e.m.c.i.e.AbstractTransferListenerAdapter - Downloading https://repo.spring.io/snapshot/org/springframework/boot/spring-boot-test/4.0.1-SNAPSHOT/spring-boot-test-4.0.1-20251122.091056-9-sources.jar
2025-11-23 20:17:06,321 [Worker-26: Building] INFO  o.a.m.s.f.DefaultMavenResourcesFiltering - Copying 1 resource from src\main\resources to target\classes
2025-11-23 20:17:06,332 [Worker-26: Building] INFO  o.a.m.s.f.DefaultMavenResourcesFiltering - Copying 0 resource from src\main\resources to target\classes
2025-11-23 20:17:06,342 [Worker-26: Building] INFO  o.a.m.s.f.DefaultMavenResourcesFiltering - skip non existing resourceDirectory C:\Users\syeds\OneDrive\Documents\Desktop\CHUBB\Boot4_FlighBookingWebFluxMongoDB\src\test\resources
2025-11-23 20:17:11,971 [Worker-20: Download sources and javadoc] INFO  o.e.m.c.i.e.AbstractTransferListenerAdapter - Downloaded https://repo.spring.io/snapshot/org/springframework/boot/spring-boot-test/4.0.1-SNAPSHOT/spring-boot-test-4.0.1-20251122.091056-9-sources.jar
2025-11-23 20:17:12,017 [Worker-20: Download sources and javadoc] INFO  o.e.m.j.internal.DownloadSourcesJob - Downloaded sources for org.springframework.boot:spring-boot-test:4.0.1-SNAPSHOT
2025-11-23 20:17:13,296 [Worker-20: Download sources and javadoc] INFO  o.e.m.c.i.e.AbstractTransferListenerAdapter - Downloading https://repo.spring.io/snapshot/org/springframework/boot/spring-boot-test-autoconfigure/4.0.1-SNAPSHOT/spring-boot-test-autoconfigure-4.0.1-20251122.091056-9-sources.jar
2025-11-23 20:17:19,491 [Worker-20: Download sources and javadoc] INFO  o.e.m.c.i.e.AbstractTransferListenerAdapter - Downloaded https://repo.spring.io/snapshot/org/springframework/boot/spring-boot-test-autoconfigure/4.0.1-SNAPSHOT/spring-boot-test-autoconfigure-4.0.1-20251122.091056-9-sources.jar
2025-11-23 20:17:19,542 [Worker-20: Download sources and javadoc] INFO  o.e.m.j.internal.DownloadSourcesJob - Downloaded sources for org.springframework.boot:spring-boot-test-autoconfigure:4.0.1-SNAPSHOT
2025-11-23 20:17:20,694 [Worker-20: Download sources and javadoc] INFO  o.e.m.c.i.e.AbstractTransferListenerAdapter - Downloading https://repo.spring.io/snapshot/org/springframework/boot/spring-boot-data-mongodb-test/4.0.1-SNAPSHOT/spring-boot-data-mongodb-test-4.0.1-20251122.091056-9-sources.jar
2025-11-23 20:17:20,706 [Worker-20: Download sources and javadoc] INFO  o.e.m.c.i.e.AbstractTransferListenerAdapter - Downloaded https://repo.spring.io/snapshot/org/springframework/boot/spring-boot-data-mongodb-test/4.0.1-SNAPSHOT/spring-boot-data-mongodb-test-4.0.1-20251122.091056-9-sources.jar
2025-11-23 20:17:20,713 [Worker-20: Download sources and javadoc] INFO  o.e.m.j.internal.DownloadSourcesJob - Downloaded sources for org.springframework.boot:spring-boot-data-mongodb-test:4.0.1-SNAPSHOT
2025-11-23 20:17:21,872 [Worker-20: Download sources and javadoc] INFO  o.e.m.c.i.e.AbstractTransferListenerAdapter - Downloading https://repo.spring.io/snapshot/org/springframework/boot/spring-boot-starter-webflux-test/4.0.1-SNAPSHOT/spring-boot-starter-webflux-test-4.0.1-20251122.091056-9-sources.jar
2025-11-23 20:17:23,192 [Worker-20: Download sources and javadoc] INFO  o.e.m.c.i.e.AbstractTransferListenerAdapter - Downloaded https://repo.spring.io/snapshot/org/springframework/boot/spring-boot-starter-webflux-test/4.0.1-SNAPSHOT/spring-boot-starter-webflux-test-4.0.1-20251122.091056-9-sources.jar
2025-11-23 20:17:23,203 [Worker-20: Download sources and javadoc] INFO  o.e.m.j.internal.DownloadSourcesJob - Downloaded sources for org.springframework.boot:spring-boot-starter-webflux-test:4.0.1-SNAPSHOT
2025-11-23 20:17:25,776 [Worker-20: Download sources and javadoc] INFO  o.e.m.c.i.e.AbstractTransferListenerAdapter - Downloading https://repo.spring.io/snapshot/org/springframework/boot/spring-boot-starter-jackson-test/4.0.1-SNAPSHOT/spring-boot-starter-jackson-test-4.0.1-20251122.091056-9-sources.jar
2025-11-23 20:17:25,787 [Worker-20: Download sources and javadoc] INFO  o.e.m.c.i.e.AbstractTransferListenerAdapter - Downloaded https://repo.spring.io/snapshot/org/springframework/boot/spring-boot-starter-jackson-test/4.0.1-SNAPSHOT/spring-boot-starter-jackson-test-4.0.1-20251122.091056-9-sources.jar
2025-11-23 20:17:25,798 [Worker-20: Download sources and javadoc] INFO  o.e.m.j.internal.DownloadSourcesJob - Downloaded sources for org.springframework.boot:spring-boot-starter-jackson-test:4.0.1-SNAPSHOT
2025-11-23 20:17:27,061 [Worker-20: Download sources and javadoc] INFO  o.e.m.c.i.e.AbstractTransferListenerAdapter - Downloading https://repo.spring.io/snapshot/org/springframework/boot/spring-boot-webflux-test/4.0.1-SNAPSHOT/spring-boot-webflux-test-4.0.1-20251122.091056-9-sources.jar
2025-11-23 20:17:27,087 [Worker-20: Download sources and javadoc] INFO  o.e.m.c.i.e.AbstractTransferListenerAdapter - Downloaded https://repo.spring.io/snapshot/org/springframework/boot/spring-boot-webflux-test/4.0.1-SNAPSHOT/spring-boot-webflux-test-4.0.1-20251122.091056-9-sources.jar
2025-11-23 20:17:27,102 [Worker-20: Download sources and javadoc] INFO  o.e.m.j.internal.DownloadSourcesJob - Downloaded sources for org.springframework.boot:spring-boot-webflux-test:4.0.1-SNAPSHOT
2025-11-23 20:17:28,362 [Worker-20: Download sources and javadoc] INFO  o.e.m.c.i.e.AbstractTransferListenerAdapter - Downloading https://repo.spring.io/snapshot/org/springframework/boot/spring-boot-webtestclient/4.0.1-SNAPSHOT/spring-boot-webtestclient-4.0.1-20251122.091056-9-sources.jar
2025-11-23 20:17:28,741 [Worker-20: Download sources and javadoc] INFO  o.e.m.c.i.e.AbstractTransferListenerAdapter - Downloaded https://repo.spring.io/snapshot/org/springframework/boot/spring-boot-webtestclient/4.0.1-SNAPSHOT/spring-boot-webtestclient-4.0.1-20251122.091056-9-sources.jar
2025-11-23 20:17:28,748 [Worker-20: Download sources and javadoc] INFO  o.e.m.j.internal.DownloadSourcesJob - Downloaded sources for org.springframework.boot:spring-boot-webtestclient:4.0.1-SNAPSHOT
2025-11-23 20:18:36,725 [Worker-23: Building] INFO  o.a.m.s.f.DefaultMavenResourcesFiltering - Copying 1 resource from src\main\resources to target\classes
2025-11-23 20:18:36,744 [Worker-23: Building] INFO  o.a.m.s.f.DefaultMavenResourcesFiltering - Copying 0 resource from src\main\resources to target\classes
2025-11-23 20:18:36,754 [Worker-23: Building] INFO  o.a.m.s.f.DefaultMavenResourcesFiltering - skip non existing resourceDirectory C:\Users\syeds\OneDrive\Documents\Desktop\CHUBB\Boot4_FlighBookingWebFluxMongoDB\src\test\resources
2025-11-23 20:19:08,593 [Worker-2: Building] INFO  o.a.m.s.f.DefaultMavenResourcesFiltering - Copying 1 resource from src\main\resources to target\classes
2025-11-23 20:19:08,606 [Worker-2: Building] INFO  o.a.m.s.f.DefaultMavenResourcesFiltering - Copying 0 resource from src\main\resources to target\classes
2025-11-23 20:19:08,616 [Worker-2: Building] INFO  o.a.m.s.f.DefaultMavenResourcesFiltering - skip non existing resourceDirectory C:\Users\syeds\OneDrive\Documents\Desktop\CHUBB\Boot4_FlighBookingWebFluxMongoDB\src\test\resources
2025-11-23 20:19:36,739 [Worker-23: Building] INFO  o.a.m.s.f.DefaultMavenResourcesFiltering - Copying 1 resource from src\main\resources to target\classes
2025-11-23 20:19:36,756 [Worker-23: Building] INFO  o.a.m.s.f.DefaultMavenResourcesFiltering - Copying 0 resource from src\main\resources to target\classes
2025-11-23 20:19:36,764 [Worker-23: Building] INFO  o.a.m.s.f.DefaultMavenResourcesFiltering - skip non existing resourceDirectory C:\Users\syeds\OneDrive\Documents\Desktop\CHUBB\Boot4_FlighBookingWebFluxMongoDB\src\test\resources
2025-11-23 20:19:57,664 [Worker-28: Building] INFO  o.a.m.s.f.DefaultMavenResourcesFiltering - Copying 1 resource from src\main\resources to target\classes
2025-11-23 20:19:57,673 [Worker-28: Building] INFO  o.a.m.s.f.DefaultMavenResourcesFiltering - Copying 0 resource from src\main\resources to target\classes
2025-11-23 20:19:57,679 [Worker-28: Building] INFO  o.a.m.s.f.DefaultMavenResourcesFiltering - skip non existing resourceDirectory C:\Users\syeds\OneDrive\Documents\Desktop\CHUBB\Boot4_FlighBookingWebFluxMongoDB\src\test\resources
2025-11-23 20:20:12,738 [Worker-28: Building] INFO  o.a.m.s.f.DefaultMavenResourcesFiltering - Copying 1 resource from src\main\resources to target\classes
2025-11-23 20:20:12,747 [Worker-28: Building] INFO  o.a.m.s.f.DefaultMavenResourcesFiltering - Copying 0 resource from src\main\resources to target\classes
2025-11-23 20:20:12,751 [Worker-28: Building] INFO  o.a.m.s.f.DefaultMavenResourcesFiltering - skip non existing resourceDirectory C:\Users\syeds\OneDrive\Documents\Desktop\CHUBB\Boot4_FlighBookingWebFluxMongoDB\src\test\resources
2025-11-23 20:20:27,099 [Worker-23: Building] INFO  o.a.m.s.f.DefaultMavenResourcesFiltering - Copying 1 resource from src\main\resources to target\classes
2025-11-23 20:20:27,109 [Worker-23: Building] INFO  o.a.m.s.f.DefaultMavenResourcesFiltering - Copying 0 resource from src\main\resources to target\classes
2025-11-23 20:20:27,130 [Worker-23: Building] INFO  o.a.m.s.f.DefaultMavenResourcesFiltering - skip non existing resourceDirectory C:\Users\syeds\OneDrive\Documents\Desktop\CHUBB\Boot4_FlighBookingWebFluxMongoDB\src\test\resources
2025-11-23 20:20:36,109 [Worker-23: Building] INFO  o.a.m.s.f.DefaultMavenResourcesFiltering - Copying 1 resource from src\main\resources to target\classes
2025-11-23 20:20:36,116 [Worker-23: Building] INFO  o.a.m.s.f.DefaultMavenResourcesFiltering - Copying 0 resource from src\main\resources to target\classes
2025-11-23 20:20:36,123 [Worker-23: Building] INFO  o.a.m.s.f.DefaultMavenResourcesFiltering - skip non existing resourceDirectory C:\Users\syeds\OneDrive\Documents\Desktop\CHUBB\Boot4_FlighBookingWebFluxMongoDB\src\test\resources
2025-11-23 20:20:58,123 [Worker-2: Building] INFO  o.a.m.s.f.DefaultMavenResourcesFiltering - Copying 1 resource from src\main\resources to target\classes
2025-11-23 20:20:58,131 [Worker-2: Building] INFO  o.a.m.s.f.DefaultMavenResourcesFiltering - Copying 0 resource from src\main\resources to target\classes
2025-11-23 20:20:58,136 [Worker-2: Building] INFO  o.a.m.s.f.DefaultMavenResourcesFiltering - skip non existing resourceDirectory C:\Users\syeds\OneDrive\Documents\Desktop\CHUBB\Boot4_FlighBookingWebFluxMongoDB\src\test\resources
2025-11-23 20:21:23,611 [Worker-2: Building] INFO  o.a.m.s.f.DefaultMavenResourcesFiltering - Copying 1 resource from src\main\resources to target\classes
2025-11-23 20:21:23,620 [Worker-2: Building] INFO  o.a.m.s.f.DefaultMavenResourcesFiltering - Copying 0 resource from src\main\resources to target\classes
2025-11-23 20:21:23,625 [Worker-2: Building] INFO  o.a.m.s.f.DefaultMavenResourcesFiltering - skip non existing resourceDirectory C:\Users\syeds\OneDrive\Documents\Desktop\CHUBB\Boot4_FlighBookingWebFluxMongoDB\src\test\resources
2025-11-23 20:21:43,297 [Worker-23: Building] INFO  o.a.m.s.f.DefaultMavenResourcesFiltering - Copying 1 resource from src\main\resources to target\classes
2025-11-23 20:21:43,303 [Worker-23: Building] INFO  o.a.m.s.f.DefaultMavenResourcesFiltering - Copying 0 resource from src\main\resources to target\classes
2025-11-23 20:21:43,308 [Worker-23: Building] INFO  o.a.m.s.f.DefaultMavenResourcesFiltering - skip non existing resourceDirectory C:\Users\syeds\OneDrive\Documents\Desktop\CHUBB\Boot4_FlighBookingWebFluxMongoDB\src\test\resources
2025-11-23 20:21:54,484 [Worker-16: Building] INFO  o.a.m.s.f.DefaultMavenResourcesFiltering - Copying 1 resource from src\main\resources to target\classes
2025-11-23 20:21:54,498 [Worker-16: Building] INFO  o.a.m.s.f.DefaultMavenResourcesFiltering - Copying 0 resource from src\main\resources to target\classes
2025-11-23 20:21:54,507 [Worker-16: Building] INFO  o.a.m.s.f.DefaultMavenResourcesFiltering - skip non existing resourceDirectory C:\Users\syeds\OneDrive\Documents\Desktop\CHUBB\Boot4_FlighBookingWebFluxMongoDB\src\test\resources
2025-11-23 20:22:35,770 [Worker-13: Building] INFO  o.a.m.s.f.DefaultMavenResourcesFiltering - Copying 1 resource from src\main\resources to target\classes
2025-11-23 20:22:35,778 [Worker-13: Building] INFO  o.a.m.s.f.DefaultMavenResourcesFiltering - Copying 0 resource from src\main\resources to target\classes
2025-11-23 20:22:35,786 [Worker-13: Building] INFO  o.a.m.s.f.DefaultMavenResourcesFiltering - skip non existing resourceDirectory C:\Users\syeds\OneDrive\Documents\Desktop\CHUBB\Boot4_FlighBookingWebFluxMongoDB\src\test\resources
2025-11-23 20:23:20,922 [Worker-16: Building] INFO  o.e.m.c.i.l.LifecycleMappingFactory - Using org.eclipse.m2e.jdt.JarLifecycleMapping lifecycle mapping for MavenProject: com.app:Boot4_FlighBookingWebFluxMongoDB:0.0.1-SNAPSHOT @ C:\Users\syeds\OneDrive\Documents\Desktop\CHUBB\Boot4_FlighBookingWebFluxMongoDB\pom.xml.
2025-11-23 20:23:23,501 [Worker-16: Building] INFO  o.a.m.s.f.DefaultMavenResourcesFiltering - Copying 0 resource from src\main\resources to target\classes
2025-11-23 20:23:23,503 [Worker-16: Building] INFO  o.a.m.s.f.DefaultMavenResourcesFiltering - Copying 0 resource from src\main\resources to target\classes
2025-11-23 20:23:23,514 [Worker-16: Building] INFO  o.a.m.s.f.DefaultMavenResourcesFiltering - skip non existing resourceDirectory C:\Users\syeds\OneDrive\Documents\Desktop\CHUBB\Boot4_FlighBookingWebFluxMongoDB\src\test\resources
2025-11-23 20:23:24,311 [Worker-23: Building] INFO  o.a.m.s.f.DefaultMavenResourcesFiltering - Copying 1 resource from src\main\resources to target\classes
2025-11-23 20:23:24,342 [Worker-23: Building] INFO  o.a.m.s.f.DefaultMavenResourcesFiltering - Copying 0 resource from src\main\resources to target\classes
2025-11-23 20:23:24,352 [Worker-23: Building] INFO  o.a.m.s.f.DefaultMavenResourcesFiltering - skip non existing resourceDirectory C:\Users\syeds\OneDrive\Documents\Desktop\CHUBB\Boot4_FlighBookingWebFluxMongoDB\src\test\resources
2025-11-23 20:23:40,447 [Worker-2: Building] INFO  o.a.m.s.f.DefaultMavenResourcesFiltering - Copying 1 resource from src\main\resources to target\classes
2025-11-23 20:23:40,455 [Worker-2: Building] INFO  o.a.m.s.f.DefaultMavenResourcesFiltering - Copying 0 resource from src\main\resources to target\classes
2025-11-23 20:23:40,461 [Worker-2: Building] INFO  o.a.m.s.f.DefaultMavenResourcesFiltering - skip non existing resourceDirectory C:\Users\syeds\OneDrive\Documents\Desktop\CHUBB\Boot4_FlighBookingWebFluxMongoDB\src\test\resources
2025-11-23 20:24:31,949 [Worker-5: Building] INFO  o.a.m.s.f.DefaultMavenResourcesFiltering - Copying 1 resource from src\main\resources to target\classes
2025-11-23 20:24:31,956 [Worker-5: Building] INFO  o.a.m.s.f.DefaultMavenResourcesFiltering - Copying 0 resource from src\main\resources to target\classes
2025-11-23 20:24:31,962 [Worker-5: Building] INFO  o.a.m.s.f.DefaultMavenResourcesFiltering - skip non existing resourceDirectory C:\Users\syeds\OneDrive\Documents\Desktop\CHUBB\Boot4_FlighBookingWebFluxMongoDB\src\test\resources
2025-11-23 20:25:19,349 [Worker-2: Building] INFO  o.a.m.s.f.DefaultMavenResourcesFiltering - Copying 1 resource from src\main\resources to target\classes
2025-11-23 20:25:19,361 [Worker-2: Building] INFO  o.a.m.s.f.DefaultMavenResourcesFiltering - Copying 0 resource from src\main\resources to target\classes
2025-11-23 20:25:19,369 [Worker-2: Building] INFO  o.a.m.s.f.DefaultMavenResourcesFiltering - skip non existing resourceDirectory C:\Users\syeds\OneDrive\Documents\Desktop\CHUBB\Boot4_FlighBookingWebFluxMongoDB\src\test\resources
2025-11-23 20:25:36,777 [Worker-31: Building] INFO  o.a.m.s.f.DefaultMavenResourcesFiltering - Copying 1 resource from src\main\resources to target\classes
2025-11-23 20:25:36,784 [Worker-31: Building] INFO  o.a.m.s.f.DefaultMavenResourcesFiltering - Copying 0 resource from src\main\resources to target\classes
2025-11-23 20:25:36,788 [Worker-31: Building] INFO  o.a.m.s.f.DefaultMavenResourcesFiltering - skip non existing resourceDirectory C:\Users\syeds\OneDrive\Documents\Desktop\CHUBB\Boot4_FlighBookingWebFluxMongoDB\src\test\resources
2025-11-23 20:25:53,167 [Worker-13: Building] INFO  o.a.m.s.f.DefaultMavenResourcesFiltering - Copying 0 resource from src\main\resources to target\classes
2025-11-23 20:25:53,168 [Worker-13: Building] INFO  o.a.m.s.f.DefaultMavenResourcesFiltering - Copying 0 resource from src\main\resources to target\classes
2025-11-23 20:25:53,173 [Worker-13: Building] INFO  o.a.m.s.f.DefaultMavenResourcesFiltering - skip non existing resourceDirectory C:\Users\syeds\OneDrive\Documents\Desktop\CHUBB\Boot4_FlighBookingWebFluxMongoDB\src\test\resources
2025-11-23 20:26:26,951 [Worker-32: Building] INFO  o.a.m.s.f.DefaultMavenResourcesFiltering - Copying 1 resource from src\main\resources to target\classes
2025-11-23 20:26:26,955 [Worker-32: Building] INFO  o.a.m.s.f.DefaultMavenResourcesFiltering - Copying 0 resource from src\main\resources to target\classes
2025-11-23 20:26:26,960 [Worker-32: Building] INFO  o.a.m.s.f.DefaultMavenResourcesFiltering - skip non existing resourceDirectory C:\Users\syeds\OneDrive\Documents\Desktop\CHUBB\Boot4_FlighBookingWebFluxMongoDB\src\test\resources
2025-11-23 20:26:58,843 [Worker-5: Building] INFO  o.a.m.s.f.DefaultMavenResourcesFiltering - Copying 1 resource from src\main\resources to target\classes
2025-11-23 20:26:58,853 [Worker-5: Building] INFO  o.a.m.s.f.DefaultMavenResourcesFiltering - Copying 0 resource from src\main\resources to target\classes
2025-11-23 20:26:58,859 [Worker-5: Building] INFO  o.a.m.s.f.DefaultMavenResourcesFiltering - skip non existing resourceDirectory C:\Users\syeds\OneDrive\Documents\Desktop\CHUBB\Boot4_FlighBookingWebFluxMongoDB\src\test\resources
2025-11-23 20:27:18,457 [Worker-16: Building] INFO  o.a.m.s.f.DefaultMavenResourcesFiltering - Copying 1 resource from src\main\resources to target\classes
2025-11-23 20:27:18,468 [Worker-16: Building] INFO  o.a.m.s.f.DefaultMavenResourcesFiltering - Copying 0 resource from src\main\resources to target\classes
2025-11-23 20:27:18,474 [Worker-16: Building] INFO  o.a.m.s.f.DefaultMavenResourcesFiltering - skip non existing resourceDirectory C:\Users\syeds\OneDrive\Documents\Desktop\CHUBB\Boot4_FlighBookingWebFluxMongoDB\src\test\resources
2025-11-23 20:28:19,819 [Worker-16: Building] INFO  o.a.m.s.f.DefaultMavenResourcesFiltering - Copying 1 resource from src\main\resources to target\classes
2025-11-23 20:28:19,827 [Worker-16: Building] INFO  o.a.m.s.f.DefaultMavenResourcesFiltering - Copying 0 resource from src\main\resources to target\classes
2025-11-23 20:28:19,833 [Worker-16: Building] INFO  o.a.m.s.f.DefaultMavenResourcesFiltering - skip non existing resourceDirectory C:\Users\syeds\OneDrive\Documents\Desktop\CHUBB\Boot4_FlighBookingWebFluxMongoDB\src\test\resources
2025-11-23 20:28:45,789 [Worker-28: Building] INFO  o.a.m.s.f.DefaultMavenResourcesFiltering - Copying 1 resource from src\main\resources to target\classes
2025-11-23 20:28:45,797 [Worker-28: Building] INFO  o.a.m.s.f.DefaultMavenResourcesFiltering - Copying 0 resource from src\main\resources to target\classes
2025-11-23 20:28:45,802 [Worker-28: Building] INFO  o.a.m.s.f.DefaultMavenResourcesFiltering - skip non existing resourceDirectory C:\Users\syeds\OneDrive\Documents\Desktop\CHUBB\Boot4_FlighBookingWebFluxMongoDB\src\test\resources
2025-11-23 20:29:03,194 [Worker-32: Building] INFO  o.a.m.s.f.DefaultMavenResourcesFiltering - Copying 1 resource from src\main\resources to target\classes
2025-11-23 20:29:03,201 [Worker-32: Building] INFO  o.a.m.s.f.DefaultMavenResourcesFiltering - Copying 0 resource from src\main\resources to target\classes
2025-11-23 20:29:03,206 [Worker-32: Building] INFO  o.a.m.s.f.DefaultMavenResourcesFiltering - skip non existing resourceDirectory C:\Users\syeds\OneDrive\Documents\Desktop\CHUBB\Boot4_FlighBookingWebFluxMongoDB\src\test\resources
2025-11-23 20:29:07,966 [Worker-13: Building] INFO  o.a.m.s.f.DefaultMavenResourcesFiltering - Copying 1 resource from src\main\resources to target\classes
2025-11-23 20:29:07,979 [Worker-13: Building] INFO  o.a.m.s.f.DefaultMavenResourcesFiltering - Copying 0 resource from src\main\resources to target\classes
2025-11-23 20:29:07,987 [Worker-13: Building] INFO  o.a.m.s.f.DefaultMavenResourcesFiltering - skip non existing resourceDirectory C:\Users\syeds\OneDrive\Documents\Desktop\CHUBB\Boot4_FlighBookingWebFluxMongoDB\src\test\resources
2025-11-23 20:29:28,238 [Worker-19: Building] INFO  o.a.m.s.f.DefaultMavenResourcesFiltering - Copying 1 resource from src\main\resources to target\classes
2025-11-23 20:29:28,251 [Worker-19: Building] INFO  o.a.m.s.f.DefaultMavenResourcesFiltering - Copying 0 resource from src\main\resources to target\classes
2025-11-23 20:29:28,258 [Worker-19: Building] INFO  o.a.m.s.f.DefaultMavenResourcesFiltering - skip non existing resourceDirectory C:\Users\syeds\OneDrive\Documents\Desktop\CHUBB\Boot4_FlighBookingWebFluxMongoDB\src\test\resources
2025-11-23 20:29:46,516 [Worker-19: Building] INFO  o.e.m.c.i.l.LifecycleMappingFactory - Using org.eclipse.m2e.jdt.JarLifecycleMapping lifecycle mapping for MavenProject: com.app:Boot4_FlighBookingWebFluxMongoDB:0.0.1-SNAPSHOT @ C:\Users\syeds\OneDrive\Documents\Desktop\CHUBB\Boot4_FlighBookingWebFluxMongoDB\pom.xml.
2025-11-23 20:29:48,103 [Worker-19: Building] INFO  o.a.m.s.f.DefaultMavenResourcesFiltering - Copying 0 resource from src\main\resources to target\classes
2025-11-23 20:29:48,104 [Worker-19: Building] INFO  o.a.m.s.f.DefaultMavenResourcesFiltering - Copying 0 resource from src\main\resources to target\classes
2025-11-23 20:29:48,111 [Worker-19: Building] INFO  o.a.m.s.f.DefaultMavenResourcesFiltering - skip non existing resourceDirectory C:\Users\syeds\OneDrive\Documents\Desktop\CHUBB\Boot4_FlighBookingWebFluxMongoDB\src\test\resources
2025-11-23 20:32:04,069 [Worker-19: Building] INFO  o.a.m.s.f.DefaultMavenResourcesFiltering - Copying 1 resource from src\main\resources to target\classes
2025-11-23 20:32:04,098 [Worker-19: Building] INFO  o.a.m.s.f.DefaultMavenResourcesFiltering - Copying 0 resource from src\main\resources to target\classes
2025-11-23 20:32:04,107 [Worker-19: Building] INFO  o.a.m.s.f.DefaultMavenResourcesFiltering - skip non existing resourceDirectory C:\Users\syeds\OneDrive\Documents\Desktop\CHUBB\Boot4_FlighBookingWebFluxMongoDB\src\test\resources
2025-11-23 20:35:56,293 [Worker-37: Building] INFO  o.a.m.s.f.DefaultMavenResourcesFiltering - Copying 1 resource from src\main\resources to target\classes
2025-11-23 20:35:56,304 [Worker-37: Building] INFO  o.a.m.s.f.DefaultMavenResourcesFiltering - Copying 0 resource from src\main\resources to target\classes
2025-11-23 20:35:56,309 [Worker-37: Building] INFO  o.a.m.s.f.DefaultMavenResourcesFiltering - skip non existing resourceDirectory C:\Users\syeds\OneDrive\Documents\Desktop\CHUBB\Boot4_FlighBookingWebFluxMongoDB\src\test\resources
2025-11-23 20:36:10,876 [Worker-36: Building] INFO  o.a.m.s.f.DefaultMavenResourcesFiltering - Copying 1 resource from src\main\resources to target\classes
2025-11-23 20:36:10,886 [Worker-36: Building] INFO  o.a.m.s.f.DefaultMavenResourcesFiltering - Copying 0 resource from src\main\resources to target\classes
2025-11-23 20:36:10,894 [Worker-36: Building] INFO  o.a.m.s.f.DefaultMavenResourcesFiltering - skip non existing resourceDirectory C:\Users\syeds\OneDrive\Documents\Desktop\CHUBB\Boot4_FlighBookingWebFluxMongoDB\src\test\resources
2025-11-23 20:36:18,726 [Worker-31: Building] INFO  o.a.m.s.f.DefaultMavenResourcesFiltering - Copying 1 resource from src\main\resources to target\classes
2025-11-23 20:36:18,736 [Worker-31: Building] INFO  o.a.m.s.f.DefaultMavenResourcesFiltering - Copying 0 resource from src\main\resources to target\classes
2025-11-23 20:36:18,741 [Worker-31: Building] INFO  o.a.m.s.f.DefaultMavenResourcesFiltering - skip non existing resourceDirectory C:\Users\syeds\OneDrive\Documents\Desktop\CHUBB\Boot4_FlighBookingWebFluxMongoDB\src\test\resources
2025-11-23 20:36:57,332 [Worker-42: Building] INFO  o.a.m.s.f.DefaultMavenResourcesFiltering - Copying 1 resource from src\main\resources to target\classes
2025-11-23 20:36:57,344 [Worker-42: Building] INFO  o.a.m.s.f.DefaultMavenResourcesFiltering - Copying 0 resource from src\main\resources to target\classes
2025-11-23 20:36:57,350 [Worker-42: Building] INFO  o.a.m.s.f.DefaultMavenResourcesFiltering - skip non existing resourceDirectory C:\Users\syeds\OneDrive\Documents\Desktop\CHUBB\Boot4_FlighBookingWebFluxMongoDB\src\test\resources
2025-11-23 20:37:24,085 [Worker-36: Building] INFO  o.a.m.s.f.DefaultMavenResourcesFiltering - Copying 1 resource from src\main\resources to target\classes
2025-11-23 20:37:24,094 [Worker-36: Building] INFO  o.a.m.s.f.DefaultMavenResourcesFiltering - Copying 0 resource from src\main\resources to target\classes
2025-11-23 20:37:24,098 [Worker-36: Building] INFO  o.a.m.s.f.DefaultMavenResourcesFiltering - skip non existing resourceDirectory C:\Users\syeds\OneDrive\Documents\Desktop\CHUBB\Boot4_FlighBookingWebFluxMongoDB\src\test\resources
2025-11-23 20:37:41,675 [Worker-42: Building] INFO  o.a.m.s.f.DefaultMavenResourcesFiltering - Copying 1 resource from src\main\resources to target\classes
2025-11-23 20:37:41,683 [Worker-42: Building] INFO  o.a.m.s.f.DefaultMavenResourcesFiltering - Copying 0 resource from src\main\resources to target\classes
2025-11-23 20:37:41,687 [Worker-42: Building] INFO  o.a.m.s.f.DefaultMavenResourcesFiltering - skip non existing resourceDirectory C:\Users\syeds\OneDrive\Documents\Desktop\CHUBB\Boot4_FlighBookingWebFluxMongoDB\src\test\resources
2025-11-23 20:38:02,462 [Worker-40: Building] INFO  o.a.m.s.f.DefaultMavenResourcesFiltering - Copying 1 resource from src\main\resources to target\classes
2025-11-23 20:38:02,469 [Worker-40: Building] INFO  o.a.m.s.f.DefaultMavenResourcesFiltering - Copying 0 resource from src\main\resources to target\classes
2025-11-23 20:38:02,474 [Worker-40: Building] INFO  o.a.m.s.f.DefaultMavenResourcesFiltering - skip non existing resourceDirectory C:\Users\syeds\OneDrive\Documents\Desktop\CHUBB\Boot4_FlighBookingWebFluxMongoDB\src\test\resources
2025-11-23 20:38:18,995 [Worker-43: Building] INFO  o.a.m.s.f.DefaultMavenResourcesFiltering - Copying 1 resource from src\main\resources to target\classes
2025-11-23 20:38:19,001 [Worker-43: Building] INFO  o.a.m.s.f.DefaultMavenResourcesFiltering - Copying 0 resource from src\main\resources to target\classes
2025-11-23 20:38:19,006 [Worker-43: Building] INFO  o.a.m.s.f.DefaultMavenResourcesFiltering - skip non existing resourceDirectory C:\Users\syeds\OneDrive\Documents\Desktop\CHUBB\Boot4_FlighBookingWebFluxMongoDB\src\test\resources
2025-11-23 20:42:47,614 [Worker-44: Building] INFO  o.a.m.s.f.DefaultMavenResourcesFiltering - Copying 1 resource from src\main\resources to target\classes
2025-11-23 20:42:47,626 [Worker-44: Building] INFO  o.a.m.s.f.DefaultMavenResourcesFiltering - Copying 0 resource from src\main\resources to target\classes
2025-11-23 20:42:47,639 [Worker-44: Building] INFO  o.a.m.s.f.DefaultMavenResourcesFiltering - skip non existing resourceDirectory C:\Users\syeds\OneDrive\Documents\Desktop\CHUBB\Boot4_FlighBookingWebFluxMongoDB\src\test\resources
2025-11-23 20:45:04,146 [Worker-44: Building] INFO  o.a.m.s.f.DefaultMavenResourcesFiltering - Copying 1 resource from src\main\resources to target\classes
2025-11-23 20:45:04,158 [Worker-44: Building] INFO  o.a.m.s.f.DefaultMavenResourcesFiltering - Copying 0 resource from src\main\resources to target\classes
2025-11-23 20:45:04,163 [Worker-44: Building] INFO  o.a.m.s.f.DefaultMavenResourcesFiltering - skip non existing resourceDirectory C:\Users\syeds\OneDrive\Documents\Desktop\CHUBB\Boot4_FlighBookingWebFluxMongoDB\src\test\resources
2025-11-23 20:45:19,333 [Worker-44: Building] INFO  o.a.m.s.f.DefaultMavenResourcesFiltering - Copying 1 resource from src\main\resources to target\classes
2025-11-23 20:45:19,340 [Worker-44: Building] INFO  o.a.m.s.f.DefaultMavenResourcesFiltering - Copying 0 resource from src\main\resources to target\classes
2025-11-23 20:45:19,346 [Worker-44: Building] INFO  o.a.m.s.f.DefaultMavenResourcesFiltering - skip non existing resourceDirectory C:\Users\syeds\OneDrive\Documents\Desktop\CHUBB\Boot4_FlighBookingWebFluxMongoDB\src\test\resources
2025-11-23 20:54:10,001 [Worker-7: Loading available Gradle versions] INFO  o.e.b.c.i.u.g.PublishedGradleVersions - Gradle version information cache is up-to-date. Trying to read.
2025-11-23 20:54:35,730 [SonarLint Client RPC request executor] WARN  o.e.m.c.i.embedder.EclipseLogger - The artifact mysql:mysql-connector-java:jar:8.0.33 has been relocated to com.mysql:mysql-connector-j:jar:8.0.33: MySQL Connector/J artifacts moved to reverse-DNS compliant Maven 2+ coordinates.
2025-11-23 20:55:24,738 [Worker-35: Building] INFO  o.a.m.s.f.DefaultMavenResourcesFiltering - Copying 1 resource from src\main\resources to target\classes
2025-11-23 20:55:24,755 [Worker-35: Building] INFO  o.a.m.s.f.DefaultMavenResourcesFiltering - Copying 0 resource from src\main\resources to target\classes
2025-11-23 20:55:24,762 [Worker-35: Building] INFO  o.a.m.s.f.DefaultMavenResourcesFiltering - skip non existing resourceDirectory C:\Users\syeds\OneDrive\Documents\Desktop\CHUBB\Boot4_FlighBookingWebFluxMongoDB\src\test\resources
2025-11-23 20:55:37,040 [Worker-1: Building] INFO  o.a.m.s.f.DefaultMavenResourcesFiltering - Copying 1 resource from src\main\resources to target\classes
2025-11-23 20:55:37,047 [Worker-1: Building] INFO  o.a.m.s.f.DefaultMavenResourcesFiltering - Copying 0 resource from src\main\resources to target\classes
2025-11-23 20:55:37,055 [Worker-1: Building] INFO  o.a.m.s.f.DefaultMavenResourcesFiltering - skip non existing resourceDirectory C:\Users\syeds\OneDrive\Documents\Desktop\CHUBB\Boot4_FlighBookingWebFluxMongoDB\src\test\resources
2025-11-23 20:56:03,185 [Worker-13: Building] INFO  o.a.m.s.f.DefaultMavenResourcesFiltering - Copying 1 resource from src\main\resources to target\classes
2025-11-23 20:56:03,198 [Worker-13: Building] INFO  o.a.m.s.f.DefaultMavenResourcesFiltering - Copying 0 resource from src\main\resources to target\classes
2025-11-23 20:56:03,204 [Worker-13: Building] INFO  o.a.m.s.f.DefaultMavenResourcesFiltering - skip non existing resourceDirectory C:\Users\syeds\OneDrive\Documents\Desktop\CHUBB\Boot4_FlighBookingWebFluxMongoDB\src\test\resources
2025-11-23 20:58:14,434 [Worker-7: Building] INFO  o.a.m.s.f.DefaultMavenResourcesFiltering - Copying 1 resource from src\main\resources to target\classes
2025-11-23 20:58:14,439 [Worker-7: Building] INFO  o.a.m.s.f.DefaultMavenResourcesFiltering - Copying 0 resource from src\main\resources to target\classes
2025-11-23 20:58:14,442 [Worker-7: Building] INFO  o.a.m.s.f.DefaultMavenResourcesFiltering - skip non existing resourceDirectory C:\Users\syeds\OneDrive\Documents\Desktop\CHUBB\Boot4_FlighBookingWebFluxMongoDB\src\test\resources
2025-11-23 20:58:26,027 [Worker-7: Building] INFO  o.a.m.s.f.DefaultMavenResourcesFiltering - Copying 1 resource from src\main\resources to target\classes
2025-11-23 20:58:26,032 [Worker-7: Building] INFO  o.a.m.s.f.DefaultMavenResourcesFiltering - Copying 0 resource from src\main\resources to target\classes
2025-11-23 20:58:26,035 [Worker-7: Building] INFO  o.a.m.s.f.DefaultMavenResourcesFiltering - skip non existing resourceDirectory C:\Users\syeds\OneDrive\Documents\Desktop\CHUBB\Boot4_FlighBookingWebFluxMongoDB\src\test\resources
2025-11-23 20:58:37,023 [Worker-28: Launching Boot4FlighBookingWebFluxMongoDbApplication] INFO  o.a.m.s.f.DefaultMavenResourcesFiltering - Copying 1 resource from src\main\resources to target\classes
2025-11-23 20:58:37,029 [Worker-28: Launching Boot4FlighBookingWebFluxMongoDbApplication] INFO  o.a.m.s.f.DefaultMavenResourcesFiltering - Copying 0 resource from src\main\resources to target\classes
2025-11-23 20:58:37,033 [Worker-28: Launching Boot4FlighBookingWebFluxMongoDbApplication] INFO  o.a.m.s.f.DefaultMavenResourcesFiltering - skip non existing resourceDirectory C:\Users\syeds\OneDrive\Documents\Desktop\CHUBB\Boot4_FlighBookingWebFluxMongoDB\src\test\resources
2025-11-23 21:00:07,359 [Worker-7: Building] INFO  o.a.m.s.f.DefaultMavenResourcesFiltering - Copying 1 resource from src\main\resources to target\classes
2025-11-23 21:00:07,370 [Worker-7: Building] INFO  o.a.m.s.f.DefaultMavenResourcesFiltering - Copying 0 resource from src\main\resources to target\classes
2025-11-23 21:00:07,375 [Worker-7: Building] INFO  o.a.m.s.f.DefaultMavenResourcesFiltering - skip non existing resourceDirectory C:\Users\syeds\OneDrive\Documents\Desktop\CHUBB\Boot4_FlighBookingWebFluxMongoDB\src\test\resources
2025-11-23 21:00:52,335 [Worker-38: Building] INFO  o.a.m.s.f.DefaultMavenResourcesFiltering - Copying 1 resource from src\main\resources to target\classes
2025-11-23 21:00:52,342 [Worker-38: Building] INFO  o.a.m.s.f.DefaultMavenResourcesFiltering - Copying 0 resource from src\main\resources to target\classes
2025-11-23 21:00:52,347 [Worker-38: Building] INFO  o.a.m.s.f.DefaultMavenResourcesFiltering - skip non existing resourceDirectory C:\Users\syeds\OneDrive\Documents\Desktop\CHUBB\Boot4_FlighBookingWebFluxMongoDB\src\test\resources
2025-11-23 21:02:49,183 [Worker-28: Building] INFO  o.a.m.s.f.DefaultMavenResourcesFiltering - Copying 1 resource from src\main\resources to target\classes
2025-11-23 21:02:49,187 [Worker-28: Building] INFO  o.a.m.s.f.DefaultMavenResourcesFiltering - Copying 0 resource from src\main\resources to target\classes
2025-11-23 21:02:49,190 [Worker-28: Building] INFO  o.a.m.s.f.DefaultMavenResourcesFiltering - skip non existing resourceDirectory C:\Users\syeds\OneDrive\Documents\Desktop\CHUBB\Boot4_FlighBookingWebFluxMongoDB\src\test\resources
2025-11-23 21:03:24,929 [Worker-39: Building] INFO  o.a.m.s.f.DefaultMavenResourcesFiltering - Copying 1 resource from src\main\resources to target\classes
2025-11-23 21:03:24,933 [Worker-39: Building] INFO  o.a.m.s.f.DefaultMavenResourcesFiltering - Copying 0 resource from src\main\resources to target\classes
2025-11-23 21:03:24,936 [Worker-39: Building] INFO  o.a.m.s.f.DefaultMavenResourcesFiltering - skip non existing resourceDirectory C:\Users\syeds\OneDrive\Documents\Desktop\CHUBB\Boot4_FlighBookingWebFluxMongoDB\src\test\resources
2025-11-23 21:05:29,255 [Worker-37: Building] INFO  o.a.m.s.f.DefaultMavenResourcesFiltering - Copying 1 resource from src\main\resources to target\classes
2025-11-23 21:05:29,263 [Worker-37: Building] INFO  o.a.m.s.f.DefaultMavenResourcesFiltering - Copying 0 resource from src\main\resources to target\classes
2025-11-23 21:05:29,266 [Worker-37: Building] INFO  o.a.m.s.f.DefaultMavenResourcesFiltering - skip non existing resourceDirectory C:\Users\syeds\OneDrive\Documents\Desktop\CHUBB\Boot4_FlighBookingWebFluxMongoDB\src\test\resources
2025-11-23 21:06:44,437 [Worker-37: Building] INFO  o.a.m.s.f.DefaultMavenResourcesFiltering - Copying 1 resource from src\main\resources to target\classes
2025-11-23 21:06:44,449 [Worker-37: Building] INFO  o.a.m.s.f.DefaultMavenResourcesFiltering - Copying 0 resource from src\main\resources to target\classes
2025-11-23 21:06:44,457 [Worker-37: Building] INFO  o.a.m.s.f.DefaultMavenResourcesFiltering - skip non existing resourceDirectory C:\Users\syeds\OneDrive\Documents\Desktop\CHUBB\Boot4_FlighBookingWebFluxMongoDB\src\test\resources
2025-11-23 21:08:52,709 [Worker-39: Launching Boot4FlighBookingWebFluxMongoDbApplication] INFO  o.a.m.s.f.DefaultMavenResourcesFiltering - Copying 1 resource from src\main\resources to target\classes
2025-11-23 21:08:52,715 [Worker-39: Launching Boot4FlighBookingWebFluxMongoDbApplication] INFO  o.a.m.s.f.DefaultMavenResourcesFiltering - Copying 0 resource from src\main\resources to target\classes
2025-11-23 21:08:52,719 [Worker-39: Launching Boot4FlighBookingWebFluxMongoDbApplication] INFO  o.a.m.s.f.DefaultMavenResourcesFiltering - skip non existing resourceDirectory C:\Users\syeds\OneDrive\Documents\Desktop\CHUBB\Boot4_FlighBookingWebFluxMongoDB\src\test\resources
2025-11-23 21:09:44,390 [Worker-28: Building] INFO  o.a.m.s.f.DefaultMavenResourcesFiltering - Copying 1 resource from src\main\resources to target\classes
2025-11-23 21:09:44,400 [Worker-28: Building] INFO  o.a.m.s.f.DefaultMavenResourcesFiltering - Copying 0 resource from src\main\resources to target\classes
2025-11-23 21:09:44,402 [Worker-28: Building] INFO  o.a.m.s.f.DefaultMavenResourcesFiltering - skip non existing resourceDirectory C:\Users\syeds\OneDrive\Documents\Desktop\CHUBB\Boot4_FlighBookingWebFluxMongoDB\src\test\resources
2025-11-23 21:10:05,152 [Worker-37: Building] INFO  o.a.m.s.f.DefaultMavenResourcesFiltering - Copying 1 resource from src\main\resources to target\classes
2025-11-23 21:10:05,159 [Worker-37: Building] INFO  o.a.m.s.f.DefaultMavenResourcesFiltering - Copying 0 resource from src\main\resources to target\classes
2025-11-23 21:10:05,163 [Worker-37: Building] INFO  o.a.m.s.f.DefaultMavenResourcesFiltering - skip non existing resourceDirectory C:\Users\syeds\OneDrive\Documents\Desktop\CHUBB\Boot4_FlighBookingWebFluxMongoDB\src\test\resources
2025-11-23 21:20:58,526 [Worker-31: Launching Boot4FlighBookingWebFluxMongoDbApplication] INFO  o.a.m.s.f.DefaultMavenResourcesFiltering - Copying 1 resource from src\main\resources to target\classes
2025-11-23 21:20:58,535 [Worker-31: Launching Boot4FlighBookingWebFluxMongoDbApplication] INFO  o.a.m.s.f.DefaultMavenResourcesFiltering - Copying 0 resource from src\main\resources to target\classes
2025-11-23 21:20:58,538 [Worker-31: Launching Boot4FlighBookingWebFluxMongoDbApplication] INFO  o.a.m.s.f.DefaultMavenResourcesFiltering - skip non existing resourceDirectory C:\Users\syeds\OneDrive\Documents\Desktop\CHUBB\Boot4_FlighBookingWebFluxMongoDB\src\test\resources
2025-11-24 17:30:20,312 [Worker-4: Loading available Gradle versions] INFO  o.e.b.c.i.u.g.PublishedGradleVersions - Gradle version information cache is up-to-date. Trying to read.
2025-11-24 17:33:14,808 [SonarLint Client RPC request executor] WARN  o.e.m.c.i.embedder.EclipseLogger - The artifact mysql:mysql-connector-java:jar:8.0.33 has been relocated to com.mysql:mysql-connector-j:jar:8.0.33: MySQL Connector/J artifacts moved to reverse-DNS compliant Maven 2+ coordinates.
2025-11-24 17:34:37,505 [SonarLint Client RPC request executor] INFO  o.e.m.c.i.e.AbstractTransferListenerAdapter - Downloading https://repo.spring.io/snapshot/org/springframework/boot/spring-boot-starter-parent/4.0.1-SNAPSHOT/maven-metadata.xml
2025-11-24 17:34:37,533 [SonarLint Client RPC request executor] INFO  o.e.m.c.i.e.AbstractTransferListenerAdapter - Downloaded https://repo.spring.io/snapshot/org/springframework/boot/spring-boot-starter-parent/4.0.1-SNAPSHOT/maven-metadata.xml
2025-11-24 17:34:37,787 [SonarLint Client RPC request executor] INFO  o.e.m.c.i.e.AbstractTransferListenerAdapter - Downloading https://repo.spring.io/snapshot/org/springframework/boot/spring-boot-starter-parent/4.0.1-SNAPSHOT/spring-boot-starter-parent-4.0.1-20251124.114904-13.pom
2025-11-24 17:34:38,018 [SonarLint Client RPC request executor] INFO  o.e.m.c.i.e.AbstractTransferListenerAdapter - Downloaded https://repo.spring.io/snapshot/org/springframework/boot/spring-boot-starter-parent/4.0.1-SNAPSHOT/spring-boot-starter-parent-4.0.1-20251124.114904-13.pom
2025-11-24 17:34:38,281 [SonarLint Client RPC request executor] INFO  o.e.m.c.i.e.AbstractTransferListenerAdapter - Downloading https://repo.spring.io/snapshot/org/springframework/boot/spring-boot-dependencies/4.0.1-SNAPSHOT/maven-metadata.xml
2025-11-24 17:34:38,295 [SonarLint Client RPC request executor] INFO  o.e.m.c.i.e.AbstractTransferListenerAdapter - Downloaded https://repo.spring.io/snapshot/org/springframework/boot/spring-boot-dependencies/4.0.1-SNAPSHOT/maven-metadata.xml
2025-11-24 17:34:38,534 [SonarLint Client RPC request executor] INFO  o.e.m.c.i.e.AbstractTransferListenerAdapter - Downloading https://repo.spring.io/snapshot/org/springframework/boot/spring-boot-dependencies/4.0.1-SNAPSHOT/spring-boot-dependencies-4.0.1-20251124.114904-13.pom
2025-11-24 17:34:39,040 [SonarLint Client RPC request executor] INFO  o.e.m.c.i.e.AbstractTransferListenerAdapter - Downloaded https://repo.spring.io/snapshot/org/springframework/boot/spring-boot-dependencies/4.0.1-SNAPSHOT/spring-boot-dependencies-4.0.1-20251124.114904-13.pom
2025-11-24 17:34:41,180 [SonarLint Client RPC request executor] INFO  o.e.m.c.i.e.AbstractTransferListenerAdapter - Downloading https://repo.spring.io/snapshot/org/springframework/boot/spring-boot-starter-data-mongodb-reactive/4.0.1-SNAPSHOT/maven-metadata.xml
2025-11-24 17:34:41,188 [SonarLint Client RPC request executor] INFO  o.e.m.c.i.e.AbstractTransferListenerAdapter - Downloaded https://repo.spring.io/snapshot/org/springframework/boot/spring-boot-starter-data-mongodb-reactive/4.0.1-SNAPSHOT/maven-metadata.xml
2025-11-24 17:34:41,433 [SonarLint Client RPC request executor] INFO  o.e.m.c.i.e.AbstractTransferListenerAdapter - Downloading https://repo.spring.io/snapshot/org/springframework/boot/spring-boot-starter-data-mongodb-reactive/4.0.1-SNAPSHOT/spring-boot-starter-data-mongodb-reactive-4.0.1-20251124.114904-13.pom
2025-11-24 17:34:41,504 [SonarLint Client RPC request executor] INFO  o.e.m.c.i.e.AbstractTransferListenerAdapter - Downloaded https://repo.spring.io/snapshot/org/springframework/boot/spring-boot-starter-data-mongodb-reactive/4.0.1-SNAPSHOT/spring-boot-starter-data-mongodb-reactive-4.0.1-20251124.114904-13.pom
2025-11-24 17:34:41,809 [SonarLint Client RPC request executor] INFO  o.e.m.c.i.e.AbstractTransferListenerAdapter - Downloading https://repo.spring.io/snapshot/org/springframework/boot/spring-boot-starter-mongodb/4.0.1-SNAPSHOT/maven-metadata.xml
2025-11-24 17:34:41,824 [SonarLint Client RPC request executor] INFO  o.e.m.c.i.e.AbstractTransferListenerAdapter - Downloaded https://repo.spring.io/snapshot/org/springframework/boot/spring-boot-starter-mongodb/4.0.1-SNAPSHOT/maven-metadata.xml
2025-11-24 17:34:42,067 [SonarLint Client RPC request executor] INFO  o.e.m.c.i.e.AbstractTransferListenerAdapter - Downloading https://repo.spring.io/snapshot/org/springframework/boot/spring-boot-starter-mongodb/4.0.1-SNAPSHOT/spring-boot-starter-mongodb-4.0.1-20251124.114904-13.pom
2025-11-24 17:34:42,076 [SonarLint Client RPC request executor] INFO  o.e.m.c.i.e.AbstractTransferListenerAdapter - Downloaded https://repo.spring.io/snapshot/org/springframework/boot/spring-boot-starter-mongodb/4.0.1-SNAPSHOT/spring-boot-starter-mongodb-4.0.1-20251124.114904-13.pom
2025-11-24 17:34:42,364 [SonarLint Client RPC request executor] INFO  o.e.m.c.i.e.AbstractTransferListenerAdapter - Downloading https://repo.spring.io/snapshot/org/springframework/boot/spring-boot-starter/4.0.1-SNAPSHOT/maven-metadata.xml
2025-11-24 17:34:42,375 [SonarLint Client RPC request executor] INFO  o.e.m.c.i.e.AbstractTransferListenerAdapter - Downloaded https://repo.spring.io/snapshot/org/springframework/boot/spring-boot-starter/4.0.1-SNAPSHOT/maven-metadata.xml
2025-11-24 17:34:42,809 [SonarLint Client RPC request executor] INFO  o.e.m.c.i.e.AbstractTransferListenerAdapter - Downloading https://repo.spring.io/snapshot/org/springframework/boot/spring-boot-starter/4.0.1-SNAPSHOT/spring-boot-starter-4.0.1-20251124.114904-13.pom
2025-11-24 17:34:42,821 [SonarLint Client RPC request executor] INFO  o.e.m.c.i.e.AbstractTransferListenerAdapter - Downloaded https://repo.spring.io/snapshot/org/springframework/boot/spring-boot-starter/4.0.1-SNAPSHOT/spring-boot-starter-4.0.1-20251124.114904-13.pom
2025-11-24 17:34:43,073 [SonarLint Client RPC request executor] INFO  o.e.m.c.i.e.AbstractTransferListenerAdapter - Downloading https://repo.spring.io/snapshot/org/springframework/boot/spring-boot-starter-logging/4.0.1-SNAPSHOT/maven-metadata.xml
2025-11-24 17:34:43,083 [SonarLint Client RPC request executor] INFO  o.e.m.c.i.e.AbstractTransferListenerAdapter - Downloaded https://repo.spring.io/snapshot/org/springframework/boot/spring-boot-starter-logging/4.0.1-SNAPSHOT/maven-metadata.xml
2025-11-24 17:34:43,325 [SonarLint Client RPC request executor] INFO  o.e.m.c.i.e.AbstractTransferListenerAdapter - Downloading https://repo.spring.io/snapshot/org/springframework/boot/spring-boot-starter-logging/4.0.1-SNAPSHOT/spring-boot-starter-logging-4.0.1-20251124.114904-13.pom
2025-11-24 17:34:43,336 [SonarLint Client RPC request executor] INFO  o.e.m.c.i.e.AbstractTransferListenerAdapter - Downloaded https://repo.spring.io/snapshot/org/springframework/boot/spring-boot-starter-logging/4.0.1-SNAPSHOT/spring-boot-starter-logging-4.0.1-20251124.114904-13.pom
2025-11-24 17:34:43,736 [SonarLint Client RPC request executor] INFO  o.e.m.c.i.e.AbstractTransferListenerAdapter - Downloading https://repo.spring.io/snapshot/org/springframework/boot/spring-boot-autoconfigure/4.0.1-SNAPSHOT/maven-metadata.xml
2025-11-24 17:34:43,744 [SonarLint Client RPC request executor] INFO  o.e.m.c.i.e.AbstractTransferListenerAdapter - Downloaded https://repo.spring.io/snapshot/org/springframework/boot/spring-boot-autoconfigure/4.0.1-SNAPSHOT/maven-metadata.xml
2025-11-24 17:34:43,991 [SonarLint Client RPC request executor] INFO  o.e.m.c.i.e.AbstractTransferListenerAdapter - Downloading https://repo.spring.io/snapshot/org/springframework/boot/spring-boot-autoconfigure/4.0.1-SNAPSHOT/spring-boot-autoconfigure-4.0.1-20251124.114904-13.pom
2025-11-24 17:34:44,007 [SonarLint Client RPC request executor] INFO  o.e.m.c.i.e.AbstractTransferListenerAdapter - Downloaded https://repo.spring.io/snapshot/org/springframework/boot/spring-boot-autoconfigure/4.0.1-SNAPSHOT/spring-boot-autoconfigure-4.0.1-20251124.114904-13.pom
2025-11-24 17:34:44,296 [SonarLint Client RPC request executor] INFO  o.e.m.c.i.e.AbstractTransferListenerAdapter - Downloading https://repo.spring.io/snapshot/org/springframework/boot/spring-boot/4.0.1-SNAPSHOT/maven-metadata.xml
2025-11-24 17:34:44,308 [SonarLint Client RPC request executor] INFO  o.e.m.c.i.e.AbstractTransferListenerAdapter - Downloaded https://repo.spring.io/snapshot/org/springframework/boot/spring-boot/4.0.1-SNAPSHOT/maven-metadata.xml
2025-11-24 17:34:44,548 [SonarLint Client RPC request executor] INFO  o.e.m.c.i.e.AbstractTransferListenerAdapter - Downloading https://repo.spring.io/snapshot/org/springframework/boot/spring-boot/4.0.1-SNAPSHOT/spring-boot-4.0.1-20251124.114904-13.pom
2025-11-24 17:34:44,556 [SonarLint Client RPC request executor] INFO  o.e.m.c.i.e.AbstractTransferListenerAdapter - Downloaded https://repo.spring.io/snapshot/org/springframework/boot/spring-boot/4.0.1-SNAPSHOT/spring-boot-4.0.1-20251124.114904-13.pom
2025-11-24 17:34:44,901 [SonarLint Client RPC request executor] INFO  o.e.m.c.i.e.AbstractTransferListenerAdapter - Downloading https://repo.spring.io/snapshot/org/springframework/boot/spring-boot-mongodb/4.0.1-SNAPSHOT/maven-metadata.xml
2025-11-24 17:34:44,911 [SonarLint Client RPC request executor] INFO  o.e.m.c.i.e.AbstractTransferListenerAdapter - Downloaded https://repo.spring.io/snapshot/org/springframework/boot/spring-boot-mongodb/4.0.1-SNAPSHOT/maven-metadata.xml
2025-11-24 17:34:45,346 [SonarLint Client RPC request executor] INFO  o.e.m.c.i.e.AbstractTransferListenerAdapter - Downloading https://repo.spring.io/snapshot/org/springframework/boot/spring-boot-mongodb/4.0.1-SNAPSHOT/spring-boot-mongodb-4.0.1-20251124.114904-13.pom
2025-11-24 17:34:45,419 [SonarLint Client RPC request executor] INFO  o.e.m.c.i.e.AbstractTransferListenerAdapter - Downloaded https://repo.spring.io/snapshot/org/springframework/boot/spring-boot-mongodb/4.0.1-SNAPSHOT/spring-boot-mongodb-4.0.1-20251124.114904-13.pom
2025-11-24 17:34:45,764 [SonarLint Client RPC request executor] INFO  o.e.m.c.i.e.AbstractTransferListenerAdapter - Downloading https://repo.spring.io/snapshot/org/springframework/boot/spring-boot-data-mongodb/4.0.1-SNAPSHOT/maven-metadata.xml
2025-11-24 17:34:45,778 [SonarLint Client RPC request executor] INFO  o.e.m.c.i.e.AbstractTransferListenerAdapter - Downloaded https://repo.spring.io/snapshot/org/springframework/boot/spring-boot-data-mongodb/4.0.1-SNAPSHOT/maven-metadata.xml
2025-11-24 17:34:46,016 [SonarLint Client RPC request executor] INFO  o.e.m.c.i.e.AbstractTransferListenerAdapter - Downloading https://repo.spring.io/snapshot/org/springframework/boot/spring-boot-data-mongodb/4.0.1-SNAPSHOT/spring-boot-data-mongodb-4.0.1-20251124.114904-13.pom
2025-11-24 17:34:46,024 [SonarLint Client RPC request executor] INFO  o.e.m.c.i.e.AbstractTransferListenerAdapter - Downloaded https://repo.spring.io/snapshot/org/springframework/boot/spring-boot-data-mongodb/4.0.1-SNAPSHOT/spring-boot-data-mongodb-4.0.1-20251124.114904-13.pom
2025-11-24 17:34:46,277 [SonarLint Client RPC request executor] INFO  o.e.m.c.i.e.AbstractTransferListenerAdapter - Downloading https://repo.spring.io/snapshot/org/springframework/boot/spring-boot-data-commons/4.0.1-SNAPSHOT/maven-metadata.xml
2025-11-24 17:34:46,288 [SonarLint Client RPC request executor] INFO  o.e.m.c.i.e.AbstractTransferListenerAdapter - Downloaded https://repo.spring.io/snapshot/org/springframework/boot/spring-boot-data-commons/4.0.1-SNAPSHOT/maven-metadata.xml
2025-11-24 17:34:46,531 [SonarLint Client RPC request executor] INFO  o.e.m.c.i.e.AbstractTransferListenerAdapter - Downloading https://repo.spring.io/snapshot/org/springframework/boot/spring-boot-data-commons/4.0.1-SNAPSHOT/spring-boot-data-commons-4.0.1-20251124.114904-13.pom
2025-11-24 17:34:46,560 [SonarLint Client RPC request executor] INFO  o.e.m.c.i.e.AbstractTransferListenerAdapter - Downloaded https://repo.spring.io/snapshot/org/springframework/boot/spring-boot-data-commons/4.0.1-SNAPSHOT/spring-boot-data-commons-4.0.1-20251124.114904-13.pom
2025-11-24 17:34:46,823 [SonarLint Client RPC request executor] INFO  o.e.m.c.i.e.AbstractTransferListenerAdapter - Downloading https://repo.spring.io/snapshot/org/springframework/boot/spring-boot-persistence/4.0.1-SNAPSHOT/maven-metadata.xml
2025-11-24 17:34:46,836 [SonarLint Client RPC request executor] INFO  o.e.m.c.i.e.AbstractTransferListenerAdapter - Downloaded https://repo.spring.io/snapshot/org/springframework/boot/spring-boot-persistence/4.0.1-SNAPSHOT/maven-metadata.xml
2025-11-24 17:34:47,079 [SonarLint Client RPC request executor] INFO  o.e.m.c.i.e.AbstractTransferListenerAdapter - Downloading https://repo.spring.io/snapshot/org/springframework/boot/spring-boot-persistence/4.0.1-SNAPSHOT/spring-boot-persistence-4.0.1-20251124.114904-13.pom
2025-11-24 17:34:47,103 [SonarLint Client RPC request executor] INFO  o.e.m.c.i.e.AbstractTransferListenerAdapter - Downloaded https://repo.spring.io/snapshot/org/springframework/boot/spring-boot-persistence/4.0.1-SNAPSHOT/spring-boot-persistence-4.0.1-20251124.114904-13.pom
2025-11-24 17:34:47,440 [SonarLint Client RPC request executor] INFO  o.e.m.c.i.e.AbstractTransferListenerAdapter - Downloading https://repo.spring.io/snapshot/org/springframework/boot/spring-boot-transaction/4.0.1-SNAPSHOT/maven-metadata.xml
2025-11-24 17:34:47,452 [SonarLint Client RPC request executor] INFO  o.e.m.c.i.e.AbstractTransferListenerAdapter - Downloaded https://repo.spring.io/snapshot/org/springframework/boot/spring-boot-transaction/4.0.1-SNAPSHOT/maven-metadata.xml
2025-11-24 17:34:47,693 [SonarLint Client RPC request executor] INFO  o.e.m.c.i.e.AbstractTransferListenerAdapter - Downloading https://repo.spring.io/snapshot/org/springframework/boot/spring-boot-transaction/4.0.1-SNAPSHOT/spring-boot-transaction-4.0.1-20251124.114904-13.pom
2025-11-24 17:34:47,702 [SonarLint Client RPC request executor] INFO  o.e.m.c.i.e.AbstractTransferListenerAdapter - Downloaded https://repo.spring.io/snapshot/org/springframework/boot/spring-boot-transaction/4.0.1-SNAPSHOT/spring-boot-transaction-4.0.1-20251124.114904-13.pom
2025-11-24 17:34:48,114 [SonarLint Client RPC request executor] INFO  o.e.m.c.i.e.AbstractTransferListenerAdapter - Downloading https://repo.spring.io/snapshot/org/springframework/boot/spring-boot-reactor/4.0.1-SNAPSHOT/maven-metadata.xml
2025-11-24 17:34:48,124 [SonarLint Client RPC request executor] INFO  o.e.m.c.i.e.AbstractTransferListenerAdapter - Downloaded https://repo.spring.io/snapshot/org/springframework/boot/spring-boot-reactor/4.0.1-SNAPSHOT/maven-metadata.xml
2025-11-24 17:34:48,369 [SonarLint Client RPC request executor] INFO  o.e.m.c.i.e.AbstractTransferListenerAdapter - Downloading https://repo.spring.io/snapshot/org/springframework/boot/spring-boot-reactor/4.0.1-SNAPSHOT/spring-boot-reactor-4.0.1-20251124.114904-13.pom
2025-11-24 17:34:48,380 [SonarLint Client RPC request executor] INFO  o.e.m.c.i.e.AbstractTransferListenerAdapter - Downloaded https://repo.spring.io/snapshot/org/springframework/boot/spring-boot-reactor/4.0.1-SNAPSHOT/spring-boot-reactor-4.0.1-20251124.114904-13.pom
2025-11-24 17:34:48,652 [SonarLint Client RPC request executor] INFO  o.e.m.c.i.e.AbstractTransferListenerAdapter - Downloading https://repo.spring.io/snapshot/org/springframework/boot/spring-boot-starter-webflux/4.0.1-SNAPSHOT/maven-metadata.xml
2025-11-24 17:34:48,661 [SonarLint Client RPC request executor] INFO  o.e.m.c.i.e.AbstractTransferListenerAdapter - Downloaded https://repo.spring.io/snapshot/org/springframework/boot/spring-boot-starter-webflux/4.0.1-SNAPSHOT/maven-metadata.xml
2025-11-24 17:34:48,901 [SonarLint Client RPC request executor] INFO  o.e.m.c.i.e.AbstractTransferListenerAdapter - Downloading https://repo.spring.io/snapshot/org/springframework/boot/spring-boot-starter-webflux/4.0.1-SNAPSHOT/spring-boot-starter-webflux-4.0.1-20251124.114904-13.pom
2025-11-24 17:34:48,917 [SonarLint Client RPC request executor] INFO  o.e.m.c.i.e.AbstractTransferListenerAdapter - Downloaded https://repo.spring.io/snapshot/org/springframework/boot/spring-boot-starter-webflux/4.0.1-SNAPSHOT/spring-boot-starter-webflux-4.0.1-20251124.114904-13.pom
2025-11-24 17:34:49,169 [SonarLint Client RPC request executor] INFO  o.e.m.c.i.e.AbstractTransferListenerAdapter - Downloading https://repo.spring.io/snapshot/org/springframework/boot/spring-boot-starter-jackson/4.0.1-SNAPSHOT/maven-metadata.xml
2025-11-24 17:34:49,180 [SonarLint Client RPC request executor] INFO  o.e.m.c.i.e.AbstractTransferListenerAdapter - Downloaded https://repo.spring.io/snapshot/org/springframework/boot/spring-boot-starter-jackson/4.0.1-SNAPSHOT/maven-metadata.xml
2025-11-24 17:34:49,429 [SonarLint Client RPC request executor] INFO  o.e.m.c.i.e.AbstractTransferListenerAdapter - Downloading https://repo.spring.io/snapshot/org/springframework/boot/spring-boot-starter-jackson/4.0.1-SNAPSHOT/spring-boot-starter-jackson-4.0.1-20251124.114904-13.pom
2025-11-24 17:34:49,445 [SonarLint Client RPC request executor] INFO  o.e.m.c.i.e.AbstractTransferListenerAdapter - Downloaded https://repo.spring.io/snapshot/org/springframework/boot/spring-boot-starter-jackson/4.0.1-SNAPSHOT/spring-boot-starter-jackson-4.0.1-20251124.114904-13.pom
2025-11-24 17:34:49,725 [SonarLint Client RPC request executor] INFO  o.e.m.c.i.e.AbstractTransferListenerAdapter - Downloading https://repo.spring.io/snapshot/org/springframework/boot/spring-boot-jackson/4.0.1-SNAPSHOT/maven-metadata.xml
2025-11-24 17:34:49,737 [SonarLint Client RPC request executor] INFO  o.e.m.c.i.e.AbstractTransferListenerAdapter - Downloaded https://repo.spring.io/snapshot/org/springframework/boot/spring-boot-jackson/4.0.1-SNAPSHOT/maven-metadata.xml
2025-11-24 17:34:49,984 [SonarLint Client RPC request executor] INFO  o.e.m.c.i.e.AbstractTransferListenerAdapter - Downloading https://repo.spring.io/snapshot/org/springframework/boot/spring-boot-jackson/4.0.1-SNAPSHOT/spring-boot-jackson-4.0.1-20251124.114904-13.pom
2025-11-24 17:34:49,996 [SonarLint Client RPC request executor] INFO  o.e.m.c.i.e.AbstractTransferListenerAdapter - Downloaded https://repo.spring.io/snapshot/org/springframework/boot/spring-boot-jackson/4.0.1-SNAPSHOT/spring-boot-jackson-4.0.1-20251124.114904-13.pom
2025-11-24 17:34:50,314 [SonarLint Client RPC request executor] INFO  o.e.m.c.i.e.AbstractTransferListenerAdapter - Downloading https://repo.spring.io/snapshot/org/springframework/boot/spring-boot-starter-reactor-netty/4.0.1-SNAPSHOT/maven-metadata.xml
2025-11-24 17:34:50,341 [SonarLint Client RPC request executor] INFO  o.e.m.c.i.e.AbstractTransferListenerAdapter - Downloaded https://repo.spring.io/snapshot/org/springframework/boot/spring-boot-starter-reactor-netty/4.0.1-SNAPSHOT/maven-metadata.xml
2025-11-24 17:34:50,584 [SonarLint Client RPC request executor] INFO  o.e.m.c.i.e.AbstractTransferListenerAdapter - Downloading https://repo.spring.io/snapshot/org/springframework/boot/spring-boot-starter-reactor-netty/4.0.1-SNAPSHOT/spring-boot-starter-reactor-netty-4.0.1-20251124.114904-13.pom
2025-11-24 17:34:50,614 [SonarLint Client RPC request executor] INFO  o.e.m.c.i.e.AbstractTransferListenerAdapter - Downloaded https://repo.spring.io/snapshot/org/springframework/boot/spring-boot-starter-reactor-netty/4.0.1-SNAPSHOT/spring-boot-starter-reactor-netty-4.0.1-20251124.114904-13.pom
2025-11-24 17:34:50,898 [SonarLint Client RPC request executor] INFO  o.e.m.c.i.e.AbstractTransferListenerAdapter - Downloading https://repo.spring.io/snapshot/org/springframework/boot/spring-boot-reactor-netty/4.0.1-SNAPSHOT/maven-metadata.xml
2025-11-24 17:34:50,912 [SonarLint Client RPC request executor] INFO  o.e.m.c.i.e.AbstractTransferListenerAdapter - Downloaded https://repo.spring.io/snapshot/org/springframework/boot/spring-boot-reactor-netty/4.0.1-SNAPSHOT/maven-metadata.xml
2025-11-24 17:34:51,172 [SonarLint Client RPC request executor] INFO  o.e.m.c.i.e.AbstractTransferListenerAdapter - Downloading https://repo.spring.io/snapshot/org/springframework/boot/spring-boot-reactor-netty/4.0.1-SNAPSHOT/spring-boot-reactor-netty-4.0.1-20251124.114904-13.pom
2025-11-24 17:34:51,192 [SonarLint Client RPC request executor] INFO  o.e.m.c.i.e.AbstractTransferListenerAdapter - Downloaded https://repo.spring.io/snapshot/org/springframework/boot/spring-boot-reactor-netty/4.0.1-SNAPSHOT/spring-boot-reactor-netty-4.0.1-20251124.114904-13.pom
2025-11-24 17:34:51,551 [SonarLint Client RPC request executor] INFO  o.e.m.c.i.e.AbstractTransferListenerAdapter - Downloading https://repo.spring.io/snapshot/org/springframework/boot/spring-boot-web-server/4.0.1-SNAPSHOT/maven-metadata.xml
2025-11-24 17:34:51,563 [SonarLint Client RPC request executor] INFO  o.e.m.c.i.e.AbstractTransferListenerAdapter - Downloaded https://repo.spring.io/snapshot/org/springframework/boot/spring-boot-web-server/4.0.1-SNAPSHOT/maven-metadata.xml
2025-11-24 17:34:51,809 [SonarLint Client RPC request executor] INFO  o.e.m.c.i.e.AbstractTransferListenerAdapter - Downloading https://repo.spring.io/snapshot/org/springframework/boot/spring-boot-web-server/4.0.1-SNAPSHOT/spring-boot-web-server-4.0.1-20251124.114904-13.pom
2025-11-24 17:34:51,823 [SonarLint Client RPC request executor] INFO  o.e.m.c.i.e.AbstractTransferListenerAdapter - Downloaded https://repo.spring.io/snapshot/org/springframework/boot/spring-boot-web-server/4.0.1-SNAPSHOT/spring-boot-web-server-4.0.1-20251124.114904-13.pom
2025-11-24 17:34:52,346 [SonarLint Client RPC request executor] INFO  o.e.m.c.i.e.AbstractTransferListenerAdapter - Downloading https://repo.spring.io/snapshot/org/springframework/boot/spring-boot-netty/4.0.1-SNAPSHOT/maven-metadata.xml
2025-11-24 17:34:52,382 [SonarLint Client RPC request executor] INFO  o.e.m.c.i.e.AbstractTransferListenerAdapter - Downloaded https://repo.spring.io/snapshot/org/springframework/boot/spring-boot-netty/4.0.1-SNAPSHOT/maven-metadata.xml
2025-11-24 17:34:52,662 [SonarLint Client RPC request executor] INFO  o.e.m.c.i.e.AbstractTransferListenerAdapter - Downloading https://repo.spring.io/snapshot/org/springframework/boot/spring-boot-netty/4.0.1-SNAPSHOT/spring-boot-netty-4.0.1-20251124.114904-13.pom
2025-11-24 17:34:52,690 [SonarLint Client RPC request executor] INFO  o.e.m.c.i.e.AbstractTransferListenerAdapter - Downloaded https://repo.spring.io/snapshot/org/springframework/boot/spring-boot-netty/4.0.1-SNAPSHOT/spring-boot-netty-4.0.1-20251124.114904-13.pom
2025-11-24 17:34:52,962 [SonarLint Client RPC request executor] INFO  o.e.m.c.i.e.AbstractTransferListenerAdapter - Downloading https://repo.spring.io/snapshot/org/springframework/boot/spring-boot-webflux/4.0.1-SNAPSHOT/maven-metadata.xml
2025-11-24 17:34:52,981 [SonarLint Client RPC request executor] INFO  o.e.m.c.i.e.AbstractTransferListenerAdapter - Downloaded https://repo.spring.io/snapshot/org/springframework/boot/spring-boot-webflux/4.0.1-SNAPSHOT/maven-metadata.xml
2025-11-24 17:34:53,230 [SonarLint Client RPC request executor] INFO  o.e.m.c.i.e.AbstractTransferListenerAdapter - Downloading https://repo.spring.io/snapshot/org/springframework/boot/spring-boot-webflux/4.0.1-SNAPSHOT/spring-boot-webflux-4.0.1-20251124.114904-13.pom
2025-11-24 17:34:53,245 [SonarLint Client RPC request executor] INFO  o.e.m.c.i.e.AbstractTransferListenerAdapter - Downloaded https://repo.spring.io/snapshot/org/springframework/boot/spring-boot-webflux/4.0.1-SNAPSHOT/spring-boot-webflux-4.0.1-20251124.114904-13.pom
2025-11-24 17:34:53,509 [SonarLint Client RPC request executor] INFO  o.e.m.c.i.e.AbstractTransferListenerAdapter - Downloading https://repo.spring.io/snapshot/org/springframework/boot/spring-boot-http-codec/4.0.1-SNAPSHOT/maven-metadata.xml
2025-11-24 17:34:53,520 [SonarLint Client RPC request executor] INFO  o.e.m.c.i.e.AbstractTransferListenerAdapter - Downloaded https://repo.spring.io/snapshot/org/springframework/boot/spring-boot-http-codec/4.0.1-SNAPSHOT/maven-metadata.xml
2025-11-24 17:34:53,760 [SonarLint Client RPC request executor] INFO  o.e.m.c.i.e.AbstractTransferListenerAdapter - Downloading https://repo.spring.io/snapshot/org/springframework/boot/spring-boot-http-codec/4.0.1-SNAPSHOT/spring-boot-http-codec-4.0.1-20251124.114904-13.pom
2025-11-24 17:34:53,774 [SonarLint Client RPC request executor] INFO  o.e.m.c.i.e.AbstractTransferListenerAdapter - Downloaded https://repo.spring.io/snapshot/org/springframework/boot/spring-boot-http-codec/4.0.1-SNAPSHOT/spring-boot-http-codec-4.0.1-20251124.114904-13.pom
2025-11-24 17:34:54,066 [SonarLint Client RPC request executor] INFO  o.e.m.c.i.e.AbstractTransferListenerAdapter - Downloading https://repo.spring.io/snapshot/org/springframework/boot/spring-boot-starter-data-mongodb-reactive-test/4.0.1-SNAPSHOT/maven-metadata.xml
2025-11-24 17:34:54,081 [SonarLint Client RPC request executor] INFO  o.e.m.c.i.e.AbstractTransferListenerAdapter - Downloaded https://repo.spring.io/snapshot/org/springframework/boot/spring-boot-starter-data-mongodb-reactive-test/4.0.1-SNAPSHOT/maven-metadata.xml
2025-11-24 17:34:54,429 [SonarLint Client RPC request executor] INFO  o.e.m.c.i.e.AbstractTransferListenerAdapter - Downloading https://repo.spring.io/snapshot/org/springframework/boot/spring-boot-starter-data-mongodb-reactive-test/4.0.1-SNAPSHOT/spring-boot-starter-data-mongodb-reactive-test-4.0.1-20251124.114904-13.pom
2025-11-24 17:34:54,442 [SonarLint Client RPC request executor] INFO  o.e.m.c.i.e.AbstractTransferListenerAdapter - Downloaded https://repo.spring.io/snapshot/org/springframework/boot/spring-boot-starter-data-mongodb-reactive-test/4.0.1-SNAPSHOT/spring-boot-starter-data-mongodb-reactive-test-4.0.1-20251124.114904-13.pom
2025-11-24 17:34:54,698 [SonarLint Client RPC request executor] INFO  o.e.m.c.i.e.AbstractTransferListenerAdapter - Downloading https://repo.spring.io/snapshot/org/springframework/boot/spring-boot-starter-test/4.0.1-SNAPSHOT/maven-metadata.xml
2025-11-24 17:34:54,709 [SonarLint Client RPC request executor] INFO  o.e.m.c.i.e.AbstractTransferListenerAdapter - Downloaded https://repo.spring.io/snapshot/org/springframework/boot/spring-boot-starter-test/4.0.1-SNAPSHOT/maven-metadata.xml
2025-11-24 17:34:54,954 [SonarLint Client RPC request executor] INFO  o.e.m.c.i.e.AbstractTransferListenerAdapter - Downloading https://repo.spring.io/snapshot/org/springframework/boot/spring-boot-starter-test/4.0.1-SNAPSHOT/spring-boot-starter-test-4.0.1-20251124.114904-13.pom
2025-11-24 17:34:54,968 [SonarLint Client RPC request executor] INFO  o.e.m.c.i.e.AbstractTransferListenerAdapter - Downloaded https://repo.spring.io/snapshot/org/springframework/boot/spring-boot-starter-test/4.0.1-SNAPSHOT/spring-boot-starter-test-4.0.1-20251124.114904-13.pom
2025-11-24 17:34:55,339 [SonarLint Client RPC request executor] INFO  o.e.m.c.i.e.AbstractTransferListenerAdapter - Downloading https://repo.spring.io/snapshot/org/springframework/boot/spring-boot-test/4.0.1-SNAPSHOT/maven-metadata.xml
2025-11-24 17:34:55,353 [SonarLint Client RPC request executor] INFO  o.e.m.c.i.e.AbstractTransferListenerAdapter - Downloaded https://repo.spring.io/snapshot/org/springframework/boot/spring-boot-test/4.0.1-SNAPSHOT/maven-metadata.xml
2025-11-24 17:34:55,610 [SonarLint Client RPC request executor] INFO  o.e.m.c.i.e.AbstractTransferListenerAdapter - Downloading https://repo.spring.io/snapshot/org/springframework/boot/spring-boot-test/4.0.1-SNAPSHOT/spring-boot-test-4.0.1-20251124.114904-13.pom
2025-11-24 17:34:55,625 [SonarLint Client RPC request executor] INFO  o.e.m.c.i.e.AbstractTransferListenerAdapter - Downloaded https://repo.spring.io/snapshot/org/springframework/boot/spring-boot-test/4.0.1-SNAPSHOT/spring-boot-test-4.0.1-20251124.114904-13.pom
2025-11-24 17:34:55,890 [SonarLint Client RPC request executor] INFO  o.e.m.c.i.e.AbstractTransferListenerAdapter - Downloading https://repo.spring.io/snapshot/org/springframework/boot/spring-boot-test-autoconfigure/4.0.1-SNAPSHOT/maven-metadata.xml
2025-11-24 17:34:55,922 [SonarLint Client RPC request executor] INFO  o.e.m.c.i.e.AbstractTransferListenerAdapter - Downloaded https://repo.spring.io/snapshot/org/springframework/boot/spring-boot-test-autoconfigure/4.0.1-SNAPSHOT/maven-metadata.xml
2025-11-24 17:34:56,171 [SonarLint Client RPC request executor] INFO  o.e.m.c.i.e.AbstractTransferListenerAdapter - Downloading https://repo.spring.io/snapshot/org/springframework/boot/spring-boot-test-autoconfigure/4.0.1-SNAPSHOT/spring-boot-test-autoconfigure-4.0.1-20251124.114904-13.pom
2025-11-24 17:34:56,187 [SonarLint Client RPC request executor] INFO  o.e.m.c.i.e.AbstractTransferListenerAdapter - Downloaded https://repo.spring.io/snapshot/org/springframework/boot/spring-boot-test-autoconfigure/4.0.1-SNAPSHOT/spring-boot-test-autoconfigure-4.0.1-20251124.114904-13.pom
2025-11-24 17:34:56,954 [SonarLint Client RPC request executor] INFO  o.e.m.c.i.e.AbstractTransferListenerAdapter - Downloading https://repo.spring.io/snapshot/org/springframework/boot/spring-boot-data-mongodb-test/4.0.1-SNAPSHOT/maven-metadata.xml
2025-11-24 17:34:56,967 [SonarLint Client RPC request executor] INFO  o.e.m.c.i.e.AbstractTransferListenerAdapter - Downloaded https://repo.spring.io/snapshot/org/springframework/boot/spring-boot-data-mongodb-test/4.0.1-SNAPSHOT/maven-metadata.xml
2025-11-24 17:34:57,207 [SonarLint Client RPC request executor] INFO  o.e.m.c.i.e.AbstractTransferListenerAdapter - Downloading https://repo.spring.io/snapshot/org/springframework/boot/spring-boot-data-mongodb-test/4.0.1-SNAPSHOT/spring-boot-data-mongodb-test-4.0.1-20251124.114904-13.pom
2025-11-24 17:34:57,220 [SonarLint Client RPC request executor] INFO  o.e.m.c.i.e.AbstractTransferListenerAdapter - Downloaded https://repo.spring.io/snapshot/org/springframework/boot/spring-boot-data-mongodb-test/4.0.1-SNAPSHOT/spring-boot-data-mongodb-test-4.0.1-20251124.114904-13.pom
2025-11-24 17:34:57,505 [SonarLint Client RPC request executor] INFO  o.e.m.c.i.e.AbstractTransferListenerAdapter - Downloading https://repo.spring.io/snapshot/org/springframework/boot/spring-boot-starter-webflux-test/4.0.1-SNAPSHOT/maven-metadata.xml
2025-11-24 17:34:57,514 [SonarLint Client RPC request executor] INFO  o.e.m.c.i.e.AbstractTransferListenerAdapter - Downloaded https://repo.spring.io/snapshot/org/springframework/boot/spring-boot-starter-webflux-test/4.0.1-SNAPSHOT/maven-metadata.xml
2025-11-24 17:34:57,756 [SonarLint Client RPC request executor] INFO  o.e.m.c.i.e.AbstractTransferListenerAdapter - Downloading https://repo.spring.io/snapshot/org/springframework/boot/spring-boot-starter-webflux-test/4.0.1-SNAPSHOT/spring-boot-starter-webflux-test-4.0.1-20251124.114904-13.pom
2025-11-24 17:34:57,767 [SonarLint Client RPC request executor] INFO  o.e.m.c.i.e.AbstractTransferListenerAdapter - Downloaded https://repo.spring.io/snapshot/org/springframework/boot/spring-boot-starter-webflux-test/4.0.1-SNAPSHOT/spring-boot-starter-webflux-test-4.0.1-20251124.114904-13.pom
2025-11-24 17:34:58,046 [SonarLint Client RPC request executor] INFO  o.e.m.c.i.e.AbstractTransferListenerAdapter - Downloading https://repo.spring.io/snapshot/org/springframework/boot/spring-boot-starter-jackson-test/4.0.1-SNAPSHOT/maven-metadata.xml
2025-11-24 17:34:58,056 [SonarLint Client RPC request executor] INFO  o.e.m.c.i.e.AbstractTransferListenerAdapter - Downloaded https://repo.spring.io/snapshot/org/springframework/boot/spring-boot-starter-jackson-test/4.0.1-SNAPSHOT/maven-metadata.xml
2025-11-24 17:34:58,302 [SonarLint Client RPC request executor] INFO  o.e.m.c.i.e.AbstractTransferListenerAdapter - Downloading https://repo.spring.io/snapshot/org/springframework/boot/spring-boot-starter-jackson-test/4.0.1-SNAPSHOT/spring-boot-starter-jackson-test-4.0.1-20251124.114904-13.pom
2025-11-24 17:34:58,314 [SonarLint Client RPC request executor] INFO  o.e.m.c.i.e.AbstractTransferListenerAdapter - Downloaded https://repo.spring.io/snapshot/org/springframework/boot/spring-boot-starter-jackson-test/4.0.1-SNAPSHOT/spring-boot-starter-jackson-test-4.0.1-20251124.114904-13.pom
2025-11-24 17:34:58,622 [SonarLint Client RPC request executor] INFO  o.e.m.c.i.e.AbstractTransferListenerAdapter - Downloading https://repo.spring.io/snapshot/org/springframework/boot/spring-boot-webflux-test/4.0.1-SNAPSHOT/maven-metadata.xml
2025-11-24 17:34:58,633 [SonarLint Client RPC request executor] INFO  o.e.m.c.i.e.AbstractTransferListenerAdapter - Downloaded https://repo.spring.io/snapshot/org/springframework/boot/spring-boot-webflux-test/4.0.1-SNAPSHOT/maven-metadata.xml
2025-11-24 17:34:58,878 [SonarLint Client RPC request executor] INFO  o.e.m.c.i.e.AbstractTransferListenerAdapter - Downloading https://repo.spring.io/snapshot/org/springframework/boot/spring-boot-webflux-test/4.0.1-SNAPSHOT/spring-boot-webflux-test-4.0.1-20251124.114904-13.pom
2025-11-24 17:34:58,889 [SonarLint Client RPC request executor] INFO  o.e.m.c.i.e.AbstractTransferListenerAdapter - Downloaded https://repo.spring.io/snapshot/org/springframework/boot/spring-boot-webflux-test/4.0.1-SNAPSHOT/spring-boot-webflux-test-4.0.1-20251124.114904-13.pom
2025-11-24 17:34:59,182 [SonarLint Client RPC request executor] INFO  o.e.m.c.i.e.AbstractTransferListenerAdapter - Downloading https://repo.spring.io/snapshot/org/springframework/boot/spring-boot-webtestclient/4.0.1-SNAPSHOT/maven-metadata.xml
2025-11-24 17:34:59,196 [SonarLint Client RPC request executor] INFO  o.e.m.c.i.e.AbstractTransferListenerAdapter - Downloaded https://repo.spring.io/snapshot/org/springframework/boot/spring-boot-webtestclient/4.0.1-SNAPSHOT/maven-metadata.xml
2025-11-24 17:34:59,452 [SonarLint Client RPC request executor] INFO  o.e.m.c.i.e.AbstractTransferListenerAdapter - Downloading https://repo.spring.io/snapshot/org/springframework/boot/spring-boot-webtestclient/4.0.1-SNAPSHOT/spring-boot-webtestclient-4.0.1-20251124.114904-13.pom
2025-11-24 17:34:59,464 [SonarLint Client RPC request executor] INFO  o.e.m.c.i.e.AbstractTransferListenerAdapter - Downloaded https://repo.spring.io/snapshot/org/springframework/boot/spring-boot-webtestclient/4.0.1-SNAPSHOT/spring-boot-webtestclient-4.0.1-20251124.114904-13.pom
2025-11-24 17:35:01,140 [SonarLint Client RPC request executor] INFO  o.e.m.c.i.e.AbstractTransferListenerAdapter - Downloading https://repo.spring.io/snapshot/org/springframework/boot/spring-boot-starter-data-mongodb-reactive/4.0.1-SNAPSHOT/spring-boot-starter-data-mongodb-reactive-4.0.1-20251124.114904-13.jar
2025-11-24 17:35:01,153 [SonarLint Client RPC request executor] INFO  o.e.m.c.i.e.AbstractTransferListenerAdapter - Downloaded https://repo.spring.io/snapshot/org/springframework/boot/spring-boot-starter-data-mongodb-reactive/4.0.1-SNAPSHOT/spring-boot-starter-data-mongodb-reactive-4.0.1-20251124.114904-13.jar
2025-11-24 17:35:01,498 [BasicRepositoryConnector-repo.spring.io-0-2] INFO  o.e.m.c.i.e.AbstractTransferListenerAdapter - Downloading https://repo.spring.io/snapshot/org/springframework/boot/spring-boot-data-mongodb/4.0.1-SNAPSHOT/spring-boot-data-mongodb-4.0.1-20251124.114904-13.jar
2025-11-24 17:35:01,724 [BasicRepositoryConnector-repo.spring.io-0-2] INFO  o.e.m.c.i.e.AbstractTransferListenerAdapter - Downloaded https://repo.spring.io/snapshot/org/springframework/boot/spring-boot-data-mongodb/4.0.1-SNAPSHOT/spring-boot-data-mongodb-4.0.1-20251124.114904-13.jar
2025-11-24 17:35:01,921 [BasicRepositoryConnector-repo.spring.io-0-1] INFO  o.e.m.c.i.e.AbstractTransferListenerAdapter - Downloading https://repo.spring.io/snapshot/org/springframework/boot/spring-boot-mongodb/4.0.1-SNAPSHOT/spring-boot-mongodb-4.0.1-20251124.114904-13.jar
2025-11-24 17:35:01,955 [BasicRepositoryConnector-repo.spring.io-0-2] INFO  o.e.m.c.i.e.AbstractTransferListenerAdapter - Downloading https://repo.spring.io/snapshot/org/springframework/boot/spring-boot-transaction/4.0.1-SNAPSHOT/spring-boot-transaction-4.0.1-20251124.114904-13.jar
2025-11-24 17:35:01,968 [BasicRepositoryConnector-repo.spring.io-0-2] INFO  o.e.m.c.i.e.AbstractTransferListenerAdapter - Downloaded https://repo.spring.io/snapshot/org/springframework/boot/spring-boot-transaction/4.0.1-SNAPSHOT/spring-boot-transaction-4.0.1-20251124.114904-13.jar
2025-11-24 17:35:02,097 [BasicRepositoryConnector-repo.spring.io-0-4] INFO  o.e.m.c.i.e.AbstractTransferListenerAdapter - Downloading https://repo.spring.io/snapshot/org/springframework/boot/spring-boot-persistence/4.0.1-SNAPSHOT/spring-boot-persistence-4.0.1-20251124.114904-13.jar
2025-11-24 17:35:02,105 [BasicRepositoryConnector-repo.spring.io-0-0] INFO  o.e.m.c.i.e.AbstractTransferListenerAdapter - Downloading https://repo.spring.io/snapshot/org/springframework/boot/spring-boot-starter-mongodb/4.0.1-SNAPSHOT/spring-boot-starter-mongodb-4.0.1-20251124.114904-13.jar
2025-11-24 17:35:02,115 [BasicRepositoryConnector-repo.spring.io-0-0] INFO  o.e.m.c.i.e.AbstractTransferListenerAdapter - Downloaded https://repo.spring.io/snapshot/org/springframework/boot/spring-boot-starter-mongodb/4.0.1-SNAPSHOT/spring-boot-starter-mongodb-4.0.1-20251124.114904-13.jar
2025-11-24 17:35:02,123 [BasicRepositoryConnector-repo.spring.io-0-3] INFO  o.e.m.c.i.e.AbstractTransferListenerAdapter - Downloading https://repo.spring.io/snapshot/org/springframework/boot/spring-boot-data-commons/4.0.1-SNAPSHOT/spring-boot-data-commons-4.0.1-20251124.114904-13.jar
2025-11-24 17:35:02,194 [BasicRepositoryConnector-repo.spring.io-0-2] INFO  o.e.m.c.i.e.AbstractTransferListenerAdapter - Downloading https://repo.spring.io/snapshot/org/springframework/boot/spring-boot-reactor/4.0.1-SNAPSHOT/spring-boot-reactor-4.0.1-20251124.114904-13.jar
2025-11-24 17:35:02,207 [BasicRepositoryConnector-repo.spring.io-0-2] INFO  o.e.m.c.i.e.AbstractTransferListenerAdapter - Downloaded https://repo.spring.io/snapshot/org/springframework/boot/spring-boot-reactor/4.0.1-SNAPSHOT/spring-boot-reactor-4.0.1-20251124.114904-13.jar
2025-11-24 17:35:02,331 [BasicRepositoryConnector-repo.spring.io-0-4] INFO  o.e.m.c.i.e.AbstractTransferListenerAdapter - Downloaded https://repo.spring.io/snapshot/org/springframework/boot/spring-boot-persistence/4.0.1-SNAPSHOT/spring-boot-persistence-4.0.1-20251124.114904-13.jar
2025-11-24 17:35:02,373 [BasicRepositoryConnector-repo.spring.io-0-3] INFO  o.e.m.c.i.e.AbstractTransferListenerAdapter - Downloaded https://repo.spring.io/snapshot/org/springframework/boot/spring-boot-data-commons/4.0.1-SNAPSHOT/spring-boot-data-commons-4.0.1-20251124.114904-13.jar
2025-11-24 17:35:02,403 [BasicRepositoryConnector-repo.spring.io-0-1] INFO  o.e.m.c.i.e.AbstractTransferListenerAdapter - Downloaded https://repo.spring.io/snapshot/org/springframework/boot/spring-boot-mongodb/4.0.1-SNAPSHOT/spring-boot-mongodb-4.0.1-20251124.114904-13.jar
2025-11-24 17:35:02,433 [BasicRepositoryConnector-repo.spring.io-0-2] INFO  o.e.m.c.i.e.AbstractTransferListenerAdapter - Downloading https://repo.spring.io/snapshot/org/springframework/boot/spring-boot-starter-webflux/4.0.1-SNAPSHOT/spring-boot-starter-webflux-4.0.1-20251124.114904-13.jar
2025-11-24 17:35:02,442 [BasicRepositoryConnector-repo.spring.io-0-2] INFO  o.e.m.c.i.e.AbstractTransferListenerAdapter - Downloaded https://repo.spring.io/snapshot/org/springframework/boot/spring-boot-starter-webflux/4.0.1-SNAPSHOT/spring-boot-starter-webflux-4.0.1-20251124.114904-13.jar
2025-11-24 17:35:02,571 [BasicRepositoryConnector-repo.spring.io-0-4] INFO  o.e.m.c.i.e.AbstractTransferListenerAdapter - Downloading https://repo.spring.io/snapshot/org/springframework/boot/spring-boot-starter/4.0.1-SNAPSHOT/spring-boot-starter-4.0.1-20251124.114904-13.jar
2025-11-24 17:35:02,580 [BasicRepositoryConnector-repo.spring.io-0-4] INFO  o.e.m.c.i.e.AbstractTransferListenerAdapter - Downloaded https://repo.spring.io/snapshot/org/springframework/boot/spring-boot-starter/4.0.1-SNAPSHOT/spring-boot-starter-4.0.1-20251124.114904-13.jar
2025-11-24 17:35:02,613 [BasicRepositoryConnector-repo.spring.io-0-3] INFO  o.e.m.c.i.e.AbstractTransferListenerAdapter - Downloading https://repo.spring.io/snapshot/org/springframework/boot/spring-boot-starter-logging/4.0.1-SNAPSHOT/spring-boot-starter-logging-4.0.1-20251124.114904-13.jar
2025-11-24 17:35:02,625 [BasicRepositoryConnector-repo.spring.io-0-3] INFO  o.e.m.c.i.e.AbstractTransferListenerAdapter - Downloaded https://repo.spring.io/snapshot/org/springframework/boot/spring-boot-starter-logging/4.0.1-SNAPSHOT/spring-boot-starter-logging-4.0.1-20251124.114904-13.jar
2025-11-24 17:35:02,671 [BasicRepositoryConnector-repo.spring.io-0-2] INFO  o.e.m.c.i.e.AbstractTransferListenerAdapter - Downloading https://repo.spring.io/snapshot/org/springframework/boot/spring-boot-starter-jackson/4.0.1-SNAPSHOT/spring-boot-starter-jackson-4.0.1-20251124.114904-13.jar
2025-11-24 17:35:02,683 [BasicRepositoryConnector-repo.spring.io-0-2] INFO  o.e.m.c.i.e.AbstractTransferListenerAdapter - Downloaded https://repo.spring.io/snapshot/org/springframework/boot/spring-boot-starter-jackson/4.0.1-SNAPSHOT/spring-boot-starter-jackson-4.0.1-20251124.114904-13.jar
2025-11-24 17:35:02,813 [BasicRepositoryConnector-repo.spring.io-0-4] INFO  o.e.m.c.i.e.AbstractTransferListenerAdapter - Downloading https://repo.spring.io/snapshot/org/springframework/boot/spring-boot-jackson/4.0.1-SNAPSHOT/spring-boot-jackson-4.0.1-20251124.114904-13.jar
2025-11-24 17:35:02,865 [BasicRepositoryConnector-repo.spring.io-0-3] INFO  o.e.m.c.i.e.AbstractTransferListenerAdapter - Downloading https://repo.spring.io/snapshot/org/springframework/boot/spring-boot-starter-reactor-netty/4.0.1-SNAPSHOT/spring-boot-starter-reactor-netty-4.0.1-20251124.114904-13.jar
2025-11-24 17:35:02,879 [BasicRepositoryConnector-repo.spring.io-0-3] INFO  o.e.m.c.i.e.AbstractTransferListenerAdapter - Downloaded https://repo.spring.io/snapshot/org/springframework/boot/spring-boot-starter-reactor-netty/4.0.1-SNAPSHOT/spring-boot-starter-reactor-netty-4.0.1-20251124.114904-13.jar
2025-11-24 17:35:02,913 [BasicRepositoryConnector-repo.spring.io-0-2] INFO  o.e.m.c.i.e.AbstractTransferListenerAdapter - Downloading https://repo.spring.io/snapshot/org/springframework/boot/spring-boot-reactor-netty/4.0.1-SNAPSHOT/spring-boot-reactor-netty-4.0.1-20251124.114904-13.jar
2025-11-24 17:35:02,929 [BasicRepositoryConnector-repo.spring.io-0-2] INFO  o.e.m.c.i.e.AbstractTransferListenerAdapter - Downloaded https://repo.spring.io/snapshot/org/springframework/boot/spring-boot-reactor-netty/4.0.1-SNAPSHOT/spring-boot-reactor-netty-4.0.1-20251124.114904-13.jar
2025-11-24 17:35:03,047 [BasicRepositoryConnector-repo.spring.io-0-4] INFO  o.e.m.c.i.e.AbstractTransferListenerAdapter - Downloaded https://repo.spring.io/snapshot/org/springframework/boot/spring-boot-jackson/4.0.1-SNAPSHOT/spring-boot-jackson-4.0.1-20251124.114904-13.jar
2025-11-24 17:35:03,121 [BasicRepositoryConnector-repo.spring.io-0-3] INFO  o.e.m.c.i.e.AbstractTransferListenerAdapter - Downloading https://repo.spring.io/snapshot/org/springframework/boot/spring-boot-netty/4.0.1-SNAPSHOT/spring-boot-netty-4.0.1-20251124.114904-13.jar
2025-11-24 17:35:03,136 [BasicRepositoryConnector-repo.spring.io-0-3] INFO  o.e.m.c.i.e.AbstractTransferListenerAdapter - Downloaded https://repo.spring.io/snapshot/org/springframework/boot/spring-boot-netty/4.0.1-SNAPSHOT/spring-boot-netty-4.0.1-20251124.114904-13.jar
2025-11-24 17:35:03,161 [BasicRepositoryConnector-repo.spring.io-0-2] INFO  o.e.m.c.i.e.AbstractTransferListenerAdapter - Downloading https://repo.spring.io/snapshot/org/springframework/boot/spring-boot-webflux/4.0.1-SNAPSHOT/spring-boot-webflux-4.0.1-20251124.114904-13.jar
2025-11-24 17:35:03,266 [BasicRepositoryConnector-repo.spring.io-0-0] INFO  o.e.m.c.i.e.AbstractTransferListenerAdapter - Downloading https://repo.spring.io/snapshot/org/springframework/boot/spring-boot/4.0.1-SNAPSHOT/spring-boot-4.0.1-20251124.114904-13.jar
2025-11-24 17:35:03,280 [BasicRepositoryConnector-repo.spring.io-0-4] INFO  o.e.m.c.i.e.AbstractTransferListenerAdapter - Downloading https://repo.spring.io/snapshot/org/springframework/boot/spring-boot-http-codec/4.0.1-SNAPSHOT/spring-boot-http-codec-4.0.1-20251124.114904-13.jar
2025-11-24 17:35:03,292 [BasicRepositoryConnector-repo.spring.io-0-4] INFO  o.e.m.c.i.e.AbstractTransferListenerAdapter - Downloaded https://repo.spring.io/snapshot/org/springframework/boot/spring-boot-http-codec/4.0.1-SNAPSHOT/spring-boot-http-codec-4.0.1-20251124.114904-13.jar
2025-11-24 17:35:03,383 [BasicRepositoryConnector-repo.spring.io-0-3] INFO  o.e.m.c.i.e.AbstractTransferListenerAdapter - Downloading https://repo.spring.io/snapshot/org/springframework/boot/spring-boot-web-server/4.0.1-SNAPSHOT/spring-boot-web-server-4.0.1-20251124.114904-13.jar
2025-11-24 17:35:03,394 [BasicRepositoryConnector-repo.spring.io-0-2] INFO  o.e.m.c.i.e.AbstractTransferListenerAdapter - Downloaded https://repo.spring.io/snapshot/org/springframework/boot/spring-boot-webflux/4.0.1-SNAPSHOT/spring-boot-webflux-4.0.1-20251124.114904-13.jar
2025-11-24 17:35:03,496 [BasicRepositoryConnector-repo.spring.io-0-1] INFO  o.e.m.c.i.e.AbstractTransferListenerAdapter - Downloading https://repo.spring.io/snapshot/org/springframework/boot/spring-boot-autoconfigure/4.0.1-SNAPSHOT/spring-boot-autoconfigure-4.0.1-20251124.114904-13.jar
2025-11-24 17:35:03,529 [BasicRepositoryConnector-repo.spring.io-0-4] INFO  o.e.m.c.i.e.AbstractTransferListenerAdapter - Downloading https://repo.spring.io/snapshot/org/springframework/boot/spring-boot-starter-data-mongodb-reactive-test/4.0.1-SNAPSHOT/spring-boot-starter-data-mongodb-reactive-test-4.0.1-20251124.114904-13.jar
2025-11-24 17:35:03,537 [BasicRepositoryConnector-repo.spring.io-0-4] INFO  o.e.m.c.i.e.AbstractTransferListenerAdapter - Downloaded https://repo.spring.io/snapshot/org/springframework/boot/spring-boot-starter-data-mongodb-reactive-test/4.0.1-SNAPSHOT/spring-boot-starter-data-mongodb-reactive-test-4.0.1-20251124.114904-13.jar
2025-11-24 17:35:03,622 [BasicRepositoryConnector-repo.spring.io-0-2] INFO  o.e.m.c.i.e.AbstractTransferListenerAdapter - Downloading https://repo.spring.io/snapshot/org/springframework/boot/spring-boot-starter-test/4.0.1-SNAPSHOT/spring-boot-starter-test-4.0.1-20251124.114904-13.jar
2025-11-24 17:35:03,633 [BasicRepositoryConnector-repo.spring.io-0-2] INFO  o.e.m.c.i.e.AbstractTransferListenerAdapter - Downloaded https://repo.spring.io/snapshot/org/springframework/boot/spring-boot-starter-test/4.0.1-SNAPSHOT/spring-boot-starter-test-4.0.1-20251124.114904-13.jar
2025-11-24 17:35:03,860 [BasicRepositoryConnector-repo.spring.io-0-2] INFO  o.e.m.c.i.e.AbstractTransferListenerAdapter - Downloading https://repo.spring.io/snapshot/org/springframework/boot/spring-boot-test-autoconfigure/4.0.1-SNAPSHOT/spring-boot-test-autoconfigure-4.0.1-20251124.114904-13.jar
2025-11-24 17:35:03,864 [BasicRepositoryConnector-repo.spring.io-0-3] INFO  o.e.m.c.i.e.AbstractTransferListenerAdapter - Downloaded https://repo.spring.io/snapshot/org/springframework/boot/spring-boot-web-server/4.0.1-SNAPSHOT/spring-boot-web-server-4.0.1-20251124.114904-13.jar
2025-11-24 17:35:03,877 [BasicRepositoryConnector-repo.spring.io-0-2] INFO  o.e.m.c.i.e.AbstractTransferListenerAdapter - Downloaded https://repo.spring.io/snapshot/org/springframework/boot/spring-boot-test-autoconfigure/4.0.1-SNAPSHOT/spring-boot-test-autoconfigure-4.0.1-20251124.114904-13.jar
2025-11-24 17:35:04,103 [BasicRepositoryConnector-repo.spring.io-0-3] INFO  o.e.m.c.i.e.AbstractTransferListenerAdapter - Downloading https://repo.spring.io/snapshot/org/springframework/boot/spring-boot-data-mongodb-test/4.0.1-SNAPSHOT/spring-boot-data-mongodb-test-4.0.1-20251124.114904-13.jar
2025-11-24 17:35:04,106 [BasicRepositoryConnector-repo.spring.io-0-2] INFO  o.e.m.c.i.e.AbstractTransferListenerAdapter - Downloading https://repo.spring.io/snapshot/org/springframework/boot/spring-boot-starter-webflux-test/4.0.1-SNAPSHOT/spring-boot-starter-webflux-test-4.0.1-20251124.114904-13.jar
2025-11-24 17:35:04,117 [BasicRepositoryConnector-repo.spring.io-0-2] INFO  o.e.m.c.i.e.AbstractTransferListenerAdapter - Downloaded https://repo.spring.io/snapshot/org/springframework/boot/spring-boot-starter-webflux-test/4.0.1-SNAPSHOT/spring-boot-starter-webflux-test-4.0.1-20251124.114904-13.jar
2025-11-24 17:35:04,119 [BasicRepositoryConnector-repo.spring.io-0-3] INFO  o.e.m.c.i.e.AbstractTransferListenerAdapter - Downloaded https://repo.spring.io/snapshot/org/springframework/boot/spring-boot-data-mongodb-test/4.0.1-SNAPSHOT/spring-boot-data-mongodb-test-4.0.1-20251124.114904-13.jar
2025-11-24 17:35:04,361 [BasicRepositoryConnector-repo.spring.io-0-3] INFO  o.e.m.c.i.e.AbstractTransferListenerAdapter - Downloading https://repo.spring.io/snapshot/org/springframework/boot/spring-boot-webflux-test/4.0.1-SNAPSHOT/spring-boot-webflux-test-4.0.1-20251124.114904-13.jar
2025-11-24 17:35:04,367 [BasicRepositoryConnector-repo.spring.io-0-2] INFO  o.e.m.c.i.e.AbstractTransferListenerAdapter - Downloading https://repo.spring.io/snapshot/org/springframework/boot/spring-boot-starter-jackson-test/4.0.1-SNAPSHOT/spring-boot-starter-jackson-test-4.0.1-20251124.114904-13.jar
2025-11-24 17:35:04,395 [BasicRepositoryConnector-repo.spring.io-0-3] INFO  o.e.m.c.i.e.AbstractTransferListenerAdapter - Downloaded https://repo.spring.io/snapshot/org/springframework/boot/spring-boot-webflux-test/4.0.1-SNAPSHOT/spring-boot-webflux-test-4.0.1-20251124.114904-13.jar
2025-11-24 17:35:04,397 [BasicRepositoryConnector-repo.spring.io-0-2] INFO  o.e.m.c.i.e.AbstractTransferListenerAdapter - Downloaded https://repo.spring.io/snapshot/org/springframework/boot/spring-boot-starter-jackson-test/4.0.1-SNAPSHOT/spring-boot-starter-jackson-test-4.0.1-20251124.114904-13.jar
2025-11-24 17:35:04,692 [BasicRepositoryConnector-repo.spring.io-0-3] INFO  o.e.m.c.i.e.AbstractTransferListenerAdapter - Downloading https://repo.spring.io/snapshot/org/springframework/boot/spring-boot-webtestclient/4.0.1-SNAPSHOT/spring-boot-webtestclient-4.0.1-20251124.114904-13.jar
2025-11-24 17:35:04,692 [BasicRepositoryConnector-repo.spring.io-0-4] INFO  o.e.m.c.i.e.AbstractTransferListenerAdapter - Downloading https://repo.spring.io/snapshot/org/springframework/boot/spring-boot-test/4.0.1-SNAPSHOT/spring-boot-test-4.0.1-20251124.114904-13.jar
2025-11-24 17:35:04,701 [BasicRepositoryConnector-repo.spring.io-0-3] INFO  o.e.m.c.i.e.AbstractTransferListenerAdapter - Downloaded https://repo.spring.io/snapshot/org/springframework/boot/spring-boot-webtestclient/4.0.1-SNAPSHOT/spring-boot-webtestclient-4.0.1-20251124.114904-13.jar
2025-11-24 17:35:04,789 [BasicRepositoryConnector-repo.spring.io-0-1] INFO  o.e.m.c.i.e.AbstractTransferListenerAdapter - Downloaded https://repo.spring.io/snapshot/org/springframework/boot/spring-boot-autoconfigure/4.0.1-SNAPSHOT/spring-boot-autoconfigure-4.0.1-20251124.114904-13.jar
2025-11-24 17:35:05,131 [BasicRepositoryConnector-repo.spring.io-0-0] INFO  o.e.m.c.i.e.AbstractTransferListenerAdapter - Downloaded https://repo.spring.io/snapshot/org/springframework/boot/spring-boot/4.0.1-SNAPSHOT/spring-boot-4.0.1-20251124.114904-13.jar
2025-11-24 17:35:05,748 [BasicRepositoryConnector-repo.spring.io-0-4] INFO  o.e.m.c.i.e.AbstractTransferListenerAdapter - Downloaded https://repo.spring.io/snapshot/org/springframework/boot/spring-boot-test/4.0.1-SNAPSHOT/spring-boot-test-4.0.1-20251124.114904-13.jar
2025-11-24 17:40:07,441 [Worker-21: Building] INFO  o.a.m.s.f.DefaultMavenResourcesFiltering - Copying 1 resource from src\main\resources to target\classes
2025-11-24 17:40:07,686 [Worker-21: Building] INFO  o.a.m.s.f.DefaultMavenResourcesFiltering - Copying 0 resource from src\main\resources to target\classes
2025-11-24 17:40:07,718 [Worker-21: Building] INFO  o.a.m.s.f.DefaultMavenResourcesFiltering - skip non existing resourceDirectory C:\Users\syeds\OneDrive\Documents\Desktop\CHUBB\Boot4_FlighBookingWebFluxMongoDB\src\test\resources
2025-11-24 17:40:19,672 [Worker-21: Building] INFO  o.e.m.c.i.e.AbstractTransferListenerAdapter - Downloading https://repo.spring.io/snapshot/org/springframework/boot/spring-boot-maven-plugin/4.0.1-SNAPSHOT/maven-metadata.xml
2025-11-24 17:40:19,687 [Worker-21: Building] INFO  o.e.m.c.i.e.AbstractTransferListenerAdapter - Downloaded https://repo.spring.io/snapshot/org/springframework/boot/spring-boot-maven-plugin/4.0.1-SNAPSHOT/maven-metadata.xml
2025-11-24 17:40:20,001 [Worker-21: Building] INFO  o.e.m.c.i.e.AbstractTransferListenerAdapter - Downloading https://repo.spring.io/snapshot/org/springframework/boot/spring-boot-maven-plugin/4.0.1-SNAPSHOT/spring-boot-maven-plugin-4.0.1-20251124.120448-14.pom
2025-11-24 17:40:20,017 [Worker-21: Building] INFO  o.e.m.c.i.e.AbstractTransferListenerAdapter - Downloaded https://repo.spring.io/snapshot/org/springframework/boot/spring-boot-maven-plugin/4.0.1-SNAPSHOT/spring-boot-maven-plugin-4.0.1-20251124.120448-14.pom
2025-11-24 17:40:20,316 [Worker-21: Building] INFO  o.e.m.c.i.e.AbstractTransferListenerAdapter - Downloading https://repo.spring.io/snapshot/org/springframework/boot/spring-boot-maven-plugin/4.0.1-SNAPSHOT/spring-boot-maven-plugin-4.0.1-20251124.120448-14.jar
2025-11-24 17:40:21,095 [Worker-21: Building] INFO  o.e.m.c.i.e.AbstractTransferListenerAdapter - Downloaded https://repo.spring.io/snapshot/org/springframework/boot/spring-boot-maven-plugin/4.0.1-SNAPSHOT/spring-boot-maven-plugin-4.0.1-20251124.120448-14.jar
2025-11-24 17:40:21,600 [Worker-21: Building] INFO  o.a.m.s.f.DefaultMavenResourcesFiltering - Copying 1 resource from src\main\resources to target\classes
2025-11-24 17:40:21,641 [Worker-21: Building] INFO  o.a.m.s.f.DefaultMavenResourcesFiltering - Copying 0 resource from src\main\resources to target\classes
2025-11-24 17:40:21,656 [Worker-21: Building] INFO  o.a.m.s.f.DefaultMavenResourcesFiltering - skip non existing resourceDirectory C:\Users\syeds\Downloads\demo\demo\src\test\resources
2025-11-24 17:40:46,647 [Worker-21: Launching Boot4FlighBookingWebFluxMongoDbApplication] INFO  o.a.m.s.f.DefaultMavenResourcesFiltering - Copying 1 resource from src\main\resources to target\classes
2025-11-24 17:40:46,662 [Worker-21: Launching Boot4FlighBookingWebFluxMongoDbApplication] INFO  o.a.m.s.f.DefaultMavenResourcesFiltering - Copying 0 resource from src\main\resources to target\classes
2025-11-24 17:40:46,671 [Worker-21: Launching Boot4FlighBookingWebFluxMongoDbApplication] INFO  o.a.m.s.f.DefaultMavenResourcesFiltering - skip non existing resourceDirectory C:\Users\syeds\OneDrive\Documents\Desktop\CHUBB\Boot4_FlighBookingWebFluxMongoDB\src\test\resources
2025-11-24 17:44:44,988 [Worker-41: Building] INFO  o.a.m.s.f.DefaultMavenResourcesFiltering - Copying 1 resource from src\main\resources to target\classes
2025-11-24 17:44:44,999 [Worker-41: Building] INFO  o.a.m.s.f.DefaultMavenResourcesFiltering - Copying 0 resource from src\main\resources to target\classes
2025-11-24 17:44:45,010 [Worker-41: Building] INFO  o.a.m.s.f.DefaultMavenResourcesFiltering - skip non existing resourceDirectory C:\Users\syeds\OneDrive\Documents\Desktop\CHUBB\Boot4_FlighBookingWebFluxMongoDB\src\test\resources
2025-11-24 17:45:54,897 [Worker-46: Building] INFO  o.a.m.s.f.DefaultMavenResourcesFiltering - Copying 1 resource from src\main\resources to target\classes
2025-11-24 17:45:54,908 [Worker-46: Building] INFO  o.a.m.s.f.DefaultMavenResourcesFiltering - Copying 0 resource from src\main\resources to target\classes
2025-11-24 17:45:54,918 [Worker-46: Building] INFO  o.a.m.s.f.DefaultMavenResourcesFiltering - skip non existing resourceDirectory C:\Users\syeds\OneDrive\Documents\Desktop\CHUBB\Boot4_FlighBookingWebFluxMongoDB\src\test\resources
2025-11-24 17:47:16,520 [Worker-21: Building] INFO  o.a.m.s.f.DefaultMavenResourcesFiltering - Copying 1 resource from src\main\resources to target\classes
2025-11-24 17:47:16,527 [Worker-21: Building] INFO  o.a.m.s.f.DefaultMavenResourcesFiltering - Copying 0 resource from src\main\resources to target\classes
2025-11-24 17:47:16,533 [Worker-21: Building] INFO  o.a.m.s.f.DefaultMavenResourcesFiltering - skip non existing resourceDirectory C:\Users\syeds\OneDrive\Documents\Desktop\CHUBB\Boot4_FlighBookingWebFluxMongoDB\src\test\resources
2025-11-24 17:51:04,191 [Worker-50: Building] INFO  o.a.m.s.f.DefaultMavenResourcesFiltering - Copying 1 resource from src\main\resources to target\classes
2025-11-24 17:51:04,227 [Worker-50: Building] INFO  o.a.m.s.f.DefaultMavenResourcesFiltering - Copying 0 resource from src\main\resources to target\classes
2025-11-24 17:51:04,234 [Worker-50: Building] INFO  o.a.m.s.f.DefaultMavenResourcesFiltering - skip non existing resourceDirectory C:\Users\syeds\OneDrive\Documents\Desktop\CHUBB\Boot4_FlighBookingWebFluxMongoDB\src\test\resources
2025-11-24 17:51:33,671 [Worker-41: Building] INFO  o.a.m.s.f.DefaultMavenResourcesFiltering - Copying 1 resource from src\main\resources to target\classes
2025-11-24 17:51:33,680 [Worker-41: Building] INFO  o.a.m.s.f.DefaultMavenResourcesFiltering - Copying 0 resource from src\main\resources to target\classes
2025-11-24 17:51:33,687 [Worker-41: Building] INFO  o.a.m.s.f.DefaultMavenResourcesFiltering - skip non existing resourceDirectory C:\Users\syeds\OneDrive\Documents\Desktop\CHUBB\Boot4_FlighBookingWebFluxMongoDB\src\test\resources
2025-11-24 17:52:36,862 [Worker-46: Building] INFO  o.a.m.s.f.DefaultMavenResourcesFiltering - Copying 1 resource from src\main\resources to target\classes
2025-11-24 17:52:36,869 [Worker-46: Building] INFO  o.a.m.s.f.DefaultMavenResourcesFiltering - Copying 0 resource from src\main\resources to target\classes
2025-11-24 17:52:36,883 [Worker-46: Building] INFO  o.a.m.s.f.DefaultMavenResourcesFiltering - skip non existing resourceDirectory C:\Users\syeds\OneDrive\Documents\Desktop\CHUBB\Boot4_FlighBookingWebFluxMongoDB\src\test\resources
2025-11-24 17:54:08,436 [Worker-55: Building] INFO  o.a.m.s.f.DefaultMavenResourcesFiltering - Copying 1 resource from src\main\resources to target\classes
2025-11-24 17:54:08,443 [Worker-55: Building] INFO  o.a.m.s.f.DefaultMavenResourcesFiltering - Copying 0 resource from src\main\resources to target\classes
2025-11-24 17:54:08,450 [Worker-55: Building] INFO  o.a.m.s.f.DefaultMavenResourcesFiltering - skip non existing resourceDirectory C:\Users\syeds\OneDrive\Documents\Desktop\CHUBB\Boot4_FlighBookingWebFluxMongoDB\src\test\resources
2025-11-24 17:54:51,703 [Worker-55: Building] INFO  o.a.m.s.f.DefaultMavenResourcesFiltering - Copying 1 resource from src\main\resources to target\classes
2025-11-24 17:54:51,710 [Worker-55: Building] INFO  o.a.m.s.f.DefaultMavenResourcesFiltering - Copying 0 resource from src\main\resources to target\classes
2025-11-24 17:54:51,716 [Worker-55: Building] INFO  o.a.m.s.f.DefaultMavenResourcesFiltering - skip non existing resourceDirectory C:\Users\syeds\OneDrive\Documents\Desktop\CHUBB\Boot4_FlighBookingWebFluxMongoDB\src\test\resources
2025-11-24 17:55:37,118 [Worker-54: Building] INFO  o.a.m.s.f.DefaultMavenResourcesFiltering - Copying 1 resource from src\main\resources to target\classes
2025-11-24 17:55:37,130 [Worker-54: Building] INFO  o.a.m.s.f.DefaultMavenResourcesFiltering - Copying 0 resource from src\main\resources to target\classes
2025-11-24 17:55:37,136 [Worker-54: Building] INFO  o.a.m.s.f.DefaultMavenResourcesFiltering - skip non existing resourceDirectory C:\Users\syeds\OneDrive\Documents\Desktop\CHUBB\Boot4_FlighBookingWebFluxMongoDB\src\test\resources
2025-11-24 17:56:21,612 [Worker-57: Building] INFO  o.a.m.s.f.DefaultMavenResourcesFiltering - Copying 1 resource from src\main\resources to target\classes
2025-11-24 17:56:21,624 [Worker-57: Building] INFO  o.a.m.s.f.DefaultMavenResourcesFiltering - Copying 0 resource from src\main\resources to target\classes
2025-11-24 17:56:21,633 [Worker-57: Building] INFO  o.a.m.s.f.DefaultMavenResourcesFiltering - skip non existing resourceDirectory C:\Users\syeds\OneDrive\Documents\Desktop\CHUBB\Boot4_FlighBookingWebFluxMongoDB\src\test\resources
2025-11-24 17:57:10,995 [Worker-55: Building] INFO  o.a.m.s.f.DefaultMavenResourcesFiltering - Copying 1 resource from src\main\resources to target\classes
2025-11-24 17:57:11,004 [Worker-55: Building] INFO  o.a.m.s.f.DefaultMavenResourcesFiltering - Copying 0 resource from src\main\resources to target\classes
2025-11-24 17:57:11,011 [Worker-55: Building] INFO  o.a.m.s.f.DefaultMavenResourcesFiltering - skip non existing resourceDirectory C:\Users\syeds\OneDrive\Documents\Desktop\CHUBB\Boot4_FlighBookingWebFluxMongoDB\src\test\resources
2025-11-24 17:57:42,004 [Worker-55: Building] INFO  o.a.m.s.f.DefaultMavenResourcesFiltering - Copying 1 resource from src\main\resources to target\classes
2025-11-24 17:57:42,013 [Worker-55: Building] INFO  o.a.m.s.f.DefaultMavenResourcesFiltering - Copying 0 resource from src\main\resources to target\classes
2025-11-24 17:57:42,019 [Worker-55: Building] INFO  o.a.m.s.f.DefaultMavenResourcesFiltering - skip non existing resourceDirectory C:\Users\syeds\OneDrive\Documents\Desktop\CHUBB\Boot4_FlighBookingWebFluxMongoDB\src\test\resources
2025-11-24 17:58:20,543 [Worker-55: Building] INFO  o.a.m.s.f.DefaultMavenResourcesFiltering - Copying 1 resource from src\main\resources to target\classes
2025-11-24 17:58:20,556 [Worker-55: Building] INFO  o.a.m.s.f.DefaultMavenResourcesFiltering - Copying 0 resource from src\main\resources to target\classes
2025-11-24 17:58:20,565 [Worker-55: Building] INFO  o.a.m.s.f.DefaultMavenResourcesFiltering - skip non existing resourceDirectory C:\Users\syeds\OneDrive\Documents\Desktop\CHUBB\Boot4_FlighBookingWebFluxMongoDB\src\test\resources
2025-11-24 17:58:52,214 [Worker-54: Building] INFO  o.a.m.s.f.DefaultMavenResourcesFiltering - Copying 1 resource from src\main\resources to target\classes
2025-11-24 17:58:52,222 [Worker-54: Building] INFO  o.a.m.s.f.DefaultMavenResourcesFiltering - Copying 0 resource from src\main\resources to target\classes
2025-11-24 17:58:52,228 [Worker-54: Building] INFO  o.a.m.s.f.DefaultMavenResourcesFiltering - skip non existing resourceDirectory C:\Users\syeds\OneDrive\Documents\Desktop\CHUBB\Boot4_FlighBookingWebFluxMongoDB\src\test\resources
2025-11-24 17:59:16,471 [Worker-57: Building] INFO  o.a.m.s.f.DefaultMavenResourcesFiltering - Copying 1 resource from src\main\resources to target\classes
2025-11-24 17:59:16,478 [Worker-57: Building] INFO  o.a.m.s.f.DefaultMavenResourcesFiltering - Copying 0 resource from src\main\resources to target\classes
2025-11-24 17:59:16,483 [Worker-57: Building] INFO  o.a.m.s.f.DefaultMavenResourcesFiltering - skip non existing resourceDirectory C:\Users\syeds\OneDrive\Documents\Desktop\CHUBB\Boot4_FlighBookingWebFluxMongoDB\src\test\resources
2025-11-24 17:59:33,171 [Worker-55: Building] INFO  o.a.m.s.f.DefaultMavenResourcesFiltering - Copying 1 resource from src\main\resources to target\classes
2025-11-24 17:59:33,179 [Worker-55: Building] INFO  o.a.m.s.f.DefaultMavenResourcesFiltering - Copying 0 resource from src\main\resources to target\classes
2025-11-24 17:59:33,185 [Worker-55: Building] INFO  o.a.m.s.f.DefaultMavenResourcesFiltering - skip non existing resourceDirectory C:\Users\syeds\OneDrive\Documents\Desktop\CHUBB\Boot4_FlighBookingWebFluxMongoDB\src\test\resources
2025-11-24 18:00:06,415 [Worker-52: Building] INFO  o.a.m.s.f.DefaultMavenResourcesFiltering - Copying 1 resource from src\main\resources to target\classes
2025-11-24 18:00:06,423 [Worker-52: Building] INFO  o.a.m.s.f.DefaultMavenResourcesFiltering - Copying 0 resource from src\main\resources to target\classes
2025-11-24 18:00:06,429 [Worker-52: Building] INFO  o.a.m.s.f.DefaultMavenResourcesFiltering - skip non existing resourceDirectory C:\Users\syeds\OneDrive\Documents\Desktop\CHUBB\Boot4_FlighBookingWebFluxMongoDB\src\test\resources
2025-11-24 18:00:18,399 [Worker-54: Building] INFO  o.a.m.s.f.DefaultMavenResourcesFiltering - Copying 1 resource from src\main\resources to target\classes
2025-11-24 18:00:18,407 [Worker-54: Building] INFO  o.a.m.s.f.DefaultMavenResourcesFiltering - Copying 0 resource from src\main\resources to target\classes
2025-11-24 18:00:18,412 [Worker-54: Building] INFO  o.a.m.s.f.DefaultMavenResourcesFiltering - skip non existing resourceDirectory C:\Users\syeds\OneDrive\Documents\Desktop\CHUBB\Boot4_FlighBookingWebFluxMongoDB\src\test\resources
2025-11-24 18:02:13,511 [Worker-58: Building] INFO  o.a.m.s.f.DefaultMavenResourcesFiltering - Copying 1 resource from src\main\resources to target\classes
2025-11-24 18:02:13,650 [Worker-58: Building] INFO  o.a.m.s.f.DefaultMavenResourcesFiltering - Copying 0 resource from src\main\resources to target\classes
2025-11-24 18:02:13,658 [Worker-58: Building] INFO  o.a.m.s.f.DefaultMavenResourcesFiltering - skip non existing resourceDirectory C:\Users\syeds\OneDrive\Documents\Desktop\CHUBB\Boot4_FlighBookingWebFluxMongoDB\src\test\resources
2025-11-24 18:02:18,228 [Worker-58: Building] INFO  o.a.m.s.f.DefaultMavenResourcesFiltering - Copying 1 resource from src\main\resources to target\classes
2025-11-24 18:02:18,302 [Worker-58: Building] INFO  o.a.m.s.f.DefaultMavenResourcesFiltering - Copying 0 resource from src\main\resources to target\classes
2025-11-24 18:02:18,320 [Worker-58: Building] INFO  o.a.m.s.f.DefaultMavenResourcesFiltering - skip non existing resourceDirectory C:\Users\syeds\OneDrive\Documents\Desktop\CHUBB\Boot4_FlighBookingWebFluxMongoDB\src\test\resources
2025-11-24 18:06:38,222 [Worker-63: Building] INFO  o.a.m.s.f.DefaultMavenResourcesFiltering - Copying 1 resource from src\main\resources to target\classes
2025-11-24 18:06:38,236 [Worker-63: Building] INFO  o.a.m.s.f.DefaultMavenResourcesFiltering - Copying 0 resource from src\main\resources to target\classes
2025-11-24 18:06:38,242 [Worker-63: Building] INFO  o.a.m.s.f.DefaultMavenResourcesFiltering - skip non existing resourceDirectory C:\Users\syeds\OneDrive\Documents\Desktop\CHUBB\Boot4_FlighBookingWebFluxMongoDB\src\test\resources
2025-11-24 18:10:08,062 [Worker-69: Building] INFO  o.a.m.s.f.DefaultMavenResourcesFiltering - Copying 1 resource from src\main\resources to target\classes
2025-11-24 18:10:08,077 [Worker-69: Building] INFO  o.a.m.s.f.DefaultMavenResourcesFiltering - Copying 0 resource from src\main\resources to target\classes
2025-11-24 18:10:08,082 [Worker-69: Building] INFO  o.a.m.s.f.DefaultMavenResourcesFiltering - skip non existing resourceDirectory C:\Users\syeds\OneDrive\Documents\Desktop\CHUBB\Boot4_FlighBookingWebFluxMongoDB\src\test\resources
2025-11-24 18:12:56,058 [Worker-70: Building] INFO  o.a.m.s.f.DefaultMavenResourcesFiltering - Copying 1 resource from src\main\resources to target\classes
2025-11-24 18:12:56,089 [Worker-70: Building] INFO  o.a.m.s.f.DefaultMavenResourcesFiltering - Copying 0 resource from src\main\resources to target\classes
2025-11-24 18:12:56,094 [Worker-70: Building] INFO  o.a.m.s.f.DefaultMavenResourcesFiltering - skip non existing resourceDirectory C:\Users\syeds\OneDrive\Documents\Desktop\CHUBB\Boot4_FlighBookingWebFluxMongoDB\src\test\resources
2025-11-24 18:13:09,188 [Worker-69: Building] INFO  o.a.m.s.f.DefaultMavenResourcesFiltering - Copying 1 resource from src\main\resources to target\classes
2025-11-24 18:13:09,246 [Worker-69: Building] INFO  o.a.m.s.f.DefaultMavenResourcesFiltering - Copying 0 resource from src\main\resources to target\classes
2025-11-24 18:13:09,251 [Worker-69: Building] INFO  o.a.m.s.f.DefaultMavenResourcesFiltering - skip non existing resourceDirectory C:\Users\syeds\OneDrive\Documents\Desktop\CHUBB\Boot4_FlighBookingWebFluxMongoDB\src\test\resources
2025-11-24 18:13:49,823 [Worker-69: Building] INFO  o.a.m.s.f.DefaultMavenResourcesFiltering - Copying 1 resource from src\main\resources to target\classes
2025-11-24 18:13:49,831 [Worker-69: Building] INFO  o.a.m.s.f.DefaultMavenResourcesFiltering - Copying 0 resource from src\main\resources to target\classes
2025-11-24 18:13:49,837 [Worker-69: Building] INFO  o.a.m.s.f.DefaultMavenResourcesFiltering - skip non existing resourceDirectory C:\Users\syeds\OneDrive\Documents\Desktop\CHUBB\Boot4_FlighBookingWebFluxMongoDB\src\test\resources
2025-11-24 18:14:12,632 [Worker-74: Building] INFO  o.a.m.s.f.DefaultMavenResourcesFiltering - Copying 1 resource from src\main\resources to target\classes
2025-11-24 18:14:12,643 [Worker-74: Building] INFO  o.a.m.s.f.DefaultMavenResourcesFiltering - Copying 0 resource from src\main\resources to target\classes
2025-11-24 18:14:12,647 [Worker-74: Building] INFO  o.a.m.s.f.DefaultMavenResourcesFiltering - skip non existing resourceDirectory C:\Users\syeds\OneDrive\Documents\Desktop\CHUBB\Boot4_FlighBookingWebFluxMongoDB\src\test\resources
2025-11-24 18:14:48,244 [Worker-72: Building] INFO  o.a.m.s.f.DefaultMavenResourcesFiltering - Copying 1 resource from src\main\resources to target\classes
2025-11-24 18:14:48,253 [Worker-72: Building] INFO  o.a.m.s.f.DefaultMavenResourcesFiltering - Copying 0 resource from src\main\resources to target\classes
2025-11-24 18:14:48,259 [Worker-72: Building] INFO  o.a.m.s.f.DefaultMavenResourcesFiltering - skip non existing resourceDirectory C:\Users\syeds\OneDrive\Documents\Desktop\CHUBB\Boot4_FlighBookingWebFluxMongoDB\src\test\resources
2025-11-24 18:15:37,348 [Worker-69: Building] INFO  o.a.m.s.f.DefaultMavenResourcesFiltering - Copying 1 resource from src\main\resources to target\classes
2025-11-24 18:15:37,353 [Worker-69: Building] INFO  o.a.m.s.f.DefaultMavenResourcesFiltering - Copying 0 resource from src\main\resources to target\classes
2025-11-24 18:15:37,358 [Worker-69: Building] INFO  o.a.m.s.f.DefaultMavenResourcesFiltering - skip non existing resourceDirectory C:\Users\syeds\OneDrive\Documents\Desktop\CHUBB\Boot4_FlighBookingWebFluxMongoDB\src\test\resources
2025-11-24 18:18:39,976 [Worker-75: Building] INFO  o.a.m.s.f.DefaultMavenResourcesFiltering - Copying 1 resource from src\main\resources to target\classes
2025-11-24 18:18:39,982 [Worker-75: Building] INFO  o.a.m.s.f.DefaultMavenResourcesFiltering - Copying 0 resource from src\main\resources to target\classes
2025-11-24 18:18:39,987 [Worker-75: Building] INFO  o.a.m.s.f.DefaultMavenResourcesFiltering - skip non existing resourceDirectory C:\Users\syeds\OneDrive\Documents\Desktop\CHUBB\Boot4_FlighBookingWebFluxMongoDB\src\test\resources
2025-11-24 18:21:21,360 [Worker-75: Building] INFO  o.a.m.s.f.DefaultMavenResourcesFiltering - Copying 1 resource from src\main\resources to target\classes
2025-11-24 18:21:21,364 [Worker-75: Building] INFO  o.a.m.s.f.DefaultMavenResourcesFiltering - Copying 0 resource from src\main\resources to target\classes
2025-11-24 18:21:21,368 [Worker-75: Building] INFO  o.a.m.s.f.DefaultMavenResourcesFiltering - skip non existing resourceDirectory C:\Users\syeds\OneDrive\Documents\Desktop\CHUBB\Boot4_FlighBookingWebFluxMongoDB\src\test\resources
2025-11-24 18:21:59,740 [Worker-72: Building] INFO  o.a.m.s.f.DefaultMavenResourcesFiltering - Copying 1 resource from src\main\resources to target\classes
2025-11-24 18:21:59,758 [Worker-72: Building] INFO  o.a.m.s.f.DefaultMavenResourcesFiltering - Copying 0 resource from src\main\resources to target\classes
2025-11-24 18:21:59,762 [Worker-72: Building] INFO  o.a.m.s.f.DefaultMavenResourcesFiltering - skip non existing resourceDirectory C:\Users\syeds\OneDrive\Documents\Desktop\CHUBB\Boot4_FlighBookingWebFluxMongoDB\src\test\resources
2025-11-24 18:22:12,245 [Worker-74: Building] INFO  o.a.m.s.f.DefaultMavenResourcesFiltering - Copying 1 resource from src\main\resources to target\classes
2025-11-24 18:22:12,267 [Worker-74: Building] INFO  o.a.m.s.f.DefaultMavenResourcesFiltering - Copying 0 resource from src\main\resources to target\classes
2025-11-24 18:22:12,284 [Worker-74: Building] INFO  o.a.m.s.f.DefaultMavenResourcesFiltering - skip non existing resourceDirectory C:\Users\syeds\OneDrive\Documents\Desktop\CHUBB\Boot4_FlighBookingWebFluxMongoDB\src\test\resources
2025-11-24 18:22:33,472 [Worker-72: Building] INFO  o.a.m.s.f.DefaultMavenResourcesFiltering - Copying 1 resource from src\main\resources to target\classes
2025-11-24 18:22:33,497 [Worker-72: Building] INFO  o.a.m.s.f.DefaultMavenResourcesFiltering - Copying 0 resource from src\main\resources to target\classes
2025-11-24 18:22:33,514 [Worker-72: Building] INFO  o.a.m.s.f.DefaultMavenResourcesFiltering - skip non existing resourceDirectory C:\Users\syeds\OneDrive\Documents\Desktop\CHUBB\Boot4_FlighBookingWebFluxMongoDB\src\test\resources
2025-11-24 18:22:51,827 [Worker-74: Building] INFO  o.a.m.s.f.DefaultMavenResourcesFiltering - Copying 1 resource from src\main\resources to target\classes
2025-11-24 18:22:51,839 [Worker-74: Building] INFO  o.a.m.s.f.DefaultMavenResourcesFiltering - Copying 0 resource from src\main\resources to target\classes
2025-11-24 18:22:51,844 [Worker-74: Building] INFO  o.a.m.s.f.DefaultMavenResourcesFiltering - skip non existing resourceDirectory C:\Users\syeds\OneDrive\Documents\Desktop\CHUBB\Boot4_FlighBookingWebFluxMongoDB\src\test\resources
2025-11-24 18:23:10,130 [Worker-74: Building] INFO  o.a.m.s.f.DefaultMavenResourcesFiltering - Copying 1 resource from src\main\resources to target\classes
2025-11-24 18:23:10,147 [Worker-74: Building] INFO  o.a.m.s.f.DefaultMavenResourcesFiltering - Copying 0 resource from src\main\resources to target\classes
2025-11-24 18:23:10,152 [Worker-74: Building] INFO  o.a.m.s.f.DefaultMavenResourcesFiltering - skip non existing resourceDirectory C:\Users\syeds\OneDrive\Documents\Desktop\CHUBB\Boot4_FlighBookingWebFluxMongoDB\src\test\resources
2025-11-24 18:23:20,463 [Worker-75: Building] INFO  o.a.m.s.f.DefaultMavenResourcesFiltering - Copying 1 resource from src\main\resources to target\classes
2025-11-24 18:23:20,504 [Worker-75: Building] INFO  o.a.m.s.f.DefaultMavenResourcesFiltering - Copying 0 resource from src\main\resources to target\classes
2025-11-24 18:23:20,514 [Worker-75: Building] INFO  o.a.m.s.f.DefaultMavenResourcesFiltering - skip non existing resourceDirectory C:\Users\syeds\OneDrive\Documents\Desktop\CHUBB\Boot4_FlighBookingWebFluxMongoDB\src\test\resources
2025-11-24 18:23:53,441 [Worker-77: Building] INFO  o.a.m.s.f.DefaultMavenResourcesFiltering - Copying 1 resource from src\main\resources to target\classes
2025-11-24 18:23:53,447 [Worker-77: Building] INFO  o.a.m.s.f.DefaultMavenResourcesFiltering - Copying 0 resource from src\main\resources to target\classes
2025-11-24 18:23:53,450 [Worker-77: Building] INFO  o.a.m.s.f.DefaultMavenResourcesFiltering - skip non existing resourceDirectory C:\Users\syeds\OneDrive\Documents\Desktop\CHUBB\Boot4_FlighBookingWebFluxMongoDB\src\test\resources
2025-11-24 18:24:04,760 [Worker-74: Building] INFO  o.a.m.s.f.DefaultMavenResourcesFiltering - Copying 1 resource from src\main\resources to target\classes
2025-11-24 18:24:04,767 [Worker-74: Building] INFO  o.a.m.s.f.DefaultMavenResourcesFiltering - Copying 0 resource from src\main\resources to target\classes
2025-11-24 18:24:04,770 [Worker-74: Building] INFO  o.a.m.s.f.DefaultMavenResourcesFiltering - skip non existing resourceDirectory C:\Users\syeds\OneDrive\Documents\Desktop\CHUBB\Boot4_FlighBookingWebFluxMongoDB\src\test\resources
2025-11-24 18:24:30,229 [Worker-54: Building] INFO  o.a.m.s.f.DefaultMavenResourcesFiltering - Copying 1 resource from src\main\resources to target\classes
2025-11-24 18:24:30,234 [Worker-54: Building] INFO  o.a.m.s.f.DefaultMavenResourcesFiltering - Copying 0 resource from src\main\resources to target\classes
2025-11-24 18:24:30,237 [Worker-54: Building] INFO  o.a.m.s.f.DefaultMavenResourcesFiltering - skip non existing resourceDirectory C:\Users\syeds\OneDrive\Documents\Desktop\CHUBB\Boot4_FlighBookingWebFluxMongoDB\src\test\resources
2025-11-24 18:25:38,508 [Worker-75: Building] INFO  o.a.m.s.f.DefaultMavenResourcesFiltering - Copying 1 resource from src\main\resources to target\classes
2025-11-24 18:25:38,515 [Worker-75: Building] INFO  o.a.m.s.f.DefaultMavenResourcesFiltering - Copying 0 resource from src\main\resources to target\classes
2025-11-24 18:25:38,525 [Worker-75: Building] INFO  o.a.m.s.f.DefaultMavenResourcesFiltering - skip non existing resourceDirectory C:\Users\syeds\OneDrive\Documents\Desktop\CHUBB\Boot4_FlighBookingWebFluxMongoDB\src\test\resources
2025-11-24 18:25:49,028 [Worker-79: Building] INFO  o.a.m.s.f.DefaultMavenResourcesFiltering - Copying 1 resource from src\main\resources to target\classes
2025-11-24 18:25:49,036 [Worker-79: Building] INFO  o.a.m.s.f.DefaultMavenResourcesFiltering - Copying 0 resource from src\main\resources to target\classes
2025-11-24 18:25:49,039 [Worker-79: Building] INFO  o.a.m.s.f.DefaultMavenResourcesFiltering - skip non existing resourceDirectory C:\Users\syeds\OneDrive\Documents\Desktop\CHUBB\Boot4_FlighBookingWebFluxMongoDB\src\test\resources
2025-11-24 18:26:18,847 [Worker-74: Building] INFO  o.a.m.s.f.DefaultMavenResourcesFiltering - Copying 1 resource from src\main\resources to target\classes
2025-11-24 18:26:18,854 [Worker-74: Building] INFO  o.a.m.s.f.DefaultMavenResourcesFiltering - Copying 0 resource from src\main\resources to target\classes
2025-11-24 18:26:18,863 [Worker-74: Building] INFO  o.a.m.s.f.DefaultMavenResourcesFiltering - skip non existing resourceDirectory C:\Users\syeds\OneDrive\Documents\Desktop\CHUBB\Boot4_FlighBookingWebFluxMongoDB\src\test\resources
2025-11-24 18:27:32,286 [Worker-72: Building] INFO  o.a.m.s.f.DefaultMavenResourcesFiltering - Copying 1 resource from src\main\resources to target\classes
2025-11-24 18:27:32,292 [Worker-72: Building] INFO  o.a.m.s.f.DefaultMavenResourcesFiltering - Copying 0 resource from src\main\resources to target\classes
2025-11-24 18:27:32,297 [Worker-72: Building] INFO  o.a.m.s.f.DefaultMavenResourcesFiltering - skip non existing resourceDirectory C:\Users\syeds\OneDrive\Documents\Desktop\CHUBB\Boot4_FlighBookingWebFluxMongoDB\src\test\resources
2025-11-24 18:30:52,664 [Worker-84: Building] INFO  o.a.m.s.f.DefaultMavenResourcesFiltering - Copying 1 resource from src\main\resources to target\classes
2025-11-24 18:30:52,671 [Worker-84: Building] INFO  o.a.m.s.f.DefaultMavenResourcesFiltering - Copying 0 resource from src\main\resources to target\classes
2025-11-24 18:30:52,674 [Worker-84: Building] INFO  o.a.m.s.f.DefaultMavenResourcesFiltering - skip non existing resourceDirectory C:\Users\syeds\OneDrive\Documents\Desktop\CHUBB\Boot4_FlighBookingWebFluxMongoDB\src\test\resources
2025-11-24 18:31:03,232 [Worker-82: Building] INFO  o.a.m.s.f.DefaultMavenResourcesFiltering - Copying 1 resource from src\main\resources to target\classes
2025-11-24 18:31:03,239 [Worker-82: Building] INFO  o.a.m.s.f.DefaultMavenResourcesFiltering - Copying 0 resource from src\main\resources to target\classes
2025-11-24 18:31:03,243 [Worker-82: Building] INFO  o.a.m.s.f.DefaultMavenResourcesFiltering - skip non existing resourceDirectory C:\Users\syeds\OneDrive\Documents\Desktop\CHUBB\Boot4_FlighBookingWebFluxMongoDB\src\test\resources
2025-11-24 18:32:12,305 [Worker-75: Building] INFO  o.a.m.s.f.DefaultMavenResourcesFiltering - Copying 1 resource from src\main\resources to target\classes
2025-11-24 18:32:12,316 [Worker-75: Building] INFO  o.a.m.s.f.DefaultMavenResourcesFiltering - Copying 0 resource from src\main\resources to target\classes
2025-11-24 18:32:12,323 [Worker-75: Building] INFO  o.a.m.s.f.DefaultMavenResourcesFiltering - skip non existing resourceDirectory C:\Users\syeds\OneDrive\Documents\Desktop\CHUBB\Boot4_FlighBookingWebFluxMongoDB\src\test\resources
2025-11-24 18:32:46,032 [Worker-85: Building] INFO  o.a.m.s.f.DefaultMavenResourcesFiltering - Copying 1 resource from src\main\resources to target\classes
2025-11-24 18:32:46,038 [Worker-85: Building] INFO  o.a.m.s.f.DefaultMavenResourcesFiltering - Copying 0 resource from src\main\resources to target\classes
2025-11-24 18:32:46,042 [Worker-85: Building] INFO  o.a.m.s.f.DefaultMavenResourcesFiltering - skip non existing resourceDirectory C:\Users\syeds\OneDrive\Documents\Desktop\CHUBB\Boot4_FlighBookingWebFluxMongoDB\src\test\resources
2025-11-24 18:33:52,652 [Worker-81: Building] INFO  o.a.m.s.f.DefaultMavenResourcesFiltering - Copying 1 resource from src\main\resources to target\classes
2025-11-24 18:33:52,690 [Worker-81: Building] INFO  o.a.m.s.f.DefaultMavenResourcesFiltering - Copying 0 resource from src\main\resources to target\classes
2025-11-24 18:33:52,697 [Worker-81: Building] INFO  o.a.m.s.f.DefaultMavenResourcesFiltering - skip non existing resourceDirectory C:\Users\syeds\OneDrive\Documents\Desktop\CHUBB\Boot4_FlighBookingWebFluxMongoDB\src\test\resources
2025-11-24 18:41:49,521 [Worker-86: Building] INFO  o.a.m.s.f.DefaultMavenResourcesFiltering - Copying 1 resource from src\main\resources to target\classes
2025-11-24 18:41:49,561 [Worker-86: Building] INFO  o.a.m.s.f.DefaultMavenResourcesFiltering - Copying 0 resource from src\main\resources to target\classes
2025-11-24 18:41:49,565 [Worker-86: Building] INFO  o.a.m.s.f.DefaultMavenResourcesFiltering - skip non existing resourceDirectory C:\Users\syeds\OneDrive\Documents\Desktop\CHUBB\Boot4_FlighBookingWebFluxMongoDB\src\test\resources
2025-11-24 18:42:22,223 [Worker-89: Building] INFO  o.a.m.s.f.DefaultMavenResourcesFiltering - Copying 1 resource from src\main\resources to target\classes
2025-11-24 18:42:22,229 [Worker-89: Building] INFO  o.a.m.s.f.DefaultMavenResourcesFiltering - Copying 0 resource from src\main\resources to target\classes
2025-11-24 18:42:22,232 [Worker-89: Building] INFO  o.a.m.s.f.DefaultMavenResourcesFiltering - skip non existing resourceDirectory C:\Users\syeds\OneDrive\Documents\Desktop\CHUBB\Boot4_FlighBookingWebFluxMongoDB\src\test\resources
2025-11-24 18:44:30,148 [Worker-82: Building] INFO  o.a.m.s.f.DefaultMavenResourcesFiltering - Copying 1 resource from src\main\resources to target\classes
2025-11-24 18:44:30,153 [Worker-82: Building] INFO  o.a.m.s.f.DefaultMavenResourcesFiltering - Copying 0 resource from src\main\resources to target\classes
2025-11-24 18:44:30,156 [Worker-82: Building] INFO  o.a.m.s.f.DefaultMavenResourcesFiltering - skip non existing resourceDirectory C:\Users\syeds\OneDrive\Documents\Desktop\CHUBB\Boot4_FlighBookingWebFluxMongoDB\src\test\resources
2025-11-24 18:46:01,855 [Worker-86: Building] INFO  o.a.m.s.f.DefaultMavenResourcesFiltering - Copying 1 resource from src\main\resources to target\classes
2025-11-24 18:46:01,864 [Worker-86: Building] INFO  o.a.m.s.f.DefaultMavenResourcesFiltering - Copying 0 resource from src\main\resources to target\classes
2025-11-24 18:46:01,880 [Worker-86: Building] INFO  o.a.m.s.f.DefaultMavenResourcesFiltering - skip non existing resourceDirectory C:\Users\syeds\OneDrive\Documents\Desktop\CHUBB\Boot4_FlighBookingWebFluxMongoDB\src\test\resources
2025-11-24 18:46:05,334 [Worker-90: Building] INFO  o.a.m.s.f.DefaultMavenResourcesFiltering - Copying 1 resource from src\main\resources to target\classes
2025-11-24 18:46:05,339 [Worker-90: Building] INFO  o.a.m.s.f.DefaultMavenResourcesFiltering - Copying 0 resource from src\main\resources to target\classes
2025-11-24 18:46:05,341 [Worker-90: Building] INFO  o.a.m.s.f.DefaultMavenResourcesFiltering - skip non existing resourceDirectory C:\Users\syeds\OneDrive\Documents\Desktop\CHUBB\Boot4_FlighBookingWebFluxMongoDB\src\test\resources
2025-11-24 18:47:00,119 [Worker-86: Building] INFO  o.a.m.s.f.DefaultMavenResourcesFiltering - Copying 1 resource from src\main\resources to target\classes
2025-11-24 18:47:00,123 [Worker-86: Building] INFO  o.a.m.s.f.DefaultMavenResourcesFiltering - Copying 0 resource from src\main\resources to target\classes
2025-11-24 18:47:00,127 [Worker-86: Building] INFO  o.a.m.s.f.DefaultMavenResourcesFiltering - skip non existing resourceDirectory C:\Users\syeds\OneDrive\Documents\Desktop\CHUBB\Boot4_FlighBookingWebFluxMongoDB\src\test\resources
2025-11-24 18:47:52,266 [Worker-90: Building] INFO  o.a.m.s.f.DefaultMavenResourcesFiltering - Copying 1 resource from src\main\resources to target\classes
2025-11-24 18:47:52,272 [Worker-90: Building] INFO  o.a.m.s.f.DefaultMavenResourcesFiltering - Copying 0 resource from src\main\resources to target\classes
2025-11-24 18:47:52,277 [Worker-90: Building] INFO  o.a.m.s.f.DefaultMavenResourcesFiltering - skip non existing resourceDirectory C:\Users\syeds\OneDrive\Documents\Desktop\CHUBB\Boot4_FlighBookingWebFluxMongoDB\src\test\resources
2025-11-24 18:48:01,474 [Worker-94: Building] INFO  o.a.m.s.f.DefaultMavenResourcesFiltering - Copying 1 resource from src\main\resources to target\classes
2025-11-24 18:48:01,478 [Worker-94: Building] INFO  o.a.m.s.f.DefaultMavenResourcesFiltering - Copying 0 resource from src\main\resources to target\classes
2025-11-24 18:48:01,481 [Worker-94: Building] INFO  o.a.m.s.f.DefaultMavenResourcesFiltering - skip non existing resourceDirectory C:\Users\syeds\OneDrive\Documents\Desktop\CHUBB\Boot4_FlighBookingWebFluxMongoDB\src\test\resources
2025-11-24 18:48:23,607 [Worker-91: Building] INFO  o.a.m.s.f.DefaultMavenResourcesFiltering - Copying 1 resource from src\main\resources to target\classes
2025-11-24 18:48:23,612 [Worker-91: Building] INFO  o.a.m.s.f.DefaultMavenResourcesFiltering - Copying 0 resource from src\main\resources to target\classes
2025-11-24 18:48:23,614 [Worker-91: Building] INFO  o.a.m.s.f.DefaultMavenResourcesFiltering - skip non existing resourceDirectory C:\Users\syeds\OneDrive\Documents\Desktop\CHUBB\Boot4_FlighBookingWebFluxMongoDB\src\test\resources
2025-11-24 18:48:56,919 [Worker-93: Building] INFO  o.a.m.s.f.DefaultMavenResourcesFiltering - Copying 1 resource from src\main\resources to target\classes
2025-11-24 18:48:56,924 [Worker-93: Building] INFO  o.a.m.s.f.DefaultMavenResourcesFiltering - Copying 0 resource from src\main\resources to target\classes
2025-11-24 18:48:56,927 [Worker-93: Building] INFO  o.a.m.s.f.DefaultMavenResourcesFiltering - skip non existing resourceDirectory C:\Users\syeds\OneDrive\Documents\Desktop\CHUBB\Boot4_FlighBookingWebFluxMongoDB\src\test\resources
2025-11-24 18:49:15,557 [Worker-86: Launching Executing clean in C__Users_syeds_OneDrive_Documents_Desktop_CHUBB_Boot4_FlighBookingWebFluxMongoDB] INFO  o.eclipse.m2e.core.internal.Bundles - getClasspathEntries(Bundle=org.eclipse.m2e.maven.runtime_3.9.900.20240824-1409 [642])
2025-11-24 18:49:15,560 [Worker-86: Launching Executing clean in C__Users_syeds_OneDrive_Documents_Desktop_CHUBB_Boot4_FlighBookingWebFluxMongoDB] INFO  o.eclipse.m2e.core.internal.Bundles - 	Entry: C:\Users\syeds\.p2\pool\plugins\org.eclipse.m2e.maven.runtime_3.9.900.20240824-1409
2025-11-24 18:49:15,561 [Worker-86: Launching Executing clean in C__Users_syeds_OneDrive_Documents_Desktop_CHUBB_Boot4_FlighBookingWebFluxMongoDB] INFO  o.eclipse.m2e.core.internal.Bundles - 	Entry: C:\Users\syeds\.p2\pool\plugins\org.eclipse.m2e.maven.runtime_3.9.900.20240824-1409\jars\aopalliance-1.0.jar
2025-11-24 18:49:15,561 [Worker-86: Launching Executing clean in C__Users_syeds_OneDrive_Documents_Desktop_CHUBB_Boot4_FlighBookingWebFluxMongoDB] INFO  o.eclipse.m2e.core.internal.Bundles - 	Entry: C:\Users\syeds\.p2\pool\plugins\org.eclipse.m2e.maven.runtime_3.9.900.20240824-1409\jars\guice-5.1.0.jar
2025-11-24 18:49:15,561 [Worker-86: Launching Executing clean in C__Users_syeds_OneDrive_Documents_Desktop_CHUBB_Boot4_FlighBookingWebFluxMongoDB] INFO  o.eclipse.m2e.core.internal.Bundles - 	Entry: C:\Users\syeds\.p2\pool\plugins\org.eclipse.m2e.maven.runtime_3.9.900.20240824-1409\jars\httpclient-4.5.14.jar
2025-11-24 18:49:15,561 [Worker-86: Launching Executing clean in C__Users_syeds_OneDrive_Documents_Desktop_CHUBB_Boot4_FlighBookingWebFluxMongoDB] INFO  o.eclipse.m2e.core.internal.Bundles - 	Entry: C:\Users\syeds\.p2\pool\plugins\org.eclipse.m2e.maven.runtime_3.9.900.20240824-1409\jars\httpcore-4.4.16.jar
2025-11-24 18:49:15,562 [Worker-86: Launching Executing clean in C__Users_syeds_OneDrive_Documents_Desktop_CHUBB_Boot4_FlighBookingWebFluxMongoDB] INFO  o.eclipse.m2e.core.internal.Bundles - 	Entry: C:\Users\syeds\.p2\pool\plugins\org.eclipse.m2e.maven.runtime_3.9.900.20240824-1409\jars\jansi-2.4.1.jar
2025-11-24 18:49:15,562 [Worker-86: Launching Executing clean in C__Users_syeds_OneDrive_Documents_Desktop_CHUBB_Boot4_FlighBookingWebFluxMongoDB] INFO  o.eclipse.m2e.core.internal.Bundles - 	Entry: C:\Users\syeds\.p2\pool\plugins\org.eclipse.m2e.maven.runtime_3.9.900.20240824-1409\jars\jcl-over-slf4j-1.7.36.jar
2025-11-24 18:49:15,562 [Worker-86: Launching Executing clean in C__Users_syeds_OneDrive_Documents_Desktop_CHUBB_Boot4_FlighBookingWebFluxMongoDB] INFO  o.eclipse.m2e.core.internal.Bundles - 	Entry: C:\Users\syeds\.p2\pool\plugins\org.eclipse.m2e.maven.runtime_3.9.900.20240824-1409\jars\maven-artifact-3.9.9.jar
2025-11-24 18:49:15,562 [Worker-86: Launching Executing clean in C__Users_syeds_OneDrive_Documents_Desktop_CHUBB_Boot4_FlighBookingWebFluxMongoDB] INFO  o.eclipse.m2e.core.internal.Bundles - 	Entry: C:\Users\syeds\.p2\pool\plugins\org.eclipse.m2e.maven.runtime_3.9.900.20240824-1409\jars\maven-builder-support-3.9.9.jar
2025-11-24 18:49:15,562 [Worker-86: Launching Executing clean in C__Users_syeds_OneDrive_Documents_Desktop_CHUBB_Boot4_FlighBookingWebFluxMongoDB] INFO  o.eclipse.m2e.core.internal.Bundles - 	Entry: C:\Users\syeds\.p2\pool\plugins\org.eclipse.m2e.maven.runtime_3.9.900.20240824-1409\jars\maven-compat-3.9.9.jar
2025-11-24 18:49:15,564 [Worker-86: Launching Executing clean in C__Users_syeds_OneDrive_Documents_Desktop_CHUBB_Boot4_FlighBookingWebFluxMongoDB] INFO  o.eclipse.m2e.core.internal.Bundles - 	Entry: C:\Users\syeds\.p2\pool\plugins\org.eclipse.m2e.maven.runtime_3.9.900.20240824-1409\jars\maven-core-3.9.9.jar
2025-11-24 18:49:15,564 [Worker-86: Launching Executing clean in C__Users_syeds_OneDrive_Documents_Desktop_CHUBB_Boot4_FlighBookingWebFluxMongoDB] INFO  o.eclipse.m2e.core.internal.Bundles - 	Entry: C:\Users\syeds\.p2\pool\plugins\org.eclipse.m2e.maven.runtime_3.9.900.20240824-1409\jars\maven-embedder-3.9.9.jar
2025-11-24 18:49:15,565 [Worker-86: Launching Executing clean in C__Users_syeds_OneDrive_Documents_Desktop_CHUBB_Boot4_FlighBookingWebFluxMongoDB] INFO  o.eclipse.m2e.core.internal.Bundles - 	Entry: C:\Users\syeds\.p2\pool\plugins\org.eclipse.m2e.maven.runtime_3.9.900.20240824-1409\jars\maven-model-3.9.9.jar
2025-11-24 18:49:15,565 [Worker-86: Launching Executing clean in C__Users_syeds_OneDrive_Documents_Desktop_CHUBB_Boot4_FlighBookingWebFluxMongoDB] INFO  o.eclipse.m2e.core.internal.Bundles - 	Entry: C:\Users\syeds\.p2\pool\plugins\org.eclipse.m2e.maven.runtime_3.9.900.20240824-1409\jars\maven-model-builder-3.9.9.jar
2025-11-24 18:49:15,565 [Worker-86: Launching Executing clean in C__Users_syeds_OneDrive_Documents_Desktop_CHUBB_Boot4_FlighBookingWebFluxMongoDB] INFO  o.eclipse.m2e.core.internal.Bundles - 	Entry: C:\Users\syeds\.p2\pool\plugins\org.eclipse.m2e.maven.runtime_3.9.900.20240824-1409\jars\maven-plugin-api-3.9.9.jar
2025-11-24 18:49:15,565 [Worker-86: Launching Executing clean in C__Users_syeds_OneDrive_Documents_Desktop_CHUBB_Boot4_FlighBookingWebFluxMongoDB] INFO  o.eclipse.m2e.core.internal.Bundles - 	Entry: C:\Users\syeds\.p2\pool\plugins\org.eclipse.m2e.maven.runtime_3.9.900.20240824-1409\jars\maven-repository-metadata-3.9.9.jar
2025-11-24 18:49:15,566 [Worker-86: Launching Executing clean in C__Users_syeds_OneDrive_Documents_Desktop_CHUBB_Boot4_FlighBookingWebFluxMongoDB] INFO  o.eclipse.m2e.core.internal.Bundles - 	Entry: C:\Users\syeds\.p2\pool\plugins\org.eclipse.m2e.maven.runtime_3.9.900.20240824-1409\jars\maven-resolver-api-1.9.22.jar
2025-11-24 18:49:15,566 [Worker-86: Launching Executing clean in C__Users_syeds_OneDrive_Documents_Desktop_CHUBB_Boot4_FlighBookingWebFluxMongoDB] INFO  o.eclipse.m2e.core.internal.Bundles - 	Entry: C:\Users\syeds\.p2\pool\plugins\org.eclipse.m2e.maven.runtime_3.9.900.20240824-1409\jars\maven-resolver-connector-basic-1.9.22.jar
2025-11-24 18:49:15,566 [Worker-86: Launching Executing clean in C__Users_syeds_OneDrive_Documents_Desktop_CHUBB_Boot4_FlighBookingWebFluxMongoDB] INFO  o.eclipse.m2e.core.internal.Bundles - 	Entry: C:\Users\syeds\.p2\pool\plugins\org.eclipse.m2e.maven.runtime_3.9.900.20240824-1409\jars\maven-resolver-impl-1.9.22.jar
2025-11-24 18:49:15,566 [Worker-86: Launching Executing clean in C__Users_syeds_OneDrive_Documents_Desktop_CHUBB_Boot4_FlighBookingWebFluxMongoDB] INFO  o.eclipse.m2e.core.internal.Bundles - 	Entry: C:\Users\syeds\.p2\pool\plugins\org.eclipse.m2e.maven.runtime_3.9.900.20240824-1409\jars\maven-resolver-named-locks-1.9.22.jar
2025-11-24 18:49:15,567 [Worker-86: Launching Executing clean in C__Users_syeds_OneDrive_Documents_Desktop_CHUBB_Boot4_FlighBookingWebFluxMongoDB] INFO  o.eclipse.m2e.core.internal.Bundles - 	Entry: C:\Users\syeds\.p2\pool\plugins\org.eclipse.m2e.maven.runtime_3.9.900.20240824-1409\jars\maven-resolver-provider-3.9.9.jar
2025-11-24 18:49:15,567 [Worker-86: Launching Executing clean in C__Users_syeds_OneDrive_Documents_Desktop_CHUBB_Boot4_FlighBookingWebFluxMongoDB] INFO  o.eclipse.m2e.core.internal.Bundles - 	Entry: C:\Users\syeds\.p2\pool\plugins\org.eclipse.m2e.maven.runtime_3.9.900.20240824-1409\jars\maven-resolver-spi-1.9.22.jar
2025-11-24 18:49:15,567 [Worker-86: Launching Executing clean in C__Users_syeds_OneDrive_Documents_Desktop_CHUBB_Boot4_FlighBookingWebFluxMongoDB] INFO  o.eclipse.m2e.core.internal.Bundles - 	Entry: C:\Users\syeds\.p2\pool\plugins\org.eclipse.m2e.maven.runtime_3.9.900.20240824-1409\jars\maven-resolver-transport-file-1.9.22.jar
2025-11-24 18:49:15,567 [Worker-86: Launching Executing clean in C__Users_syeds_OneDrive_Documents_Desktop_CHUBB_Boot4_FlighBookingWebFluxMongoDB] INFO  o.eclipse.m2e.core.internal.Bundles - 	Entry: C:\Users\syeds\.p2\pool\plugins\org.eclipse.m2e.maven.runtime_3.9.900.20240824-1409\jars\maven-resolver-transport-http-1.9.22.jar
2025-11-24 18:49:15,567 [Worker-86: Launching Executing clean in C__Users_syeds_OneDrive_Documents_Desktop_CHUBB_Boot4_FlighBookingWebFluxMongoDB] INFO  o.eclipse.m2e.core.internal.Bundles - 	Entry: C:\Users\syeds\.p2\pool\plugins\org.eclipse.m2e.maven.runtime_3.9.900.20240824-1409\jars\maven-resolver-transport-wagon-1.9.22.jar
2025-11-24 18:49:15,567 [Worker-86: Launching Executing clean in C__Users_syeds_OneDrive_Documents_Desktop_CHUBB_Boot4_FlighBookingWebFluxMongoDB] INFO  o.eclipse.m2e.core.internal.Bundles - 	Entry: C:\Users\syeds\.p2\pool\plugins\org.eclipse.m2e.maven.runtime_3.9.900.20240824-1409\jars\maven-resolver-util-1.9.22.jar
2025-11-24 18:49:15,567 [Worker-86: Launching Executing clean in C__Users_syeds_OneDrive_Documents_Desktop_CHUBB_Boot4_FlighBookingWebFluxMongoDB] INFO  o.eclipse.m2e.core.internal.Bundles - 	Entry: C:\Users\syeds\.p2\pool\plugins\org.eclipse.m2e.maven.runtime_3.9.900.20240824-1409\jars\maven-settings-3.9.9.jar
2025-11-24 18:49:15,567 [Worker-86: Launching Executing clean in C__Users_syeds_OneDrive_Documents_Desktop_CHUBB_Boot4_FlighBookingWebFluxMongoDB] INFO  o.eclipse.m2e.core.internal.Bundles - 	Entry: C:\Users\syeds\.p2\pool\plugins\org.eclipse.m2e.maven.runtime_3.9.900.20240824-1409\jars\maven-settings-builder-3.9.9.jar
2025-11-24 18:49:15,567 [Worker-86: Launching Executing clean in C__Users_syeds_OneDrive_Documents_Desktop_CHUBB_Boot4_FlighBookingWebFluxMongoDB] INFO  o.eclipse.m2e.core.internal.Bundles - 	Entry: C:\Users\syeds\.p2\pool\plugins\org.eclipse.m2e.maven.runtime_3.9.900.20240824-1409\jars\maven-shared-utils-3.4.2.jar
2025-11-24 18:49:15,567 [Worker-86: Launching Executing clean in C__Users_syeds_OneDrive_Documents_Desktop_CHUBB_Boot4_FlighBookingWebFluxMongoDB] INFO  o.eclipse.m2e.core.internal.Bundles - 	Entry: C:\Users\syeds\.p2\pool\plugins\org.eclipse.m2e.maven.runtime_3.9.900.20240824-1409\jars\org.eclipse.sisu.inject-0.9.0.M3.jar
2025-11-24 18:49:15,568 [Worker-86: Launching Executing clean in C__Users_syeds_OneDrive_Documents_Desktop_CHUBB_Boot4_FlighBookingWebFluxMongoDB] INFO  o.eclipse.m2e.core.internal.Bundles - 	Entry: C:\Users\syeds\.p2\pool\plugins\org.eclipse.m2e.maven.runtime_3.9.900.20240824-1409\jars\org.eclipse.sisu.plexus-0.9.0.M3.jar
2025-11-24 18:49:15,568 [Worker-86: Launching Executing clean in C__Users_syeds_OneDrive_Documents_Desktop_CHUBB_Boot4_FlighBookingWebFluxMongoDB] INFO  o.eclipse.m2e.core.internal.Bundles - 	Entry: C:\Users\syeds\.p2\pool\plugins\org.eclipse.m2e.maven.runtime_3.9.900.20240824-1409\jars\plexus-build-api-0.0.7.jar
2025-11-24 18:49:15,568 [Worker-86: Launching Executing clean in C__Users_syeds_OneDrive_Documents_Desktop_CHUBB_Boot4_FlighBookingWebFluxMongoDB] INFO  o.eclipse.m2e.core.internal.Bundles - 	Entry: C:\Users\syeds\.p2\pool\plugins\org.eclipse.m2e.maven.runtime_3.9.900.20240824-1409\jars\plexus-build-api-1.2.0.jar
2025-11-24 18:49:15,568 [Worker-86: Launching Executing clean in C__Users_syeds_OneDrive_Documents_Desktop_CHUBB_Boot4_FlighBookingWebFluxMongoDB] INFO  o.eclipse.m2e.core.internal.Bundles - 	Entry: C:\Users\syeds\.p2\pool\plugins\org.eclipse.m2e.maven.runtime_3.9.900.20240824-1409\jars\plexus-cipher-2.0.jar
2025-11-24 18:49:15,568 [Worker-86: Launching Executing clean in C__Users_syeds_OneDrive_Documents_Desktop_CHUBB_Boot4_FlighBookingWebFluxMongoDB] INFO  o.eclipse.m2e.core.internal.Bundles - 	Entry: C:\Users\syeds\.p2\pool\plugins\org.eclipse.m2e.maven.runtime_3.9.900.20240824-1409\jars\plexus-classworlds-2.8.0.jar
2025-11-24 18:49:15,568 [Worker-86: Launching Executing clean in C__Users_syeds_OneDrive_Documents_Desktop_CHUBB_Boot4_FlighBookingWebFluxMongoDB] INFO  o.eclipse.m2e.core.internal.Bundles - 	Entry: C:\Users\syeds\.p2\pool\plugins\org.eclipse.m2e.maven.runtime_3.9.900.20240824-1409\jars\plexus-component-annotations-2.1.0.jar
2025-11-24 18:49:15,568 [Worker-86: Launching Executing clean in C__Users_syeds_OneDrive_Documents_Desktop_CHUBB_Boot4_FlighBookingWebFluxMongoDB] INFO  o.eclipse.m2e.core.internal.Bundles - 	Entry: C:\Users\syeds\.p2\pool\plugins\org.eclipse.m2e.maven.runtime_3.9.900.20240824-1409\jars\plexus-interpolation-1.27.jar
2025-11-24 18:49:15,568 [Worker-86: Launching Executing clean in C__Users_syeds_OneDrive_Documents_Desktop_CHUBB_Boot4_FlighBookingWebFluxMongoDB] INFO  o.eclipse.m2e.core.internal.Bundles - 	Entry: C:\Users\syeds\.p2\pool\plugins\org.eclipse.m2e.maven.runtime_3.9.900.20240824-1409\jars\plexus-sec-dispatcher-2.0.jar
2025-11-24 18:49:15,568 [Worker-86: Launching Executing clean in C__Users_syeds_OneDrive_Documents_Desktop_CHUBB_Boot4_FlighBookingWebFluxMongoDB] INFO  o.eclipse.m2e.core.internal.Bundles - 	Entry: C:\Users\syeds\.p2\pool\plugins\org.eclipse.m2e.maven.runtime_3.9.900.20240824-1409\jars\plexus-utils-3.5.1.jar
2025-11-24 18:49:15,568 [Worker-86: Launching Executing clean in C__Users_syeds_OneDrive_Documents_Desktop_CHUBB_Boot4_FlighBookingWebFluxMongoDB] INFO  o.eclipse.m2e.core.internal.Bundles - 	Entry: C:\Users\syeds\.p2\pool\plugins\org.eclipse.m2e.maven.runtime_3.9.900.20240824-1409\jars\plexus-xml-3.0.1.jar
2025-11-24 18:49:15,568 [Worker-86: Launching Executing clean in C__Users_syeds_OneDrive_Documents_Desktop_CHUBB_Boot4_FlighBookingWebFluxMongoDB] INFO  o.eclipse.m2e.core.internal.Bundles - 	Entry: C:\Users\syeds\.p2\pool\plugins\org.eclipse.m2e.maven.runtime_3.9.900.20240824-1409\jars\wagon-file-3.5.3.jar
2025-11-24 18:49:15,569 [Worker-86: Launching Executing clean in C__Users_syeds_OneDrive_Documents_Desktop_CHUBB_Boot4_FlighBookingWebFluxMongoDB] INFO  o.eclipse.m2e.core.internal.Bundles - 	Entry: C:\Users\syeds\.p2\pool\plugins\org.eclipse.m2e.maven.runtime_3.9.900.20240824-1409\jars\wagon-http-3.5.3.jar
2025-11-24 18:49:15,569 [Worker-86: Launching Executing clean in C__Users_syeds_OneDrive_Documents_Desktop_CHUBB_Boot4_FlighBookingWebFluxMongoDB] INFO  o.eclipse.m2e.core.internal.Bundles - 	Entry: C:\Users\syeds\.p2\pool\plugins\org.eclipse.m2e.maven.runtime_3.9.900.20240824-1409\jars\wagon-http-shared-3.5.3.jar
2025-11-24 18:49:15,569 [Worker-86: Launching Executing clean in C__Users_syeds_OneDrive_Documents_Desktop_CHUBB_Boot4_FlighBookingWebFluxMongoDB] INFO  o.eclipse.m2e.core.internal.Bundles - 	Entry: C:\Users\syeds\.p2\pool\plugins\org.eclipse.m2e.maven.runtime_3.9.900.20240824-1409\jars\wagon-provider-api-3.5.3.jar
2025-11-24 18:49:15,570 [Worker-86: Launching Executing clean in C__Users_syeds_OneDrive_Documents_Desktop_CHUBB_Boot4_FlighBookingWebFluxMongoDB] INFO  o.eclipse.m2e.core.internal.Bundles - getClasspathEntries(Bundle=com.google.guava_33.4.8.jre [1030])
2025-11-24 18:49:15,571 [Worker-86: Launching Executing clean in C__Users_syeds_OneDrive_Documents_Desktop_CHUBB_Boot4_FlighBookingWebFluxMongoDB] INFO  o.eclipse.m2e.core.internal.Bundles - 	Entry: C:\Users\syeds\.p2\pool\plugins\com.google.guava_33.4.8.jre.jar
2025-11-24 18:49:15,571 [Worker-86: Launching Executing clean in C__Users_syeds_OneDrive_Documents_Desktop_CHUBB_Boot4_FlighBookingWebFluxMongoDB] INFO  o.eclipse.m2e.core.internal.Bundles - getClasspathEntries(Bundle=slf4j.api_2.0.17 [1007])
2025-11-24 18:49:15,573 [Worker-86: Launching Executing clean in C__Users_syeds_OneDrive_Documents_Desktop_CHUBB_Boot4_FlighBookingWebFluxMongoDB] INFO  o.eclipse.m2e.core.internal.Bundles - 	Entry: C:\Users\syeds\.p2\pool\plugins\slf4j.api_2.0.17.jar
2025-11-24 18:49:15,573 [Worker-86: Launching Executing clean in C__Users_syeds_OneDrive_Documents_Desktop_CHUBB_Boot4_FlighBookingWebFluxMongoDB] INFO  o.eclipse.m2e.core.internal.Bundles - getClasspathEntries(Bundle=javax.inject_1.0.0.v20220405-0441 [1123])
2025-11-24 18:49:15,574 [Worker-86: Launching Executing clean in C__Users_syeds_OneDrive_Documents_Desktop_CHUBB_Boot4_FlighBookingWebFluxMongoDB] INFO  o.eclipse.m2e.core.internal.Bundles - 	Entry: C:\Users\syeds\.p2\pool\plugins\javax.inject_1.0.0.v20220405-0441.jar
2025-11-24 18:49:15,574 [Worker-86: Launching Executing clean in C__Users_syeds_OneDrive_Documents_Desktop_CHUBB_Boot4_FlighBookingWebFluxMongoDB] INFO  o.eclipse.m2e.core.internal.Bundles - getClasspathEntries(Bundle=javax.annotation_1.3.5.v20230504-0748 [1122])
2025-11-24 18:49:15,575 [Worker-86: Launching Executing clean in C__Users_syeds_OneDrive_Documents_Desktop_CHUBB_Boot4_FlighBookingWebFluxMongoDB] INFO  o.eclipse.m2e.core.internal.Bundles - 	Entry: C:\Users\syeds\.p2\pool\plugins\javax.annotation_1.3.5.v20230504-0748.jar
2025-11-24 18:49:15,575 [Worker-86: Launching Executing clean in C__Users_syeds_OneDrive_Documents_Desktop_CHUBB_Boot4_FlighBookingWebFluxMongoDB] INFO  o.eclipse.m2e.core.internal.Bundles - getClasspathEntries(Bundle=org.apache.commons.cli_1.9.0 [78])
2025-11-24 18:49:15,576 [Worker-86: Launching Executing clean in C__Users_syeds_OneDrive_Documents_Desktop_CHUBB_Boot4_FlighBookingWebFluxMongoDB] INFO  o.eclipse.m2e.core.internal.Bundles - 	Entry: C:\Users\syeds\.p2\pool\plugins\org.apache.commons.cli_1.9.0.jar
2025-11-24 18:49:15,576 [Worker-86: Launching Executing clean in C__Users_syeds_OneDrive_Documents_Desktop_CHUBB_Boot4_FlighBookingWebFluxMongoDB] INFO  o.eclipse.m2e.core.internal.Bundles - getClasspathEntries(Bundle=org.apache.commons.commons-codec_1.16.0 [81])
2025-11-24 18:49:15,577 [Worker-86: Launching Executing clean in C__Users_syeds_OneDrive_Documents_Desktop_CHUBB_Boot4_FlighBookingWebFluxMongoDB] INFO  o.eclipse.m2e.core.internal.Bundles - 	Entry: C:\Users\syeds\.p2\pool\plugins\org.apache.commons.commons-codec_1.16.0.jar
2025-11-24 18:49:15,577 [Worker-86: Launching Executing clean in C__Users_syeds_OneDrive_Documents_Desktop_CHUBB_Boot4_FlighBookingWebFluxMongoDB] INFO  o.eclipse.m2e.core.internal.Bundles - getClasspathEntries(Bundle=com.google.guava.failureaccess_1.0.3 [1031])
2025-11-24 18:49:15,577 [Worker-86: Launching Executing clean in C__Users_syeds_OneDrive_Documents_Desktop_CHUBB_Boot4_FlighBookingWebFluxMongoDB] INFO  o.eclipse.m2e.core.internal.Bundles - 	Entry: C:\Users\syeds\.p2\pool\plugins\com.google.guava.failureaccess_1.0.3.jar
2025-11-24 18:49:15,583 [Worker-86: Launching Executing clean in C__Users_syeds_OneDrive_Documents_Desktop_CHUBB_Boot4_FlighBookingWebFluxMongoDB] INFO  o.e.m.i.launch.MavenLaunchDelegate - Run build in "C:\Users\syeds\OneDrive\Documents\Desktop\CHUBB\Boot4_FlighBookingWebFluxMongoDB":
2025-11-24 18:49:15,584 [Worker-86: Launching Executing clean in C__Users_syeds_OneDrive_Documents_Desktop_CHUBB_Boot4_FlighBookingWebFluxMongoDB] INFO  o.e.m.i.launch.MavenLaunchDelegate -  mvn  -Ppom.xml -B -Dstyle.color=always clean
2025-11-24 18:49:29,645 [Worker-82: Building] INFO  o.a.m.s.f.DefaultMavenResourcesFiltering - Copying 1 resource from src\main\resources to target\classes
2025-11-24 18:49:29,660 [Worker-82: Building] INFO  o.a.m.s.f.DefaultMavenResourcesFiltering - Copying 0 resource from src\main\resources to target\classes
2025-11-24 18:49:29,665 [Worker-82: Building] INFO  o.a.m.s.f.DefaultMavenResourcesFiltering - skip non existing resourceDirectory C:\Users\syeds\OneDrive\Documents\Desktop\CHUBB\Boot4_FlighBookingWebFluxMongoDB\src\test\resources
2025-11-24 18:49:42,519 [Worker-91: Updating Maven Project] INFO  o.e.m.c.i.p.ProjectConfigurationManager - Update started
2025-11-24 18:49:43,587 [Worker-91: Updating Maven Project] INFO  o.e.m.c.i.l.LifecycleMappingFactory - Using org.eclipse.m2e.jdt.JarLifecycleMapping lifecycle mapping for MavenProject: com.app:Boot4_FlighBookingWebFluxMongoDB:0.0.1-SNAPSHOT @ C:\Users\syeds\OneDrive\Documents\Desktop\CHUBB\Boot4_FlighBookingWebFluxMongoDB\pom.xml.
2025-11-24 18:49:44,786 [Worker-91: Updating Maven Project] INFO  o.e.m.j.i.AbstractJavaProjectConfigurator - Adding source folder /Boot4_FlighBookingWebFluxMongoDB/src/main/java
2025-11-24 18:49:44,793 [Worker-91: Updating Maven Project] INFO  o.e.m.j.i.AbstractJavaProjectConfigurator - Adding resource folder /Boot4_FlighBookingWebFluxMongoDB/src/main/resources
2025-11-24 18:49:44,794 [Worker-91: Updating Maven Project] INFO  o.e.m.j.i.AbstractJavaProjectConfigurator - Adding resource folder /Boot4_FlighBookingWebFluxMongoDB/src/main/resources
2025-11-24 18:49:44,796 [Worker-91: Updating Maven Project] INFO  o.e.m.j.i.AbstractJavaProjectConfigurator - Adding source folder /Boot4_FlighBookingWebFluxMongoDB/src/test/java
2025-11-24 18:49:44,799 [Worker-91: Updating Maven Project] INFO  o.e.m.j.i.AbstractJavaProjectConfigurator - Adding resource folder /Boot4_FlighBookingWebFluxMongoDB/src/test/resources
2025-11-24 18:49:45,668 [Worker-91: Updating Maven Project] INFO  o.e.m.c.i.p.ProjectConfigurationManager - Update completed for 1 poms: local refresh takes 0.00 sec, refresh facades takes 2.00 sec, update config takes 0.00 sec 
2025-11-24 18:49:46,089 [Worker-92: Building] INFO  o.a.m.s.f.DefaultMavenResourcesFiltering - Copying 1 resource from src\main\resources to target\classes
2025-11-24 18:49:46,110 [Worker-92: Building] INFO  o.a.m.s.f.DefaultMavenResourcesFiltering - Copying 0 resource from src\main\resources to target\classes
2025-11-24 18:49:46,114 [Worker-92: Building] INFO  o.a.m.s.f.DefaultMavenResourcesFiltering - skip non existing resourceDirectory C:\Users\syeds\OneDrive\Documents\Desktop\CHUBB\Boot4_FlighBookingWebFluxMongoDB\src\test\resources
2025-11-24 18:50:08,183 [Worker-82: Launching Boot4FlighBookingWebFluxMongoDbApplication] INFO  o.a.m.s.f.DefaultMavenResourcesFiltering - Copying 1 resource from src\main\resources to target\classes
2025-11-24 18:50:08,189 [Worker-82: Launching Boot4FlighBookingWebFluxMongoDbApplication] INFO  o.a.m.s.f.DefaultMavenResourcesFiltering - Copying 0 resource from src\main\resources to target\classes
2025-11-24 18:50:08,194 [Worker-82: Launching Boot4FlighBookingWebFluxMongoDbApplication] INFO  o.a.m.s.f.DefaultMavenResourcesFiltering - skip non existing resourceDirectory C:\Users\syeds\OneDrive\Documents\Desktop\CHUBB\Boot4_FlighBookingWebFluxMongoDB\src\test\resources
2025-11-24 18:51:53,568 [Worker-82: Launching Executing install in C__Users_syeds_OneDrive_Documents_Desktop_CHUBB_Boot4_FlighBookingWebFluxMongoDB] INFO  o.eclipse.m2e.core.internal.Bundles - getClasspathEntries(Bundle=org.eclipse.m2e.maven.runtime_3.9.900.20240824-1409 [642])
2025-11-24 18:51:53,569 [Worker-82: Launching Executing install in C__Users_syeds_OneDrive_Documents_Desktop_CHUBB_Boot4_FlighBookingWebFluxMongoDB] INFO  o.eclipse.m2e.core.internal.Bundles - 	Entry: C:\Users\syeds\.p2\pool\plugins\org.eclipse.m2e.maven.runtime_3.9.900.20240824-1409
2025-11-24 18:51:53,570 [Worker-82: Launching Executing install in C__Users_syeds_OneDrive_Documents_Desktop_CHUBB_Boot4_FlighBookingWebFluxMongoDB] INFO  o.eclipse.m2e.core.internal.Bundles - 	Entry: C:\Users\syeds\.p2\pool\plugins\org.eclipse.m2e.maven.runtime_3.9.900.20240824-1409\jars\aopalliance-1.0.jar
2025-11-24 18:51:53,570 [Worker-82: Launching Executing install in C__Users_syeds_OneDrive_Documents_Desktop_CHUBB_Boot4_FlighBookingWebFluxMongoDB] INFO  o.eclipse.m2e.core.internal.Bundles - 	Entry: C:\Users\syeds\.p2\pool\plugins\org.eclipse.m2e.maven.runtime_3.9.900.20240824-1409\jars\guice-5.1.0.jar
2025-11-24 18:51:53,570 [Worker-82: Launching Executing install in C__Users_syeds_OneDrive_Documents_Desktop_CHUBB_Boot4_FlighBookingWebFluxMongoDB] INFO  o.eclipse.m2e.core.internal.Bundles - 	Entry: C:\Users\syeds\.p2\pool\plugins\org.eclipse.m2e.maven.runtime_3.9.900.20240824-1409\jars\httpclient-4.5.14.jar
2025-11-24 18:51:53,570 [Worker-82: Launching Executing install in C__Users_syeds_OneDrive_Documents_Desktop_CHUBB_Boot4_FlighBookingWebFluxMongoDB] INFO  o.eclipse.m2e.core.internal.Bundles - 	Entry: C:\Users\syeds\.p2\pool\plugins\org.eclipse.m2e.maven.runtime_3.9.900.20240824-1409\jars\httpcore-4.4.16.jar
2025-11-24 18:51:53,570 [Worker-82: Launching Executing install in C__Users_syeds_OneDrive_Documents_Desktop_CHUBB_Boot4_FlighBookingWebFluxMongoDB] INFO  o.eclipse.m2e.core.internal.Bundles - 	Entry: C:\Users\syeds\.p2\pool\plugins\org.eclipse.m2e.maven.runtime_3.9.900.20240824-1409\jars\jansi-2.4.1.jar
2025-11-24 18:51:53,570 [Worker-82: Launching Executing install in C__Users_syeds_OneDrive_Documents_Desktop_CHUBB_Boot4_FlighBookingWebFluxMongoDB] INFO  o.eclipse.m2e.core.internal.Bundles - 	Entry: C:\Users\syeds\.p2\pool\plugins\org.eclipse.m2e.maven.runtime_3.9.900.20240824-1409\jars\jcl-over-slf4j-1.7.36.jar
2025-11-24 18:51:53,570 [Worker-82: Launching Executing install in C__Users_syeds_OneDrive_Documents_Desktop_CHUBB_Boot4_FlighBookingWebFluxMongoDB] INFO  o.eclipse.m2e.core.internal.Bundles - 	Entry: C:\Users\syeds\.p2\pool\plugins\org.eclipse.m2e.maven.runtime_3.9.900.20240824-1409\jars\maven-artifact-3.9.9.jar
2025-11-24 18:51:53,570 [Worker-82: Launching Executing install in C__Users_syeds_OneDrive_Documents_Desktop_CHUBB_Boot4_FlighBookingWebFluxMongoDB] INFO  o.eclipse.m2e.core.internal.Bundles - 	Entry: C:\Users\syeds\.p2\pool\plugins\org.eclipse.m2e.maven.runtime_3.9.900.20240824-1409\jars\maven-builder-support-3.9.9.jar
2025-11-24 18:51:53,571 [Worker-82: Launching Executing install in C__Users_syeds_OneDrive_Documents_Desktop_CHUBB_Boot4_FlighBookingWebFluxMongoDB] INFO  o.eclipse.m2e.core.internal.Bundles - 	Entry: C:\Users\syeds\.p2\pool\plugins\org.eclipse.m2e.maven.runtime_3.9.900.20240824-1409\jars\maven-compat-3.9.9.jar
2025-11-24 18:51:53,571 [Worker-82: Launching Executing install in C__Users_syeds_OneDrive_Documents_Desktop_CHUBB_Boot4_FlighBookingWebFluxMongoDB] INFO  o.eclipse.m2e.core.internal.Bundles - 	Entry: C:\Users\syeds\.p2\pool\plugins\org.eclipse.m2e.maven.runtime_3.9.900.20240824-1409\jars\maven-core-3.9.9.jar
2025-11-24 18:51:53,571 [Worker-82: Launching Executing install in C__Users_syeds_OneDrive_Documents_Desktop_CHUBB_Boot4_FlighBookingWebFluxMongoDB] INFO  o.eclipse.m2e.core.internal.Bundles - 	Entry: C:\Users\syeds\.p2\pool\plugins\org.eclipse.m2e.maven.runtime_3.9.900.20240824-1409\jars\maven-embedder-3.9.9.jar
2025-11-24 18:51:53,571 [Worker-82: Launching Executing install in C__Users_syeds_OneDrive_Documents_Desktop_CHUBB_Boot4_FlighBookingWebFluxMongoDB] INFO  o.eclipse.m2e.core.internal.Bundles - 	Entry: C:\Users\syeds\.p2\pool\plugins\org.eclipse.m2e.maven.runtime_3.9.900.20240824-1409\jars\maven-model-3.9.9.jar
2025-11-24 18:51:53,571 [Worker-82: Launching Executing install in C__Users_syeds_OneDrive_Documents_Desktop_CHUBB_Boot4_FlighBookingWebFluxMongoDB] INFO  o.eclipse.m2e.core.internal.Bundles - 	Entry: C:\Users\syeds\.p2\pool\plugins\org.eclipse.m2e.maven.runtime_3.9.900.20240824-1409\jars\maven-model-builder-3.9.9.jar
2025-11-24 18:51:53,571 [Worker-82: Launching Executing install in C__Users_syeds_OneDrive_Documents_Desktop_CHUBB_Boot4_FlighBookingWebFluxMongoDB] INFO  o.eclipse.m2e.core.internal.Bundles - 	Entry: C:\Users\syeds\.p2\pool\plugins\org.eclipse.m2e.maven.runtime_3.9.900.20240824-1409\jars\maven-plugin-api-3.9.9.jar
2025-11-24 18:51:53,571 [Worker-82: Launching Executing install in C__Users_syeds_OneDrive_Documents_Desktop_CHUBB_Boot4_FlighBookingWebFluxMongoDB] INFO  o.eclipse.m2e.core.internal.Bundles - 	Entry: C:\Users\syeds\.p2\pool\plugins\org.eclipse.m2e.maven.runtime_3.9.900.20240824-1409\jars\maven-repository-metadata-3.9.9.jar
2025-11-24 18:51:53,571 [Worker-82: Launching Executing install in C__Users_syeds_OneDrive_Documents_Desktop_CHUBB_Boot4_FlighBookingWebFluxMongoDB] INFO  o.eclipse.m2e.core.internal.Bundles - 	Entry: C:\Users\syeds\.p2\pool\plugins\org.eclipse.m2e.maven.runtime_3.9.900.20240824-1409\jars\maven-resolver-api-1.9.22.jar
2025-11-24 18:51:53,571 [Worker-82: Launching Executing install in C__Users_syeds_OneDrive_Documents_Desktop_CHUBB_Boot4_FlighBookingWebFluxMongoDB] INFO  o.eclipse.m2e.core.internal.Bundles - 	Entry: C:\Users\syeds\.p2\pool\plugins\org.eclipse.m2e.maven.runtime_3.9.900.20240824-1409\jars\maven-resolver-connector-basic-1.9.22.jar
2025-11-24 18:51:53,572 [Worker-82: Launching Executing install in C__Users_syeds_OneDrive_Documents_Desktop_CHUBB_Boot4_FlighBookingWebFluxMongoDB] INFO  o.eclipse.m2e.core.internal.Bundles - 	Entry: C:\Users\syeds\.p2\pool\plugins\org.eclipse.m2e.maven.runtime_3.9.900.20240824-1409\jars\maven-resolver-impl-1.9.22.jar
2025-11-24 18:51:53,572 [Worker-82: Launching Executing install in C__Users_syeds_OneDrive_Documents_Desktop_CHUBB_Boot4_FlighBookingWebFluxMongoDB] INFO  o.eclipse.m2e.core.internal.Bundles - 	Entry: C:\Users\syeds\.p2\pool\plugins\org.eclipse.m2e.maven.runtime_3.9.900.20240824-1409\jars\maven-resolver-named-locks-1.9.22.jar
2025-11-24 18:51:53,572 [Worker-82: Launching Executing install in C__Users_syeds_OneDrive_Documents_Desktop_CHUBB_Boot4_FlighBookingWebFluxMongoDB] INFO  o.eclipse.m2e.core.internal.Bundles - 	Entry: C:\Users\syeds\.p2\pool\plugins\org.eclipse.m2e.maven.runtime_3.9.900.20240824-1409\jars\maven-resolver-provider-3.9.9.jar
2025-11-24 18:51:53,572 [Worker-82: Launching Executing install in C__Users_syeds_OneDrive_Documents_Desktop_CHUBB_Boot4_FlighBookingWebFluxMongoDB] INFO  o.eclipse.m2e.core.internal.Bundles - 	Entry: C:\Users\syeds\.p2\pool\plugins\org.eclipse.m2e.maven.runtime_3.9.900.20240824-1409\jars\maven-resolver-spi-1.9.22.jar
2025-11-24 18:51:53,572 [Worker-82: Launching Executing install in C__Users_syeds_OneDrive_Documents_Desktop_CHUBB_Boot4_FlighBookingWebFluxMongoDB] INFO  o.eclipse.m2e.core.internal.Bundles - 	Entry: C:\Users\syeds\.p2\pool\plugins\org.eclipse.m2e.maven.runtime_3.9.900.20240824-1409\jars\maven-resolver-transport-file-1.9.22.jar
2025-11-24 18:51:53,572 [Worker-82: Launching Executing install in C__Users_syeds_OneDrive_Documents_Desktop_CHUBB_Boot4_FlighBookingWebFluxMongoDB] INFO  o.eclipse.m2e.core.internal.Bundles - 	Entry: C:\Users\syeds\.p2\pool\plugins\org.eclipse.m2e.maven.runtime_3.9.900.20240824-1409\jars\maven-resolver-transport-http-1.9.22.jar
2025-11-24 18:51:53,572 [Worker-82: Launching Executing install in C__Users_syeds_OneDrive_Documents_Desktop_CHUBB_Boot4_FlighBookingWebFluxMongoDB] INFO  o.eclipse.m2e.core.internal.Bundles - 	Entry: C:\Users\syeds\.p2\pool\plugins\org.eclipse.m2e.maven.runtime_3.9.900.20240824-1409\jars\maven-resolver-transport-wagon-1.9.22.jar
2025-11-24 18:51:53,572 [Worker-82: Launching Executing install in C__Users_syeds_OneDrive_Documents_Desktop_CHUBB_Boot4_FlighBookingWebFluxMongoDB] INFO  o.eclipse.m2e.core.internal.Bundles - 	Entry: C:\Users\syeds\.p2\pool\plugins\org.eclipse.m2e.maven.runtime_3.9.900.20240824-1409\jars\maven-resolver-util-1.9.22.jar
2025-11-24 18:51:53,572 [Worker-82: Launching Executing install in C__Users_syeds_OneDrive_Documents_Desktop_CHUBB_Boot4_FlighBookingWebFluxMongoDB] INFO  o.eclipse.m2e.core.internal.Bundles - 	Entry: C:\Users\syeds\.p2\pool\plugins\org.eclipse.m2e.maven.runtime_3.9.900.20240824-1409\jars\maven-settings-3.9.9.jar
2025-11-24 18:51:53,572 [Worker-82: Launching Executing install in C__Users_syeds_OneDrive_Documents_Desktop_CHUBB_Boot4_FlighBookingWebFluxMongoDB] INFO  o.eclipse.m2e.core.internal.Bundles - 	Entry: C:\Users\syeds\.p2\pool\plugins\org.eclipse.m2e.maven.runtime_3.9.900.20240824-1409\jars\maven-settings-builder-3.9.9.jar
2025-11-24 18:51:53,573 [Worker-82: Launching Executing install in C__Users_syeds_OneDrive_Documents_Desktop_CHUBB_Boot4_FlighBookingWebFluxMongoDB] INFO  o.eclipse.m2e.core.internal.Bundles - 	Entry: C:\Users\syeds\.p2\pool\plugins\org.eclipse.m2e.maven.runtime_3.9.900.20240824-1409\jars\maven-shared-utils-3.4.2.jar
2025-11-24 18:51:53,573 [Worker-82: Launching Executing install in C__Users_syeds_OneDrive_Documents_Desktop_CHUBB_Boot4_FlighBookingWebFluxMongoDB] INFO  o.eclipse.m2e.core.internal.Bundles - 	Entry: C:\Users\syeds\.p2\pool\plugins\org.eclipse.m2e.maven.runtime_3.9.900.20240824-1409\jars\org.eclipse.sisu.inject-0.9.0.M3.jar
2025-11-24 18:51:53,573 [Worker-82: Launching Executing install in C__Users_syeds_OneDrive_Documents_Desktop_CHUBB_Boot4_FlighBookingWebFluxMongoDB] INFO  o.eclipse.m2e.core.internal.Bundles - 	Entry: C:\Users\syeds\.p2\pool\plugins\org.eclipse.m2e.maven.runtime_3.9.900.20240824-1409\jars\org.eclipse.sisu.plexus-0.9.0.M3.jar
2025-11-24 18:51:53,573 [Worker-82: Launching Executing install in C__Users_syeds_OneDrive_Documents_Desktop_CHUBB_Boot4_FlighBookingWebFluxMongoDB] INFO  o.eclipse.m2e.core.internal.Bundles - 	Entry: C:\Users\syeds\.p2\pool\plugins\org.eclipse.m2e.maven.runtime_3.9.900.20240824-1409\jars\plexus-build-api-0.0.7.jar
2025-11-24 18:51:53,573 [Worker-82: Launching Executing install in C__Users_syeds_OneDrive_Documents_Desktop_CHUBB_Boot4_FlighBookingWebFluxMongoDB] INFO  o.eclipse.m2e.core.internal.Bundles - 	Entry: C:\Users\syeds\.p2\pool\plugins\org.eclipse.m2e.maven.runtime_3.9.900.20240824-1409\jars\plexus-build-api-1.2.0.jar
2025-11-24 18:51:53,573 [Worker-82: Launching Executing install in C__Users_syeds_OneDrive_Documents_Desktop_CHUBB_Boot4_FlighBookingWebFluxMongoDB] INFO  o.eclipse.m2e.core.internal.Bundles - 	Entry: C:\Users\syeds\.p2\pool\plugins\org.eclipse.m2e.maven.runtime_3.9.900.20240824-1409\jars\plexus-cipher-2.0.jar
2025-11-24 18:51:53,573 [Worker-82: Launching Executing install in C__Users_syeds_OneDrive_Documents_Desktop_CHUBB_Boot4_FlighBookingWebFluxMongoDB] INFO  o.eclipse.m2e.core.internal.Bundles - 	Entry: C:\Users\syeds\.p2\pool\plugins\org.eclipse.m2e.maven.runtime_3.9.900.20240824-1409\jars\plexus-classworlds-2.8.0.jar
2025-11-24 18:51:53,573 [Worker-82: Launching Executing install in C__Users_syeds_OneDrive_Documents_Desktop_CHUBB_Boot4_FlighBookingWebFluxMongoDB] INFO  o.eclipse.m2e.core.internal.Bundles - 	Entry: C:\Users\syeds\.p2\pool\plugins\org.eclipse.m2e.maven.runtime_3.9.900.20240824-1409\jars\plexus-component-annotations-2.1.0.jar
2025-11-24 18:51:53,573 [Worker-82: Launching Executing install in C__Users_syeds_OneDrive_Documents_Desktop_CHUBB_Boot4_FlighBookingWebFluxMongoDB] INFO  o.eclipse.m2e.core.internal.Bundles - 	Entry: C:\Users\syeds\.p2\pool\plugins\org.eclipse.m2e.maven.runtime_3.9.900.20240824-1409\jars\plexus-interpolation-1.27.jar
2025-11-24 18:51:53,573 [Worker-82: Launching Executing install in C__Users_syeds_OneDrive_Documents_Desktop_CHUBB_Boot4_FlighBookingWebFluxMongoDB] INFO  o.eclipse.m2e.core.internal.Bundles - 	Entry: C:\Users\syeds\.p2\pool\plugins\org.eclipse.m2e.maven.runtime_3.9.900.20240824-1409\jars\plexus-sec-dispatcher-2.0.jar
2025-11-24 18:51:53,574 [Worker-82: Launching Executing install in C__Users_syeds_OneDrive_Documents_Desktop_CHUBB_Boot4_FlighBookingWebFluxMongoDB] INFO  o.eclipse.m2e.core.internal.Bundles - 	Entry: C:\Users\syeds\.p2\pool\plugins\org.eclipse.m2e.maven.runtime_3.9.900.20240824-1409\jars\plexus-utils-3.5.1.jar
2025-11-24 18:51:53,574 [Worker-82: Launching Executing install in C__Users_syeds_OneDrive_Documents_Desktop_CHUBB_Boot4_FlighBookingWebFluxMongoDB] INFO  o.eclipse.m2e.core.internal.Bundles - 	Entry: C:\Users\syeds\.p2\pool\plugins\org.eclipse.m2e.maven.runtime_3.9.900.20240824-1409\jars\plexus-xml-3.0.1.jar
2025-11-24 18:51:53,574 [Worker-82: Launching Executing install in C__Users_syeds_OneDrive_Documents_Desktop_CHUBB_Boot4_FlighBookingWebFluxMongoDB] INFO  o.eclipse.m2e.core.internal.Bundles - 	Entry: C:\Users\syeds\.p2\pool\plugins\org.eclipse.m2e.maven.runtime_3.9.900.20240824-1409\jars\wagon-file-3.5.3.jar
2025-11-24 18:51:53,574 [Worker-82: Launching Executing install in C__Users_syeds_OneDrive_Documents_Desktop_CHUBB_Boot4_FlighBookingWebFluxMongoDB] INFO  o.eclipse.m2e.core.internal.Bundles - 	Entry: C:\Users\syeds\.p2\pool\plugins\org.eclipse.m2e.maven.runtime_3.9.900.20240824-1409\jars\wagon-http-3.5.3.jar
2025-11-24 18:51:53,574 [Worker-82: Launching Executing install in C__Users_syeds_OneDrive_Documents_Desktop_CHUBB_Boot4_FlighBookingWebFluxMongoDB] INFO  o.eclipse.m2e.core.internal.Bundles - 	Entry: C:\Users\syeds\.p2\pool\plugins\org.eclipse.m2e.maven.runtime_3.9.900.20240824-1409\jars\wagon-http-shared-3.5.3.jar
2025-11-24 18:51:53,574 [Worker-82: Launching Executing install in C__Users_syeds_OneDrive_Documents_Desktop_CHUBB_Boot4_FlighBookingWebFluxMongoDB] INFO  o.eclipse.m2e.core.internal.Bundles - 	Entry: C:\Users\syeds\.p2\pool\plugins\org.eclipse.m2e.maven.runtime_3.9.900.20240824-1409\jars\wagon-provider-api-3.5.3.jar
2025-11-24 18:51:53,574 [Worker-82: Launching Executing install in C__Users_syeds_OneDrive_Documents_Desktop_CHUBB_Boot4_FlighBookingWebFluxMongoDB] INFO  o.eclipse.m2e.core.internal.Bundles - getClasspathEntries(Bundle=com.google.guava_33.4.8.jre [1030])
2025-11-24 18:51:53,575 [Worker-82: Launching Executing install in C__Users_syeds_OneDrive_Documents_Desktop_CHUBB_Boot4_FlighBookingWebFluxMongoDB] INFO  o.eclipse.m2e.core.internal.Bundles - 	Entry: C:\Users\syeds\.p2\pool\plugins\com.google.guava_33.4.8.jre.jar
2025-11-24 18:51:53,575 [Worker-82: Launching Executing install in C__Users_syeds_OneDrive_Documents_Desktop_CHUBB_Boot4_FlighBookingWebFluxMongoDB] INFO  o.eclipse.m2e.core.internal.Bundles - getClasspathEntries(Bundle=slf4j.api_2.0.17 [1007])
2025-11-24 18:51:53,575 [Worker-82: Launching Executing install in C__Users_syeds_OneDrive_Documents_Desktop_CHUBB_Boot4_FlighBookingWebFluxMongoDB] INFO  o.eclipse.m2e.core.internal.Bundles - 	Entry: C:\Users\syeds\.p2\pool\plugins\slf4j.api_2.0.17.jar
2025-11-24 18:51:53,575 [Worker-82: Launching Executing install in C__Users_syeds_OneDrive_Documents_Desktop_CHUBB_Boot4_FlighBookingWebFluxMongoDB] INFO  o.eclipse.m2e.core.internal.Bundles - getClasspathEntries(Bundle=javax.inject_1.0.0.v20220405-0441 [1123])
2025-11-24 18:51:53,575 [Worker-82: Launching Executing install in C__Users_syeds_OneDrive_Documents_Desktop_CHUBB_Boot4_FlighBookingWebFluxMongoDB] INFO  o.eclipse.m2e.core.internal.Bundles - 	Entry: C:\Users\syeds\.p2\pool\plugins\javax.inject_1.0.0.v20220405-0441.jar
2025-11-24 18:51:53,575 [Worker-82: Launching Executing install in C__Users_syeds_OneDrive_Documents_Desktop_CHUBB_Boot4_FlighBookingWebFluxMongoDB] INFO  o.eclipse.m2e.core.internal.Bundles - getClasspathEntries(Bundle=javax.annotation_1.3.5.v20230504-0748 [1122])
2025-11-24 18:51:53,576 [Worker-82: Launching Executing install in C__Users_syeds_OneDrive_Documents_Desktop_CHUBB_Boot4_FlighBookingWebFluxMongoDB] INFO  o.eclipse.m2e.core.internal.Bundles - 	Entry: C:\Users\syeds\.p2\pool\plugins\javax.annotation_1.3.5.v20230504-0748.jar
2025-11-24 18:51:53,576 [Worker-82: Launching Executing install in C__Users_syeds_OneDrive_Documents_Desktop_CHUBB_Boot4_FlighBookingWebFluxMongoDB] INFO  o.eclipse.m2e.core.internal.Bundles - getClasspathEntries(Bundle=org.apache.commons.cli_1.9.0 [78])
2025-11-24 18:51:53,576 [Worker-82: Launching Executing install in C__Users_syeds_OneDrive_Documents_Desktop_CHUBB_Boot4_FlighBookingWebFluxMongoDB] INFO  o.eclipse.m2e.core.internal.Bundles - 	Entry: C:\Users\syeds\.p2\pool\plugins\org.apache.commons.cli_1.9.0.jar
2025-11-24 18:51:53,576 [Worker-82: Launching Executing install in C__Users_syeds_OneDrive_Documents_Desktop_CHUBB_Boot4_FlighBookingWebFluxMongoDB] INFO  o.eclipse.m2e.core.internal.Bundles - getClasspathEntries(Bundle=org.apache.commons.commons-codec_1.16.0 [81])
2025-11-24 18:51:53,576 [Worker-82: Launching Executing install in C__Users_syeds_OneDrive_Documents_Desktop_CHUBB_Boot4_FlighBookingWebFluxMongoDB] INFO  o.eclipse.m2e.core.internal.Bundles - 	Entry: C:\Users\syeds\.p2\pool\plugins\org.apache.commons.commons-codec_1.16.0.jar
2025-11-24 18:51:53,576 [Worker-82: Launching Executing install in C__Users_syeds_OneDrive_Documents_Desktop_CHUBB_Boot4_FlighBookingWebFluxMongoDB] INFO  o.eclipse.m2e.core.internal.Bundles - getClasspathEntries(Bundle=com.google.guava.failureaccess_1.0.3 [1031])
2025-11-24 18:51:53,577 [Worker-82: Launching Executing install in C__Users_syeds_OneDrive_Documents_Desktop_CHUBB_Boot4_FlighBookingWebFluxMongoDB] INFO  o.eclipse.m2e.core.internal.Bundles - 	Entry: C:\Users\syeds\.p2\pool\plugins\com.google.guava.failureaccess_1.0.3.jar
2025-11-24 18:51:53,578 [Worker-82: Launching Executing install in C__Users_syeds_OneDrive_Documents_Desktop_CHUBB_Boot4_FlighBookingWebFluxMongoDB] INFO  o.e.m.i.launch.MavenLaunchDelegate - Run build in "C:\Users\syeds\OneDrive\Documents\Desktop\CHUBB\Boot4_FlighBookingWebFluxMongoDB":
2025-11-24 18:51:53,578 [Worker-82: Launching Executing install in C__Users_syeds_OneDrive_Documents_Desktop_CHUBB_Boot4_FlighBookingWebFluxMongoDB] INFO  o.e.m.i.launch.MavenLaunchDelegate -  mvn  -Ppom.xml -B -Dstyle.color=always install
2025-11-24 18:52:39,054 [Worker-94: Building] INFO  o.a.m.s.f.DefaultMavenResourcesFiltering - Copying 1 resource from src\main\resources to target\classes
2025-11-24 18:52:39,067 [Worker-94: Building] INFO  o.a.m.s.f.DefaultMavenResourcesFiltering - Copying 0 resource from src\main\resources to target\classes
2025-11-24 18:52:39,078 [Worker-94: Building] INFO  o.a.m.s.f.DefaultMavenResourcesFiltering - skip non existing resourceDirectory C:\Users\syeds\OneDrive\Documents\Desktop\CHUBB\Boot4_FlighBookingWebFluxMongoDB\src\test\resources
2025-11-24 18:54:17,553 [Worker-97: Building] INFO  o.a.m.s.f.DefaultMavenResourcesFiltering - Copying 1 resource from src\main\resources to target\classes
2025-11-24 18:54:17,562 [Worker-97: Building] INFO  o.a.m.s.f.DefaultMavenResourcesFiltering - Copying 0 resource from src\main\resources to target\classes
2025-11-24 18:54:17,567 [Worker-97: Building] INFO  o.a.m.s.f.DefaultMavenResourcesFiltering - skip non existing resourceDirectory C:\Users\syeds\OneDrive\Documents\Desktop\CHUBB\Boot4_FlighBookingWebFluxMongoDB\src\test\resources
2025-11-24 18:55:01,724 [Worker-94: Building] INFO  o.a.m.s.f.DefaultMavenResourcesFiltering - Copying 1 resource from src\main\resources to target\classes
2025-11-24 18:55:01,751 [Worker-94: Building] INFO  o.a.m.s.f.DefaultMavenResourcesFiltering - Copying 0 resource from src\main\resources to target\classes
2025-11-24 18:55:01,756 [Worker-94: Building] INFO  o.a.m.s.f.DefaultMavenResourcesFiltering - skip non existing resourceDirectory C:\Users\syeds\OneDrive\Documents\Desktop\CHUBB\Boot4_FlighBookingWebFluxMongoDB\src\test\resources
2025-11-24 18:55:16,912 [Worker-86: Building] INFO  o.a.m.s.f.DefaultMavenResourcesFiltering - Copying 1 resource from src\main\resources to target\classes
2025-11-24 18:55:16,921 [Worker-86: Building] INFO  o.a.m.s.f.DefaultMavenResourcesFiltering - Copying 0 resource from src\main\resources to target\classes
2025-11-24 18:55:16,925 [Worker-86: Building] INFO  o.a.m.s.f.DefaultMavenResourcesFiltering - skip non existing resourceDirectory C:\Users\syeds\OneDrive\Documents\Desktop\CHUBB\Boot4_FlighBookingWebFluxMongoDB\src\test\resources
2025-11-24 18:55:37,156 [Worker-62: Launching Executing clean in C__Users_syeds_OneDrive_Documents_Desktop_CHUBB_Boot4_FlighBookingWebFluxMongoDB] INFO  o.eclipse.m2e.core.internal.Bundles - getClasspathEntries(Bundle=org.eclipse.m2e.maven.runtime_3.9.900.20240824-1409 [642])
2025-11-24 18:55:37,157 [Worker-62: Launching Executing clean in C__Users_syeds_OneDrive_Documents_Desktop_CHUBB_Boot4_FlighBookingWebFluxMongoDB] INFO  o.eclipse.m2e.core.internal.Bundles - 	Entry: C:\Users\syeds\.p2\pool\plugins\org.eclipse.m2e.maven.runtime_3.9.900.20240824-1409
2025-11-24 18:55:37,157 [Worker-62: Launching Executing clean in C__Users_syeds_OneDrive_Documents_Desktop_CHUBB_Boot4_FlighBookingWebFluxMongoDB] INFO  o.eclipse.m2e.core.internal.Bundles - 	Entry: C:\Users\syeds\.p2\pool\plugins\org.eclipse.m2e.maven.runtime_3.9.900.20240824-1409\jars\aopalliance-1.0.jar
2025-11-24 18:55:37,157 [Worker-62: Launching Executing clean in C__Users_syeds_OneDrive_Documents_Desktop_CHUBB_Boot4_FlighBookingWebFluxMongoDB] INFO  o.eclipse.m2e.core.internal.Bundles - 	Entry: C:\Users\syeds\.p2\pool\plugins\org.eclipse.m2e.maven.runtime_3.9.900.20240824-1409\jars\guice-5.1.0.jar
2025-11-24 18:55:37,157 [Worker-62: Launching Executing clean in C__Users_syeds_OneDrive_Documents_Desktop_CHUBB_Boot4_FlighBookingWebFluxMongoDB] INFO  o.eclipse.m2e.core.internal.Bundles - 	Entry: C:\Users\syeds\.p2\pool\plugins\org.eclipse.m2e.maven.runtime_3.9.900.20240824-1409\jars\httpclient-4.5.14.jar
2025-11-24 18:55:37,157 [Worker-62: Launching Executing clean in C__Users_syeds_OneDrive_Documents_Desktop_CHUBB_Boot4_FlighBookingWebFluxMongoDB] INFO  o.eclipse.m2e.core.internal.Bundles - 	Entry: C:\Users\syeds\.p2\pool\plugins\org.eclipse.m2e.maven.runtime_3.9.900.20240824-1409\jars\httpcore-4.4.16.jar
2025-11-24 18:55:37,158 [Worker-62: Launching Executing clean in C__Users_syeds_OneDrive_Documents_Desktop_CHUBB_Boot4_FlighBookingWebFluxMongoDB] INFO  o.eclipse.m2e.core.internal.Bundles - 	Entry: C:\Users\syeds\.p2\pool\plugins\org.eclipse.m2e.maven.runtime_3.9.900.20240824-1409\jars\jansi-2.4.1.jar
2025-11-24 18:55:37,158 [Worker-62: Launching Executing clean in C__Users_syeds_OneDrive_Documents_Desktop_CHUBB_Boot4_FlighBookingWebFluxMongoDB] INFO  o.eclipse.m2e.core.internal.Bundles - 	Entry: C:\Users\syeds\.p2\pool\plugins\org.eclipse.m2e.maven.runtime_3.9.900.20240824-1409\jars\jcl-over-slf4j-1.7.36.jar
2025-11-24 18:55:37,158 [Worker-62: Launching Executing clean in C__Users_syeds_OneDrive_Documents_Desktop_CHUBB_Boot4_FlighBookingWebFluxMongoDB] INFO  o.eclipse.m2e.core.internal.Bundles - 	Entry: C:\Users\syeds\.p2\pool\plugins\org.eclipse.m2e.maven.runtime_3.9.900.20240824-1409\jars\maven-artifact-3.9.9.jar
2025-11-24 18:55:37,158 [Worker-62: Launching Executing clean in C__Users_syeds_OneDrive_Documents_Desktop_CHUBB_Boot4_FlighBookingWebFluxMongoDB] INFO  o.eclipse.m2e.core.internal.Bundles - 	Entry: C:\Users\syeds\.p2\pool\plugins\org.eclipse.m2e.maven.runtime_3.9.900.20240824-1409\jars\maven-builder-support-3.9.9.jar
2025-11-24 18:55:37,158 [Worker-62: Launching Executing clean in C__Users_syeds_OneDrive_Documents_Desktop_CHUBB_Boot4_FlighBookingWebFluxMongoDB] INFO  o.eclipse.m2e.core.internal.Bundles - 	Entry: C:\Users\syeds\.p2\pool\plugins\org.eclipse.m2e.maven.runtime_3.9.900.20240824-1409\jars\maven-compat-3.9.9.jar
2025-11-24 18:55:37,158 [Worker-62: Launching Executing clean in C__Users_syeds_OneDrive_Documents_Desktop_CHUBB_Boot4_FlighBookingWebFluxMongoDB] INFO  o.eclipse.m2e.core.internal.Bundles - 	Entry: C:\Users\syeds\.p2\pool\plugins\org.eclipse.m2e.maven.runtime_3.9.900.20240824-1409\jars\maven-core-3.9.9.jar
2025-11-24 18:55:37,158 [Worker-62: Launching Executing clean in C__Users_syeds_OneDrive_Documents_Desktop_CHUBB_Boot4_FlighBookingWebFluxMongoDB] INFO  o.eclipse.m2e.core.internal.Bundles - 	Entry: C:\Users\syeds\.p2\pool\plugins\org.eclipse.m2e.maven.runtime_3.9.900.20240824-1409\jars\maven-embedder-3.9.9.jar
2025-11-24 18:55:37,159 [Worker-62: Launching Executing clean in C__Users_syeds_OneDrive_Documents_Desktop_CHUBB_Boot4_FlighBookingWebFluxMongoDB] INFO  o.eclipse.m2e.core.internal.Bundles - 	Entry: C:\Users\syeds\.p2\pool\plugins\org.eclipse.m2e.maven.runtime_3.9.900.20240824-1409\jars\maven-model-3.9.9.jar
2025-11-24 18:55:37,159 [Worker-62: Launching Executing clean in C__Users_syeds_OneDrive_Documents_Desktop_CHUBB_Boot4_FlighBookingWebFluxMongoDB] INFO  o.eclipse.m2e.core.internal.Bundles - 	Entry: C:\Users\syeds\.p2\pool\plugins\org.eclipse.m2e.maven.runtime_3.9.900.20240824-1409\jars\maven-model-builder-3.9.9.jar
2025-11-24 18:55:37,159 [Worker-62: Launching Executing clean in C__Users_syeds_OneDrive_Documents_Desktop_CHUBB_Boot4_FlighBookingWebFluxMongoDB] INFO  o.eclipse.m2e.core.internal.Bundles - 	Entry: C:\Users\syeds\.p2\pool\plugins\org.eclipse.m2e.maven.runtime_3.9.900.20240824-1409\jars\maven-plugin-api-3.9.9.jar
2025-11-24 18:55:37,159 [Worker-62: Launching Executing clean in C__Users_syeds_OneDrive_Documents_Desktop_CHUBB_Boot4_FlighBookingWebFluxMongoDB] INFO  o.eclipse.m2e.core.internal.Bundles - 	Entry: C:\Users\syeds\.p2\pool\plugins\org.eclipse.m2e.maven.runtime_3.9.900.20240824-1409\jars\maven-repository-metadata-3.9.9.jar
2025-11-24 18:55:37,160 [Worker-62: Launching Executing clean in C__Users_syeds_OneDrive_Documents_Desktop_CHUBB_Boot4_FlighBookingWebFluxMongoDB] INFO  o.eclipse.m2e.core.internal.Bundles - 	Entry: C:\Users\syeds\.p2\pool\plugins\org.eclipse.m2e.maven.runtime_3.9.900.20240824-1409\jars\maven-resolver-api-1.9.22.jar
2025-11-24 18:55:37,160 [Worker-62: Launching Executing clean in C__Users_syeds_OneDrive_Documents_Desktop_CHUBB_Boot4_FlighBookingWebFluxMongoDB] INFO  o.eclipse.m2e.core.internal.Bundles - 	Entry: C:\Users\syeds\.p2\pool\plugins\org.eclipse.m2e.maven.runtime_3.9.900.20240824-1409\jars\maven-resolver-connector-basic-1.9.22.jar
2025-11-24 18:55:37,160 [Worker-62: Launching Executing clean in C__Users_syeds_OneDrive_Documents_Desktop_CHUBB_Boot4_FlighBookingWebFluxMongoDB] INFO  o.eclipse.m2e.core.internal.Bundles - 	Entry: C:\Users\syeds\.p2\pool\plugins\org.eclipse.m2e.maven.runtime_3.9.900.20240824-1409\jars\maven-resolver-impl-1.9.22.jar
2025-11-24 18:55:37,160 [Worker-62: Launching Executing clean in C__Users_syeds_OneDrive_Documents_Desktop_CHUBB_Boot4_FlighBookingWebFluxMongoDB] INFO  o.eclipse.m2e.core.internal.Bundles - 	Entry: C:\Users\syeds\.p2\pool\plugins\org.eclipse.m2e.maven.runtime_3.9.900.20240824-1409\jars\maven-resolver-named-locks-1.9.22.jar
2025-11-24 18:55:37,160 [Worker-62: Launching Executing clean in C__Users_syeds_OneDrive_Documents_Desktop_CHUBB_Boot4_FlighBookingWebFluxMongoDB] INFO  o.eclipse.m2e.core.internal.Bundles - 	Entry: C:\Users\syeds\.p2\pool\plugins\org.eclipse.m2e.maven.runtime_3.9.900.20240824-1409\jars\maven-resolver-provider-3.9.9.jar
2025-11-24 18:55:37,161 [Worker-62: Launching Executing clean in C__Users_syeds_OneDrive_Documents_Desktop_CHUBB_Boot4_FlighBookingWebFluxMongoDB] INFO  o.eclipse.m2e.core.internal.Bundles - 	Entry: C:\Users\syeds\.p2\pool\plugins\org.eclipse.m2e.maven.runtime_3.9.900.20240824-1409\jars\maven-resolver-spi-1.9.22.jar
2025-11-24 18:55:37,161 [Worker-62: Launching Executing clean in C__Users_syeds_OneDrive_Documents_Desktop_CHUBB_Boot4_FlighBookingWebFluxMongoDB] INFO  o.eclipse.m2e.core.internal.Bundles - 	Entry: C:\Users\syeds\.p2\pool\plugins\org.eclipse.m2e.maven.runtime_3.9.900.20240824-1409\jars\maven-resolver-transport-file-1.9.22.jar
2025-11-24 18:55:37,161 [Worker-62: Launching Executing clean in C__Users_syeds_OneDrive_Documents_Desktop_CHUBB_Boot4_FlighBookingWebFluxMongoDB] INFO  o.eclipse.m2e.core.internal.Bundles - 	Entry: C:\Users\syeds\.p2\pool\plugins\org.eclipse.m2e.maven.runtime_3.9.900.20240824-1409\jars\maven-resolver-transport-http-1.9.22.jar
2025-11-24 18:55:37,161 [Worker-62: Launching Executing clean in C__Users_syeds_OneDrive_Documents_Desktop_CHUBB_Boot4_FlighBookingWebFluxMongoDB] INFO  o.eclipse.m2e.core.internal.Bundles - 	Entry: C:\Users\syeds\.p2\pool\plugins\org.eclipse.m2e.maven.runtime_3.9.900.20240824-1409\jars\maven-resolver-transport-wagon-1.9.22.jar
2025-11-24 18:55:37,161 [Worker-62: Launching Executing clean in C__Users_syeds_OneDrive_Documents_Desktop_CHUBB_Boot4_FlighBookingWebFluxMongoDB] INFO  o.eclipse.m2e.core.internal.Bundles - 	Entry: C:\Users\syeds\.p2\pool\plugins\org.eclipse.m2e.maven.runtime_3.9.900.20240824-1409\jars\maven-resolver-util-1.9.22.jar
2025-11-24 18:55:37,162 [Worker-62: Launching Executing clean in C__Users_syeds_OneDrive_Documents_Desktop_CHUBB_Boot4_FlighBookingWebFluxMongoDB] INFO  o.eclipse.m2e.core.internal.Bundles - 	Entry: C:\Users\syeds\.p2\pool\plugins\org.eclipse.m2e.maven.runtime_3.9.900.20240824-1409\jars\maven-settings-3.9.9.jar
2025-11-24 18:55:37,162 [Worker-62: Launching Executing clean in C__Users_syeds_OneDrive_Documents_Desktop_CHUBB_Boot4_FlighBookingWebFluxMongoDB] INFO  o.eclipse.m2e.core.internal.Bundles - 	Entry: C:\Users\syeds\.p2\pool\plugins\org.eclipse.m2e.maven.runtime_3.9.900.20240824-1409\jars\maven-settings-builder-3.9.9.jar
2025-11-24 18:55:37,162 [Worker-62: Launching Executing clean in C__Users_syeds_OneDrive_Documents_Desktop_CHUBB_Boot4_FlighBookingWebFluxMongoDB] INFO  o.eclipse.m2e.core.internal.Bundles - 	Entry: C:\Users\syeds\.p2\pool\plugins\org.eclipse.m2e.maven.runtime_3.9.900.20240824-1409\jars\maven-shared-utils-3.4.2.jar
2025-11-24 18:55:37,162 [Worker-62: Launching Executing clean in C__Users_syeds_OneDrive_Documents_Desktop_CHUBB_Boot4_FlighBookingWebFluxMongoDB] INFO  o.eclipse.m2e.core.internal.Bundles - 	Entry: C:\Users\syeds\.p2\pool\plugins\org.eclipse.m2e.maven.runtime_3.9.900.20240824-1409\jars\org.eclipse.sisu.inject-0.9.0.M3.jar
2025-11-24 18:55:37,162 [Worker-62: Launching Executing clean in C__Users_syeds_OneDrive_Documents_Desktop_CHUBB_Boot4_FlighBookingWebFluxMongoDB] INFO  o.eclipse.m2e.core.internal.Bundles - 	Entry: C:\Users\syeds\.p2\pool\plugins\org.eclipse.m2e.maven.runtime_3.9.900.20240824-1409\jars\org.eclipse.sisu.plexus-0.9.0.M3.jar
2025-11-24 18:55:37,162 [Worker-62: Launching Executing clean in C__Users_syeds_OneDrive_Documents_Desktop_CHUBB_Boot4_FlighBookingWebFluxMongoDB] INFO  o.eclipse.m2e.core.internal.Bundles - 	Entry: C:\Users\syeds\.p2\pool\plugins\org.eclipse.m2e.maven.runtime_3.9.900.20240824-1409\jars\plexus-build-api-0.0.7.jar
2025-11-24 18:55:37,163 [Worker-62: Launching Executing clean in C__Users_syeds_OneDrive_Documents_Desktop_CHUBB_Boot4_FlighBookingWebFluxMongoDB] INFO  o.eclipse.m2e.core.internal.Bundles - 	Entry: C:\Users\syeds\.p2\pool\plugins\org.eclipse.m2e.maven.runtime_3.9.900.20240824-1409\jars\plexus-build-api-1.2.0.jar
2025-11-24 18:55:37,163 [Worker-62: Launching Executing clean in C__Users_syeds_OneDrive_Documents_Desktop_CHUBB_Boot4_FlighBookingWebFluxMongoDB] INFO  o.eclipse.m2e.core.internal.Bundles - 	Entry: C:\Users\syeds\.p2\pool\plugins\org.eclipse.m2e.maven.runtime_3.9.900.20240824-1409\jars\plexus-cipher-2.0.jar
2025-11-24 18:55:37,163 [Worker-62: Launching Executing clean in C__Users_syeds_OneDrive_Documents_Desktop_CHUBB_Boot4_FlighBookingWebFluxMongoDB] INFO  o.eclipse.m2e.core.internal.Bundles - 	Entry: C:\Users\syeds\.p2\pool\plugins\org.eclipse.m2e.maven.runtime_3.9.900.20240824-1409\jars\plexus-classworlds-2.8.0.jar
2025-11-24 18:55:37,163 [Worker-62: Launching Executing clean in C__Users_syeds_OneDrive_Documents_Desktop_CHUBB_Boot4_FlighBookingWebFluxMongoDB] INFO  o.eclipse.m2e.core.internal.Bundles - 	Entry: C:\Users\syeds\.p2\pool\plugins\org.eclipse.m2e.maven.runtime_3.9.900.20240824-1409\jars\plexus-component-annotations-2.1.0.jar
2025-11-24 18:55:37,163 [Worker-62: Launching Executing clean in C__Users_syeds_OneDrive_Documents_Desktop_CHUBB_Boot4_FlighBookingWebFluxMongoDB] INFO  o.eclipse.m2e.core.internal.Bundles - 	Entry: C:\Users\syeds\.p2\pool\plugins\org.eclipse.m2e.maven.runtime_3.9.900.20240824-1409\jars\plexus-interpolation-1.27.jar
2025-11-24 18:55:37,163 [Worker-62: Launching Executing clean in C__Users_syeds_OneDrive_Documents_Desktop_CHUBB_Boot4_FlighBookingWebFluxMongoDB] INFO  o.eclipse.m2e.core.internal.Bundles - 	Entry: C:\Users\syeds\.p2\pool\plugins\org.eclipse.m2e.maven.runtime_3.9.900.20240824-1409\jars\plexus-sec-dispatcher-2.0.jar
2025-11-24 18:55:37,163 [Worker-62: Launching Executing clean in C__Users_syeds_OneDrive_Documents_Desktop_CHUBB_Boot4_FlighBookingWebFluxMongoDB] INFO  o.eclipse.m2e.core.internal.Bundles - 	Entry: C:\Users\syeds\.p2\pool\plugins\org.eclipse.m2e.maven.runtime_3.9.900.20240824-1409\jars\plexus-utils-3.5.1.jar
2025-11-24 18:55:37,163 [Worker-62: Launching Executing clean in C__Users_syeds_OneDrive_Documents_Desktop_CHUBB_Boot4_FlighBookingWebFluxMongoDB] INFO  o.eclipse.m2e.core.internal.Bundles - 	Entry: C:\Users\syeds\.p2\pool\plugins\org.eclipse.m2e.maven.runtime_3.9.900.20240824-1409\jars\plexus-xml-3.0.1.jar
2025-11-24 18:55:37,164 [Worker-62: Launching Executing clean in C__Users_syeds_OneDrive_Documents_Desktop_CHUBB_Boot4_FlighBookingWebFluxMongoDB] INFO  o.eclipse.m2e.core.internal.Bundles - 	Entry: C:\Users\syeds\.p2\pool\plugins\org.eclipse.m2e.maven.runtime_3.9.900.20240824-1409\jars\wagon-file-3.5.3.jar
2025-11-24 18:55:37,164 [Worker-62: Launching Executing clean in C__Users_syeds_OneDrive_Documents_Desktop_CHUBB_Boot4_FlighBookingWebFluxMongoDB] INFO  o.eclipse.m2e.core.internal.Bundles - 	Entry: C:\Users\syeds\.p2\pool\plugins\org.eclipse.m2e.maven.runtime_3.9.900.20240824-1409\jars\wagon-http-3.5.3.jar
2025-11-24 18:55:37,164 [Worker-62: Launching Executing clean in C__Users_syeds_OneDrive_Documents_Desktop_CHUBB_Boot4_FlighBookingWebFluxMongoDB] INFO  o.eclipse.m2e.core.internal.Bundles - 	Entry: C:\Users\syeds\.p2\pool\plugins\org.eclipse.m2e.maven.runtime_3.9.900.20240824-1409\jars\wagon-http-shared-3.5.3.jar
2025-11-24 18:55:37,164 [Worker-62: Launching Executing clean in C__Users_syeds_OneDrive_Documents_Desktop_CHUBB_Boot4_FlighBookingWebFluxMongoDB] INFO  o.eclipse.m2e.core.internal.Bundles - 	Entry: C:\Users\syeds\.p2\pool\plugins\org.eclipse.m2e.maven.runtime_3.9.900.20240824-1409\jars\wagon-provider-api-3.5.3.jar
2025-11-24 18:55:37,164 [Worker-62: Launching Executing clean in C__Users_syeds_OneDrive_Documents_Desktop_CHUBB_Boot4_FlighBookingWebFluxMongoDB] INFO  o.eclipse.m2e.core.internal.Bundles - getClasspathEntries(Bundle=com.google.guava_33.4.8.jre [1030])
2025-11-24 18:55:37,164 [Worker-62: Launching Executing clean in C__Users_syeds_OneDrive_Documents_Desktop_CHUBB_Boot4_FlighBookingWebFluxMongoDB] INFO  o.eclipse.m2e.core.internal.Bundles - 	Entry: C:\Users\syeds\.p2\pool\plugins\com.google.guava_33.4.8.jre.jar
2025-11-24 18:55:37,164 [Worker-62: Launching Executing clean in C__Users_syeds_OneDrive_Documents_Desktop_CHUBB_Boot4_FlighBookingWebFluxMongoDB] INFO  o.eclipse.m2e.core.internal.Bundles - getClasspathEntries(Bundle=slf4j.api_2.0.17 [1007])
2025-11-24 18:55:37,165 [Worker-62: Launching Executing clean in C__Users_syeds_OneDrive_Documents_Desktop_CHUBB_Boot4_FlighBookingWebFluxMongoDB] INFO  o.eclipse.m2e.core.internal.Bundles - 	Entry: C:\Users\syeds\.p2\pool\plugins\slf4j.api_2.0.17.jar
2025-11-24 18:55:37,165 [Worker-62: Launching Executing clean in C__Users_syeds_OneDrive_Documents_Desktop_CHUBB_Boot4_FlighBookingWebFluxMongoDB] INFO  o.eclipse.m2e.core.internal.Bundles - getClasspathEntries(Bundle=javax.inject_1.0.0.v20220405-0441 [1123])
2025-11-24 18:55:37,165 [Worker-62: Launching Executing clean in C__Users_syeds_OneDrive_Documents_Desktop_CHUBB_Boot4_FlighBookingWebFluxMongoDB] INFO  o.eclipse.m2e.core.internal.Bundles - 	Entry: C:\Users\syeds\.p2\pool\plugins\javax.inject_1.0.0.v20220405-0441.jar
2025-11-24 18:55:37,165 [Worker-62: Launching Executing clean in C__Users_syeds_OneDrive_Documents_Desktop_CHUBB_Boot4_FlighBookingWebFluxMongoDB] INFO  o.eclipse.m2e.core.internal.Bundles - getClasspathEntries(Bundle=javax.annotation_1.3.5.v20230504-0748 [1122])
2025-11-24 18:55:37,165 [Worker-62: Launching Executing clean in C__Users_syeds_OneDrive_Documents_Desktop_CHUBB_Boot4_FlighBookingWebFluxMongoDB] INFO  o.eclipse.m2e.core.internal.Bundles - 	Entry: C:\Users\syeds\.p2\pool\plugins\javax.annotation_1.3.5.v20230504-0748.jar
2025-11-24 18:55:37,165 [Worker-62: Launching Executing clean in C__Users_syeds_OneDrive_Documents_Desktop_CHUBB_Boot4_FlighBookingWebFluxMongoDB] INFO  o.eclipse.m2e.core.internal.Bundles - getClasspathEntries(Bundle=org.apache.commons.cli_1.9.0 [78])
2025-11-24 18:55:37,165 [Worker-62: Launching Executing clean in C__Users_syeds_OneDrive_Documents_Desktop_CHUBB_Boot4_FlighBookingWebFluxMongoDB] INFO  o.eclipse.m2e.core.internal.Bundles - 	Entry: C:\Users\syeds\.p2\pool\plugins\org.apache.commons.cli_1.9.0.jar
2025-11-24 18:55:37,165 [Worker-62: Launching Executing clean in C__Users_syeds_OneDrive_Documents_Desktop_CHUBB_Boot4_FlighBookingWebFluxMongoDB] INFO  o.eclipse.m2e.core.internal.Bundles - getClasspathEntries(Bundle=org.apache.commons.commons-codec_1.16.0 [81])
2025-11-24 18:55:37,165 [Worker-62: Launching Executing clean in C__Users_syeds_OneDrive_Documents_Desktop_CHUBB_Boot4_FlighBookingWebFluxMongoDB] INFO  o.eclipse.m2e.core.internal.Bundles - 	Entry: C:\Users\syeds\.p2\pool\plugins\org.apache.commons.commons-codec_1.16.0.jar
2025-11-24 18:55:37,165 [Worker-62: Launching Executing clean in C__Users_syeds_OneDrive_Documents_Desktop_CHUBB_Boot4_FlighBookingWebFluxMongoDB] INFO  o.eclipse.m2e.core.internal.Bundles - getClasspathEntries(Bundle=com.google.guava.failureaccess_1.0.3 [1031])
2025-11-24 18:55:37,165 [Worker-62: Launching Executing clean in C__Users_syeds_OneDrive_Documents_Desktop_CHUBB_Boot4_FlighBookingWebFluxMongoDB] INFO  o.eclipse.m2e.core.internal.Bundles - 	Entry: C:\Users\syeds\.p2\pool\plugins\com.google.guava.failureaccess_1.0.3.jar
2025-11-24 18:55:37,169 [Worker-62: Launching Executing clean in C__Users_syeds_OneDrive_Documents_Desktop_CHUBB_Boot4_FlighBookingWebFluxMongoDB] INFO  o.e.m.i.launch.MavenLaunchDelegate - Run build in "C:\Users\syeds\OneDrive\Documents\Desktop\CHUBB\Boot4_FlighBookingWebFluxMongoDB":
2025-11-24 18:55:37,169 [Worker-62: Launching Executing clean in C__Users_syeds_OneDrive_Documents_Desktop_CHUBB_Boot4_FlighBookingWebFluxMongoDB] INFO  o.e.m.i.launch.MavenLaunchDelegate -  mvn  -Ppom.xml -B -Dstyle.color=always clean
2025-11-24 18:55:43,457 [Worker-100: Building] INFO  o.a.m.s.f.DefaultMavenResourcesFiltering - Copying 1 resource from src\main\resources to target\classes
2025-11-24 18:55:43,459 [Worker-100: Building] INFO  o.a.m.s.f.DefaultMavenResourcesFiltering - Copying 0 resource from src\main\resources to target\classes
2025-11-24 18:55:43,462 [Worker-100: Building] INFO  o.a.m.s.f.DefaultMavenResourcesFiltering - skip non existing resourceDirectory C:\Users\syeds\OneDrive\Documents\Desktop\CHUBB\Boot4_FlighBookingWebFluxMongoDB\src\test\resources
2025-11-24 18:59:27,382 [Worker-100: Launching Executing clean in C__Users_syeds_OneDrive_Documents_Desktop_CHUBB_Boot4_FlighBookingWebFluxMongoDB] INFO  o.eclipse.m2e.core.internal.Bundles - getClasspathEntries(Bundle=org.eclipse.m2e.maven.runtime_3.9.900.20240824-1409 [642])
2025-11-24 18:59:27,382 [Worker-100: Launching Executing clean in C__Users_syeds_OneDrive_Documents_Desktop_CHUBB_Boot4_FlighBookingWebFluxMongoDB] INFO  o.eclipse.m2e.core.internal.Bundles - 	Entry: C:\Users\syeds\.p2\pool\plugins\org.eclipse.m2e.maven.runtime_3.9.900.20240824-1409
2025-11-24 18:59:27,382 [Worker-100: Launching Executing clean in C__Users_syeds_OneDrive_Documents_Desktop_CHUBB_Boot4_FlighBookingWebFluxMongoDB] INFO  o.eclipse.m2e.core.internal.Bundles - 	Entry: C:\Users\syeds\.p2\pool\plugins\org.eclipse.m2e.maven.runtime_3.9.900.20240824-1409\jars\aopalliance-1.0.jar
2025-11-24 18:59:27,383 [Worker-100: Launching Executing clean in C__Users_syeds_OneDrive_Documents_Desktop_CHUBB_Boot4_FlighBookingWebFluxMongoDB] INFO  o.eclipse.m2e.core.internal.Bundles - 	Entry: C:\Users\syeds\.p2\pool\plugins\org.eclipse.m2e.maven.runtime_3.9.900.20240824-1409\jars\guice-5.1.0.jar
2025-11-24 18:59:27,383 [Worker-100: Launching Executing clean in C__Users_syeds_OneDrive_Documents_Desktop_CHUBB_Boot4_FlighBookingWebFluxMongoDB] INFO  o.eclipse.m2e.core.internal.Bundles - 	Entry: C:\Users\syeds\.p2\pool\plugins\org.eclipse.m2e.maven.runtime_3.9.900.20240824-1409\jars\httpclient-4.5.14.jar
2025-11-24 18:59:27,383 [Worker-100: Launching Executing clean in C__Users_syeds_OneDrive_Documents_Desktop_CHUBB_Boot4_FlighBookingWebFluxMongoDB] INFO  o.eclipse.m2e.core.internal.Bundles - 	Entry: C:\Users\syeds\.p2\pool\plugins\org.eclipse.m2e.maven.runtime_3.9.900.20240824-1409\jars\httpcore-4.4.16.jar
2025-11-24 18:59:27,383 [Worker-100: Launching Executing clean in C__Users_syeds_OneDrive_Documents_Desktop_CHUBB_Boot4_FlighBookingWebFluxMongoDB] INFO  o.eclipse.m2e.core.internal.Bundles - 	Entry: C:\Users\syeds\.p2\pool\plugins\org.eclipse.m2e.maven.runtime_3.9.900.20240824-1409\jars\jansi-2.4.1.jar
2025-11-24 18:59:27,383 [Worker-100: Launching Executing clean in C__Users_syeds_OneDrive_Documents_Desktop_CHUBB_Boot4_FlighBookingWebFluxMongoDB] INFO  o.eclipse.m2e.core.internal.Bundles - 	Entry: C:\Users\syeds\.p2\pool\plugins\org.eclipse.m2e.maven.runtime_3.9.900.20240824-1409\jars\jcl-over-slf4j-1.7.36.jar
2025-11-24 18:59:27,383 [Worker-100: Launching Executing clean in C__Users_syeds_OneDrive_Documents_Desktop_CHUBB_Boot4_FlighBookingWebFluxMongoDB] INFO  o.eclipse.m2e.core.internal.Bundles - 	Entry: C:\Users\syeds\.p2\pool\plugins\org.eclipse.m2e.maven.runtime_3.9.900.20240824-1409\jars\maven-artifact-3.9.9.jar
2025-11-24 18:59:27,383 [Worker-100: Launching Executing clean in C__Users_syeds_OneDrive_Documents_Desktop_CHUBB_Boot4_FlighBookingWebFluxMongoDB] INFO  o.eclipse.m2e.core.internal.Bundles - 	Entry: C:\Users\syeds\.p2\pool\plugins\org.eclipse.m2e.maven.runtime_3.9.900.20240824-1409\jars\maven-builder-support-3.9.9.jar
2025-11-24 18:59:27,383 [Worker-100: Launching Executing clean in C__Users_syeds_OneDrive_Documents_Desktop_CHUBB_Boot4_FlighBookingWebFluxMongoDB] INFO  o.eclipse.m2e.core.internal.Bundles - 	Entry: C:\Users\syeds\.p2\pool\plugins\org.eclipse.m2e.maven.runtime_3.9.900.20240824-1409\jars\maven-compat-3.9.9.jar
2025-11-24 18:59:27,383 [Worker-100: Launching Executing clean in C__Users_syeds_OneDrive_Documents_Desktop_CHUBB_Boot4_FlighBookingWebFluxMongoDB] INFO  o.eclipse.m2e.core.internal.Bundles - 	Entry: C:\Users\syeds\.p2\pool\plugins\org.eclipse.m2e.maven.runtime_3.9.900.20240824-1409\jars\maven-core-3.9.9.jar
2025-11-24 18:59:27,383 [Worker-100: Launching Executing clean in C__Users_syeds_OneDrive_Documents_Desktop_CHUBB_Boot4_FlighBookingWebFluxMongoDB] INFO  o.eclipse.m2e.core.internal.Bundles - 	Entry: C:\Users\syeds\.p2\pool\plugins\org.eclipse.m2e.maven.runtime_3.9.900.20240824-1409\jars\maven-embedder-3.9.9.jar
2025-11-24 18:59:27,384 [Worker-100: Launching Executing clean in C__Users_syeds_OneDrive_Documents_Desktop_CHUBB_Boot4_FlighBookingWebFluxMongoDB] INFO  o.eclipse.m2e.core.internal.Bundles - 	Entry: C:\Users\syeds\.p2\pool\plugins\org.eclipse.m2e.maven.runtime_3.9.900.20240824-1409\jars\maven-model-3.9.9.jar
2025-11-24 18:59:27,384 [Worker-100: Launching Executing clean in C__Users_syeds_OneDrive_Documents_Desktop_CHUBB_Boot4_FlighBookingWebFluxMongoDB] INFO  o.eclipse.m2e.core.internal.Bundles - 	Entry: C:\Users\syeds\.p2\pool\plugins\org.eclipse.m2e.maven.runtime_3.9.900.20240824-1409\jars\maven-model-builder-3.9.9.jar
2025-11-24 18:59:27,384 [Worker-100: Launching Executing clean in C__Users_syeds_OneDrive_Documents_Desktop_CHUBB_Boot4_FlighBookingWebFluxMongoDB] INFO  o.eclipse.m2e.core.internal.Bundles - 	Entry: C:\Users\syeds\.p2\pool\plugins\org.eclipse.m2e.maven.runtime_3.9.900.20240824-1409\jars\maven-plugin-api-3.9.9.jar
2025-11-24 18:59:27,384 [Worker-100: Launching Executing clean in C__Users_syeds_OneDrive_Documents_Desktop_CHUBB_Boot4_FlighBookingWebFluxMongoDB] INFO  o.eclipse.m2e.core.internal.Bundles - 	Entry: C:\Users\syeds\.p2\pool\plugins\org.eclipse.m2e.maven.runtime_3.9.900.20240824-1409\jars\maven-repository-metadata-3.9.9.jar
2025-11-24 18:59:27,384 [Worker-100: Launching Executing clean in C__Users_syeds_OneDrive_Documents_Desktop_CHUBB_Boot4_FlighBookingWebFluxMongoDB] INFO  o.eclipse.m2e.core.internal.Bundles - 	Entry: C:\Users\syeds\.p2\pool\plugins\org.eclipse.m2e.maven.runtime_3.9.900.20240824-1409\jars\maven-resolver-api-1.9.22.jar
2025-11-24 18:59:27,384 [Worker-100: Launching Executing clean in C__Users_syeds_OneDrive_Documents_Desktop_CHUBB_Boot4_FlighBookingWebFluxMongoDB] INFO  o.eclipse.m2e.core.internal.Bundles - 	Entry: C:\Users\syeds\.p2\pool\plugins\org.eclipse.m2e.maven.runtime_3.9.900.20240824-1409\jars\maven-resolver-connector-basic-1.9.22.jar
2025-11-24 18:59:27,384 [Worker-100: Launching Executing clean in C__Users_syeds_OneDrive_Documents_Desktop_CHUBB_Boot4_FlighBookingWebFluxMongoDB] INFO  o.eclipse.m2e.core.internal.Bundles - 	Entry: C:\Users\syeds\.p2\pool\plugins\org.eclipse.m2e.maven.runtime_3.9.900.20240824-1409\jars\maven-resolver-impl-1.9.22.jar
2025-11-24 18:59:27,384 [Worker-100: Launching Executing clean in C__Users_syeds_OneDrive_Documents_Desktop_CHUBB_Boot4_FlighBookingWebFluxMongoDB] INFO  o.eclipse.m2e.core.internal.Bundles - 	Entry: C:\Users\syeds\.p2\pool\plugins\org.eclipse.m2e.maven.runtime_3.9.900.20240824-1409\jars\maven-resolver-named-locks-1.9.22.jar
2025-11-24 18:59:27,384 [Worker-100: Launching Executing clean in C__Users_syeds_OneDrive_Documents_Desktop_CHUBB_Boot4_FlighBookingWebFluxMongoDB] INFO  o.eclipse.m2e.core.internal.Bundles - 	Entry: C:\Users\syeds\.p2\pool\plugins\org.eclipse.m2e.maven.runtime_3.9.900.20240824-1409\jars\maven-resolver-provider-3.9.9.jar
2025-11-24 18:59:27,384 [Worker-100: Launching Executing clean in C__Users_syeds_OneDrive_Documents_Desktop_CHUBB_Boot4_FlighBookingWebFluxMongoDB] INFO  o.eclipse.m2e.core.internal.Bundles - 	Entry: C:\Users\syeds\.p2\pool\plugins\org.eclipse.m2e.maven.runtime_3.9.900.20240824-1409\jars\maven-resolver-spi-1.9.22.jar
2025-11-24 18:59:27,384 [Worker-100: Launching Executing clean in C__Users_syeds_OneDrive_Documents_Desktop_CHUBB_Boot4_FlighBookingWebFluxMongoDB] INFO  o.eclipse.m2e.core.internal.Bundles - 	Entry: C:\Users\syeds\.p2\pool\plugins\org.eclipse.m2e.maven.runtime_3.9.900.20240824-1409\jars\maven-resolver-transport-file-1.9.22.jar
2025-11-24 18:59:27,384 [Worker-100: Launching Executing clean in C__Users_syeds_OneDrive_Documents_Desktop_CHUBB_Boot4_FlighBookingWebFluxMongoDB] INFO  o.eclipse.m2e.core.internal.Bundles - 	Entry: C:\Users\syeds\.p2\pool\plugins\org.eclipse.m2e.maven.runtime_3.9.900.20240824-1409\jars\maven-resolver-transport-http-1.9.22.jar
2025-11-24 18:59:27,384 [Worker-100: Launching Executing clean in C__Users_syeds_OneDrive_Documents_Desktop_CHUBB_Boot4_FlighBookingWebFluxMongoDB] INFO  o.eclipse.m2e.core.internal.Bundles - 	Entry: C:\Users\syeds\.p2\pool\plugins\org.eclipse.m2e.maven.runtime_3.9.900.20240824-1409\jars\maven-resolver-transport-wagon-1.9.22.jar
2025-11-24 18:59:27,384 [Worker-100: Launching Executing clean in C__Users_syeds_OneDrive_Documents_Desktop_CHUBB_Boot4_FlighBookingWebFluxMongoDB] INFO  o.eclipse.m2e.core.internal.Bundles - 	Entry: C:\Users\syeds\.p2\pool\plugins\org.eclipse.m2e.maven.runtime_3.9.900.20240824-1409\jars\maven-resolver-util-1.9.22.jar
2025-11-24 18:59:27,385 [Worker-100: Launching Executing clean in C__Users_syeds_OneDrive_Documents_Desktop_CHUBB_Boot4_FlighBookingWebFluxMongoDB] INFO  o.eclipse.m2e.core.internal.Bundles - 	Entry: C:\Users\syeds\.p2\pool\plugins\org.eclipse.m2e.maven.runtime_3.9.900.20240824-1409\jars\maven-settings-3.9.9.jar
2025-11-24 18:59:27,385 [Worker-100: Launching Executing clean in C__Users_syeds_OneDrive_Documents_Desktop_CHUBB_Boot4_FlighBookingWebFluxMongoDB] INFO  o.eclipse.m2e.core.internal.Bundles - 	Entry: C:\Users\syeds\.p2\pool\plugins\org.eclipse.m2e.maven.runtime_3.9.900.20240824-1409\jars\maven-settings-builder-3.9.9.jar
2025-11-24 18:59:27,385 [Worker-100: Launching Executing clean in C__Users_syeds_OneDrive_Documents_Desktop_CHUBB_Boot4_FlighBookingWebFluxMongoDB] INFO  o.eclipse.m2e.core.internal.Bundles - 	Entry: C:\Users\syeds\.p2\pool\plugins\org.eclipse.m2e.maven.runtime_3.9.900.20240824-1409\jars\maven-shared-utils-3.4.2.jar
2025-11-24 18:59:27,385 [Worker-100: Launching Executing clean in C__Users_syeds_OneDrive_Documents_Desktop_CHUBB_Boot4_FlighBookingWebFluxMongoDB] INFO  o.eclipse.m2e.core.internal.Bundles - 	Entry: C:\Users\syeds\.p2\pool\plugins\org.eclipse.m2e.maven.runtime_3.9.900.20240824-1409\jars\org.eclipse.sisu.inject-0.9.0.M3.jar
2025-11-24 18:59:27,385 [Worker-100: Launching Executing clean in C__Users_syeds_OneDrive_Documents_Desktop_CHUBB_Boot4_FlighBookingWebFluxMongoDB] INFO  o.eclipse.m2e.core.internal.Bundles - 	Entry: C:\Users\syeds\.p2\pool\plugins\org.eclipse.m2e.maven.runtime_3.9.900.20240824-1409\jars\org.eclipse.sisu.plexus-0.9.0.M3.jar
2025-11-24 18:59:27,385 [Worker-100: Launching Executing clean in C__Users_syeds_OneDrive_Documents_Desktop_CHUBB_Boot4_FlighBookingWebFluxMongoDB] INFO  o.eclipse.m2e.core.internal.Bundles - 	Entry: C:\Users\syeds\.p2\pool\plugins\org.eclipse.m2e.maven.runtime_3.9.900.20240824-1409\jars\plexus-build-api-0.0.7.jar
2025-11-24 18:59:27,385 [Worker-100: Launching Executing clean in C__Users_syeds_OneDrive_Documents_Desktop_CHUBB_Boot4_FlighBookingWebFluxMongoDB] INFO  o.eclipse.m2e.core.internal.Bundles - 	Entry: C:\Users\syeds\.p2\pool\plugins\org.eclipse.m2e.maven.runtime_3.9.900.20240824-1409\jars\plexus-build-api-1.2.0.jar
2025-11-24 18:59:27,385 [Worker-100: Launching Executing clean in C__Users_syeds_OneDrive_Documents_Desktop_CHUBB_Boot4_FlighBookingWebFluxMongoDB] INFO  o.eclipse.m2e.core.internal.Bundles - 	Entry: C:\Users\syeds\.p2\pool\plugins\org.eclipse.m2e.maven.runtime_3.9.900.20240824-1409\jars\plexus-cipher-2.0.jar
2025-11-24 18:59:27,385 [Worker-100: Launching Executing clean in C__Users_syeds_OneDrive_Documents_Desktop_CHUBB_Boot4_FlighBookingWebFluxMongoDB] INFO  o.eclipse.m2e.core.internal.Bundles - 	Entry: C:\Users\syeds\.p2\pool\plugins\org.eclipse.m2e.maven.runtime_3.9.900.20240824-1409\jars\plexus-classworlds-2.8.0.jar
2025-11-24 18:59:27,385 [Worker-100: Launching Executing clean in C__Users_syeds_OneDrive_Documents_Desktop_CHUBB_Boot4_FlighBookingWebFluxMongoDB] INFO  o.eclipse.m2e.core.internal.Bundles - 	Entry: C:\Users\syeds\.p2\pool\plugins\org.eclipse.m2e.maven.runtime_3.9.900.20240824-1409\jars\plexus-component-annotations-2.1.0.jar
2025-11-24 18:59:27,385 [Worker-100: Launching Executing clean in C__Users_syeds_OneDrive_Documents_Desktop_CHUBB_Boot4_FlighBookingWebFluxMongoDB] INFO  o.eclipse.m2e.core.internal.Bundles - 	Entry: C:\Users\syeds\.p2\pool\plugins\org.eclipse.m2e.maven.runtime_3.9.900.20240824-1409\jars\plexus-interpolation-1.27.jar
2025-11-24 18:59:27,385 [Worker-100: Launching Executing clean in C__Users_syeds_OneDrive_Documents_Desktop_CHUBB_Boot4_FlighBookingWebFluxMongoDB] INFO  o.eclipse.m2e.core.internal.Bundles - 	Entry: C:\Users\syeds\.p2\pool\plugins\org.eclipse.m2e.maven.runtime_3.9.900.20240824-1409\jars\plexus-sec-dispatcher-2.0.jar
2025-11-24 18:59:27,385 [Worker-100: Launching Executing clean in C__Users_syeds_OneDrive_Documents_Desktop_CHUBB_Boot4_FlighBookingWebFluxMongoDB] INFO  o.eclipse.m2e.core.internal.Bundles - 	Entry: C:\Users\syeds\.p2\pool\plugins\org.eclipse.m2e.maven.runtime_3.9.900.20240824-1409\jars\plexus-utils-3.5.1.jar
2025-11-24 18:59:27,385 [Worker-100: Launching Executing clean in C__Users_syeds_OneDrive_Documents_Desktop_CHUBB_Boot4_FlighBookingWebFluxMongoDB] INFO  o.eclipse.m2e.core.internal.Bundles - 	Entry: C:\Users\syeds\.p2\pool\plugins\org.eclipse.m2e.maven.runtime_3.9.900.20240824-1409\jars\plexus-xml-3.0.1.jar
2025-11-24 18:59:27,386 [Worker-100: Launching Executing clean in C__Users_syeds_OneDrive_Documents_Desktop_CHUBB_Boot4_FlighBookingWebFluxMongoDB] INFO  o.eclipse.m2e.core.internal.Bundles - 	Entry: C:\Users\syeds\.p2\pool\plugins\org.eclipse.m2e.maven.runtime_3.9.900.20240824-1409\jars\wagon-file-3.5.3.jar
2025-11-24 18:59:27,386 [Worker-100: Launching Executing clean in C__Users_syeds_OneDrive_Documents_Desktop_CHUBB_Boot4_FlighBookingWebFluxMongoDB] INFO  o.eclipse.m2e.core.internal.Bundles - 	Entry: C:\Users\syeds\.p2\pool\plugins\org.eclipse.m2e.maven.runtime_3.9.900.20240824-1409\jars\wagon-http-3.5.3.jar
2025-11-24 18:59:27,386 [Worker-100: Launching Executing clean in C__Users_syeds_OneDrive_Documents_Desktop_CHUBB_Boot4_FlighBookingWebFluxMongoDB] INFO  o.eclipse.m2e.core.internal.Bundles - 	Entry: C:\Users\syeds\.p2\pool\plugins\org.eclipse.m2e.maven.runtime_3.9.900.20240824-1409\jars\wagon-http-shared-3.5.3.jar
2025-11-24 18:59:27,386 [Worker-100: Launching Executing clean in C__Users_syeds_OneDrive_Documents_Desktop_CHUBB_Boot4_FlighBookingWebFluxMongoDB] INFO  o.eclipse.m2e.core.internal.Bundles - 	Entry: C:\Users\syeds\.p2\pool\plugins\org.eclipse.m2e.maven.runtime_3.9.900.20240824-1409\jars\wagon-provider-api-3.5.3.jar
2025-11-24 18:59:27,386 [Worker-100: Launching Executing clean in C__Users_syeds_OneDrive_Documents_Desktop_CHUBB_Boot4_FlighBookingWebFluxMongoDB] INFO  o.eclipse.m2e.core.internal.Bundles - getClasspathEntries(Bundle=com.google.guava_33.4.8.jre [1030])
2025-11-24 18:59:27,386 [Worker-100: Launching Executing clean in C__Users_syeds_OneDrive_Documents_Desktop_CHUBB_Boot4_FlighBookingWebFluxMongoDB] INFO  o.eclipse.m2e.core.internal.Bundles - 	Entry: C:\Users\syeds\.p2\pool\plugins\com.google.guava_33.4.8.jre.jar
2025-11-24 18:59:27,386 [Worker-100: Launching Executing clean in C__Users_syeds_OneDrive_Documents_Desktop_CHUBB_Boot4_FlighBookingWebFluxMongoDB] INFO  o.eclipse.m2e.core.internal.Bundles - getClasspathEntries(Bundle=slf4j.api_2.0.17 [1007])
2025-11-24 18:59:27,387 [Worker-100: Launching Executing clean in C__Users_syeds_OneDrive_Documents_Desktop_CHUBB_Boot4_FlighBookingWebFluxMongoDB] INFO  o.eclipse.m2e.core.internal.Bundles - 	Entry: C:\Users\syeds\.p2\pool\plugins\slf4j.api_2.0.17.jar
2025-11-24 18:59:27,387 [Worker-100: Launching Executing clean in C__Users_syeds_OneDrive_Documents_Desktop_CHUBB_Boot4_FlighBookingWebFluxMongoDB] INFO  o.eclipse.m2e.core.internal.Bundles - getClasspathEntries(Bundle=javax.inject_1.0.0.v20220405-0441 [1123])
2025-11-24 18:59:27,387 [Worker-100: Launching Executing clean in C__Users_syeds_OneDrive_Documents_Desktop_CHUBB_Boot4_FlighBookingWebFluxMongoDB] INFO  o.eclipse.m2e.core.internal.Bundles - 	Entry: C:\Users\syeds\.p2\pool\plugins\javax.inject_1.0.0.v20220405-0441.jar
2025-11-24 18:59:27,387 [Worker-100: Launching Executing clean in C__Users_syeds_OneDrive_Documents_Desktop_CHUBB_Boot4_FlighBookingWebFluxMongoDB] INFO  o.eclipse.m2e.core.internal.Bundles - getClasspathEntries(Bundle=javax.annotation_1.3.5.v20230504-0748 [1122])
2025-11-24 18:59:27,387 [Worker-100: Launching Executing clean in C__Users_syeds_OneDrive_Documents_Desktop_CHUBB_Boot4_FlighBookingWebFluxMongoDB] INFO  o.eclipse.m2e.core.internal.Bundles - 	Entry: C:\Users\syeds\.p2\pool\plugins\javax.annotation_1.3.5.v20230504-0748.jar
2025-11-24 18:59:27,387 [Worker-100: Launching Executing clean in C__Users_syeds_OneDrive_Documents_Desktop_CHUBB_Boot4_FlighBookingWebFluxMongoDB] INFO  o.eclipse.m2e.core.internal.Bundles - getClasspathEntries(Bundle=org.apache.commons.cli_1.9.0 [78])
2025-11-24 18:59:27,387 [Worker-100: Launching Executing clean in C__Users_syeds_OneDrive_Documents_Desktop_CHUBB_Boot4_FlighBookingWebFluxMongoDB] INFO  o.eclipse.m2e.core.internal.Bundles - 	Entry: C:\Users\syeds\.p2\pool\plugins\org.apache.commons.cli_1.9.0.jar
2025-11-24 18:59:27,387 [Worker-100: Launching Executing clean in C__Users_syeds_OneDrive_Documents_Desktop_CHUBB_Boot4_FlighBookingWebFluxMongoDB] INFO  o.eclipse.m2e.core.internal.Bundles - getClasspathEntries(Bundle=org.apache.commons.commons-codec_1.16.0 [81])
2025-11-24 18:59:27,388 [Worker-100: Launching Executing clean in C__Users_syeds_OneDrive_Documents_Desktop_CHUBB_Boot4_FlighBookingWebFluxMongoDB] INFO  o.eclipse.m2e.core.internal.Bundles - 	Entry: C:\Users\syeds\.p2\pool\plugins\org.apache.commons.commons-codec_1.16.0.jar
2025-11-24 18:59:27,388 [Worker-100: Launching Executing clean in C__Users_syeds_OneDrive_Documents_Desktop_CHUBB_Boot4_FlighBookingWebFluxMongoDB] INFO  o.eclipse.m2e.core.internal.Bundles - getClasspathEntries(Bundle=com.google.guava.failureaccess_1.0.3 [1031])
2025-11-24 18:59:27,389 [Worker-100: Launching Executing clean in C__Users_syeds_OneDrive_Documents_Desktop_CHUBB_Boot4_FlighBookingWebFluxMongoDB] INFO  o.eclipse.m2e.core.internal.Bundles - 	Entry: C:\Users\syeds\.p2\pool\plugins\com.google.guava.failureaccess_1.0.3.jar
2025-11-24 18:59:27,393 [Worker-100: Launching Executing clean in C__Users_syeds_OneDrive_Documents_Desktop_CHUBB_Boot4_FlighBookingWebFluxMongoDB] INFO  o.e.m.i.launch.MavenLaunchDelegate - Run build in "C:\Users\syeds\OneDrive\Documents\Desktop\CHUBB\Boot4_FlighBookingWebFluxMongoDB":
2025-11-24 18:59:27,393 [Worker-100: Launching Executing clean in C__Users_syeds_OneDrive_Documents_Desktop_CHUBB_Boot4_FlighBookingWebFluxMongoDB] INFO  o.e.m.i.launch.MavenLaunchDelegate -  mvn  -Ppom.xml -B -Dstyle.color=always clean
2025-11-24 18:59:30,792 [Worker-96: Building] INFO  o.a.m.s.f.DefaultMavenResourcesFiltering - Copying 1 resource from src\main\resources to target\classes
2025-11-24 18:59:30,798 [Worker-96: Building] INFO  o.a.m.s.f.DefaultMavenResourcesFiltering - Copying 0 resource from src\main\resources to target\classes
2025-11-24 18:59:30,803 [Worker-96: Building] INFO  o.a.m.s.f.DefaultMavenResourcesFiltering - skip non existing resourceDirectory C:\Users\syeds\OneDrive\Documents\Desktop\CHUBB\Boot4_FlighBookingWebFluxMongoDB\src\test\resources
2025-11-24 18:59:40,229 [Worker-102: Launching Executing install in C__Users_syeds_OneDrive_Documents_Desktop_CHUBB_Boot4_FlighBookingWebFluxMongoDB] INFO  o.eclipse.m2e.core.internal.Bundles - getClasspathEntries(Bundle=org.eclipse.m2e.maven.runtime_3.9.900.20240824-1409 [642])
2025-11-24 18:59:40,230 [Worker-102: Launching Executing install in C__Users_syeds_OneDrive_Documents_Desktop_CHUBB_Boot4_FlighBookingWebFluxMongoDB] INFO  o.eclipse.m2e.core.internal.Bundles - 	Entry: C:\Users\syeds\.p2\pool\plugins\org.eclipse.m2e.maven.runtime_3.9.900.20240824-1409
2025-11-24 18:59:40,231 [Worker-102: Launching Executing install in C__Users_syeds_OneDrive_Documents_Desktop_CHUBB_Boot4_FlighBookingWebFluxMongoDB] INFO  o.eclipse.m2e.core.internal.Bundles - 	Entry: C:\Users\syeds\.p2\pool\plugins\org.eclipse.m2e.maven.runtime_3.9.900.20240824-1409\jars\aopalliance-1.0.jar
2025-11-24 18:59:40,231 [Worker-102: Launching Executing install in C__Users_syeds_OneDrive_Documents_Desktop_CHUBB_Boot4_FlighBookingWebFluxMongoDB] INFO  o.eclipse.m2e.core.internal.Bundles - 	Entry: C:\Users\syeds\.p2\pool\plugins\org.eclipse.m2e.maven.runtime_3.9.900.20240824-1409\jars\guice-5.1.0.jar
2025-11-24 18:59:40,231 [Worker-102: Launching Executing install in C__Users_syeds_OneDrive_Documents_Desktop_CHUBB_Boot4_FlighBookingWebFluxMongoDB] INFO  o.eclipse.m2e.core.internal.Bundles - 	Entry: C:\Users\syeds\.p2\pool\plugins\org.eclipse.m2e.maven.runtime_3.9.900.20240824-1409\jars\httpclient-4.5.14.jar
2025-11-24 18:59:40,231 [Worker-102: Launching Executing install in C__Users_syeds_OneDrive_Documents_Desktop_CHUBB_Boot4_FlighBookingWebFluxMongoDB] INFO  o.eclipse.m2e.core.internal.Bundles - 	Entry: C:\Users\syeds\.p2\pool\plugins\org.eclipse.m2e.maven.runtime_3.9.900.20240824-1409\jars\httpcore-4.4.16.jar
2025-11-24 18:59:40,231 [Worker-102: Launching Executing install in C__Users_syeds_OneDrive_Documents_Desktop_CHUBB_Boot4_FlighBookingWebFluxMongoDB] INFO  o.eclipse.m2e.core.internal.Bundles - 	Entry: C:\Users\syeds\.p2\pool\plugins\org.eclipse.m2e.maven.runtime_3.9.900.20240824-1409\jars\jansi-2.4.1.jar
2025-11-24 18:59:40,231 [Worker-102: Launching Executing install in C__Users_syeds_OneDrive_Documents_Desktop_CHUBB_Boot4_FlighBookingWebFluxMongoDB] INFO  o.eclipse.m2e.core.internal.Bundles - 	Entry: C:\Users\syeds\.p2\pool\plugins\org.eclipse.m2e.maven.runtime_3.9.900.20240824-1409\jars\jcl-over-slf4j-1.7.36.jar
2025-11-24 18:59:40,231 [Worker-102: Launching Executing install in C__Users_syeds_OneDrive_Documents_Desktop_CHUBB_Boot4_FlighBookingWebFluxMongoDB] INFO  o.eclipse.m2e.core.internal.Bundles - 	Entry: C:\Users\syeds\.p2\pool\plugins\org.eclipse.m2e.maven.runtime_3.9.900.20240824-1409\jars\maven-artifact-3.9.9.jar
2025-11-24 18:59:40,231 [Worker-102: Launching Executing install in C__Users_syeds_OneDrive_Documents_Desktop_CHUBB_Boot4_FlighBookingWebFluxMongoDB] INFO  o.eclipse.m2e.core.internal.Bundles - 	Entry: C:\Users\syeds\.p2\pool\plugins\org.eclipse.m2e.maven.runtime_3.9.900.20240824-1409\jars\maven-builder-support-3.9.9.jar
2025-11-24 18:59:40,231 [Worker-102: Launching Executing install in C__Users_syeds_OneDrive_Documents_Desktop_CHUBB_Boot4_FlighBookingWebFluxMongoDB] INFO  o.eclipse.m2e.core.internal.Bundles - 	Entry: C:\Users\syeds\.p2\pool\plugins\org.eclipse.m2e.maven.runtime_3.9.900.20240824-1409\jars\maven-compat-3.9.9.jar
2025-11-24 18:59:40,231 [Worker-102: Launching Executing install in C__Users_syeds_OneDrive_Documents_Desktop_CHUBB_Boot4_FlighBookingWebFluxMongoDB] INFO  o.eclipse.m2e.core.internal.Bundles - 	Entry: C:\Users\syeds\.p2\pool\plugins\org.eclipse.m2e.maven.runtime_3.9.900.20240824-1409\jars\maven-core-3.9.9.jar
2025-11-24 18:59:40,231 [Worker-102: Launching Executing install in C__Users_syeds_OneDrive_Documents_Desktop_CHUBB_Boot4_FlighBookingWebFluxMongoDB] INFO  o.eclipse.m2e.core.internal.Bundles - 	Entry: C:\Users\syeds\.p2\pool\plugins\org.eclipse.m2e.maven.runtime_3.9.900.20240824-1409\jars\maven-embedder-3.9.9.jar
2025-11-24 18:59:40,231 [Worker-102: Launching Executing install in C__Users_syeds_OneDrive_Documents_Desktop_CHUBB_Boot4_FlighBookingWebFluxMongoDB] INFO  o.eclipse.m2e.core.internal.Bundles - 	Entry: C:\Users\syeds\.p2\pool\plugins\org.eclipse.m2e.maven.runtime_3.9.900.20240824-1409\jars\maven-model-3.9.9.jar
2025-11-24 18:59:40,231 [Worker-102: Launching Executing install in C__Users_syeds_OneDrive_Documents_Desktop_CHUBB_Boot4_FlighBookingWebFluxMongoDB] INFO  o.eclipse.m2e.core.internal.Bundles - 	Entry: C:\Users\syeds\.p2\pool\plugins\org.eclipse.m2e.maven.runtime_3.9.900.20240824-1409\jars\maven-model-builder-3.9.9.jar
2025-11-24 18:59:40,232 [Worker-102: Launching Executing install in C__Users_syeds_OneDrive_Documents_Desktop_CHUBB_Boot4_FlighBookingWebFluxMongoDB] INFO  o.eclipse.m2e.core.internal.Bundles - 	Entry: C:\Users\syeds\.p2\pool\plugins\org.eclipse.m2e.maven.runtime_3.9.900.20240824-1409\jars\maven-plugin-api-3.9.9.jar
2025-11-24 18:59:40,232 [Worker-102: Launching Executing install in C__Users_syeds_OneDrive_Documents_Desktop_CHUBB_Boot4_FlighBookingWebFluxMongoDB] INFO  o.eclipse.m2e.core.internal.Bundles - 	Entry: C:\Users\syeds\.p2\pool\plugins\org.eclipse.m2e.maven.runtime_3.9.900.20240824-1409\jars\maven-repository-metadata-3.9.9.jar
2025-11-24 18:59:40,232 [Worker-102: Launching Executing install in C__Users_syeds_OneDrive_Documents_Desktop_CHUBB_Boot4_FlighBookingWebFluxMongoDB] INFO  o.eclipse.m2e.core.internal.Bundles - 	Entry: C:\Users\syeds\.p2\pool\plugins\org.eclipse.m2e.maven.runtime_3.9.900.20240824-1409\jars\maven-resolver-api-1.9.22.jar
2025-11-24 18:59:40,232 [Worker-102: Launching Executing install in C__Users_syeds_OneDrive_Documents_Desktop_CHUBB_Boot4_FlighBookingWebFluxMongoDB] INFO  o.eclipse.m2e.core.internal.Bundles - 	Entry: C:\Users\syeds\.p2\pool\plugins\org.eclipse.m2e.maven.runtime_3.9.900.20240824-1409\jars\maven-resolver-connector-basic-1.9.22.jar
2025-11-24 18:59:40,232 [Worker-102: Launching Executing install in C__Users_syeds_OneDrive_Documents_Desktop_CHUBB_Boot4_FlighBookingWebFluxMongoDB] INFO  o.eclipse.m2e.core.internal.Bundles - 	Entry: C:\Users\syeds\.p2\pool\plugins\org.eclipse.m2e.maven.runtime_3.9.900.20240824-1409\jars\maven-resolver-impl-1.9.22.jar
2025-11-24 18:59:40,232 [Worker-102: Launching Executing install in C__Users_syeds_OneDrive_Documents_Desktop_CHUBB_Boot4_FlighBookingWebFluxMongoDB] INFO  o.eclipse.m2e.core.internal.Bundles - 	Entry: C:\Users\syeds\.p2\pool\plugins\org.eclipse.m2e.maven.runtime_3.9.900.20240824-1409\jars\maven-resolver-named-locks-1.9.22.jar
2025-11-24 18:59:40,232 [Worker-102: Launching Executing install in C__Users_syeds_OneDrive_Documents_Desktop_CHUBB_Boot4_FlighBookingWebFluxMongoDB] INFO  o.eclipse.m2e.core.internal.Bundles - 	Entry: C:\Users\syeds\.p2\pool\plugins\org.eclipse.m2e.maven.runtime_3.9.900.20240824-1409\jars\maven-resolver-provider-3.9.9.jar
2025-11-24 18:59:40,232 [Worker-102: Launching Executing install in C__Users_syeds_OneDrive_Documents_Desktop_CHUBB_Boot4_FlighBookingWebFluxMongoDB] INFO  o.eclipse.m2e.core.internal.Bundles - 	Entry: C:\Users\syeds\.p2\pool\plugins\org.eclipse.m2e.maven.runtime_3.9.900.20240824-1409\jars\maven-resolver-spi-1.9.22.jar
2025-11-24 18:59:40,232 [Worker-102: Launching Executing install in C__Users_syeds_OneDrive_Documents_Desktop_CHUBB_Boot4_FlighBookingWebFluxMongoDB] INFO  o.eclipse.m2e.core.internal.Bundles - 	Entry: C:\Users\syeds\.p2\pool\plugins\org.eclipse.m2e.maven.runtime_3.9.900.20240824-1409\jars\maven-resolver-transport-file-1.9.22.jar
2025-11-24 18:59:40,232 [Worker-102: Launching Executing install in C__Users_syeds_OneDrive_Documents_Desktop_CHUBB_Boot4_FlighBookingWebFluxMongoDB] INFO  o.eclipse.m2e.core.internal.Bundles - 	Entry: C:\Users\syeds\.p2\pool\plugins\org.eclipse.m2e.maven.runtime_3.9.900.20240824-1409\jars\maven-resolver-transport-http-1.9.22.jar
2025-11-24 18:59:40,233 [Worker-102: Launching Executing install in C__Users_syeds_OneDrive_Documents_Desktop_CHUBB_Boot4_FlighBookingWebFluxMongoDB] INFO  o.eclipse.m2e.core.internal.Bundles - 	Entry: C:\Users\syeds\.p2\pool\plugins\org.eclipse.m2e.maven.runtime_3.9.900.20240824-1409\jars\maven-resolver-transport-wagon-1.9.22.jar
2025-11-24 18:59:40,233 [Worker-102: Launching Executing install in C__Users_syeds_OneDrive_Documents_Desktop_CHUBB_Boot4_FlighBookingWebFluxMongoDB] INFO  o.eclipse.m2e.core.internal.Bundles - 	Entry: C:\Users\syeds\.p2\pool\plugins\org.eclipse.m2e.maven.runtime_3.9.900.20240824-1409\jars\maven-resolver-util-1.9.22.jar
2025-11-24 18:59:40,233 [Worker-102: Launching Executing install in C__Users_syeds_OneDrive_Documents_Desktop_CHUBB_Boot4_FlighBookingWebFluxMongoDB] INFO  o.eclipse.m2e.core.internal.Bundles - 	Entry: C:\Users\syeds\.p2\pool\plugins\org.eclipse.m2e.maven.runtime_3.9.900.20240824-1409\jars\maven-settings-3.9.9.jar
2025-11-24 18:59:40,233 [Worker-102: Launching Executing install in C__Users_syeds_OneDrive_Documents_Desktop_CHUBB_Boot4_FlighBookingWebFluxMongoDB] INFO  o.eclipse.m2e.core.internal.Bundles - 	Entry: C:\Users\syeds\.p2\pool\plugins\org.eclipse.m2e.maven.runtime_3.9.900.20240824-1409\jars\maven-settings-builder-3.9.9.jar
2025-11-24 18:59:40,233 [Worker-102: Launching Executing install in C__Users_syeds_OneDrive_Documents_Desktop_CHUBB_Boot4_FlighBookingWebFluxMongoDB] INFO  o.eclipse.m2e.core.internal.Bundles - 	Entry: C:\Users\syeds\.p2\pool\plugins\org.eclipse.m2e.maven.runtime_3.9.900.20240824-1409\jars\maven-shared-utils-3.4.2.jar
2025-11-24 18:59:40,233 [Worker-102: Launching Executing install in C__Users_syeds_OneDrive_Documents_Desktop_CHUBB_Boot4_FlighBookingWebFluxMongoDB] INFO  o.eclipse.m2e.core.internal.Bundles - 	Entry: C:\Users\syeds\.p2\pool\plugins\org.eclipse.m2e.maven.runtime_3.9.900.20240824-1409\jars\org.eclipse.sisu.inject-0.9.0.M3.jar
2025-11-24 18:59:40,233 [Worker-102: Launching Executing install in C__Users_syeds_OneDrive_Documents_Desktop_CHUBB_Boot4_FlighBookingWebFluxMongoDB] INFO  o.eclipse.m2e.core.internal.Bundles - 	Entry: C:\Users\syeds\.p2\pool\plugins\org.eclipse.m2e.maven.runtime_3.9.900.20240824-1409\jars\org.eclipse.sisu.plexus-0.9.0.M3.jar
2025-11-24 18:59:40,234 [Worker-102: Launching Executing install in C__Users_syeds_OneDrive_Documents_Desktop_CHUBB_Boot4_FlighBookingWebFluxMongoDB] INFO  o.eclipse.m2e.core.internal.Bundles - 	Entry: C:\Users\syeds\.p2\pool\plugins\org.eclipse.m2e.maven.runtime_3.9.900.20240824-1409\jars\plexus-build-api-0.0.7.jar
2025-11-24 18:59:40,234 [Worker-102: Launching Executing install in C__Users_syeds_OneDrive_Documents_Desktop_CHUBB_Boot4_FlighBookingWebFluxMongoDB] INFO  o.eclipse.m2e.core.internal.Bundles - 	Entry: C:\Users\syeds\.p2\pool\plugins\org.eclipse.m2e.maven.runtime_3.9.900.20240824-1409\jars\plexus-build-api-1.2.0.jar
2025-11-24 18:59:40,234 [Worker-102: Launching Executing install in C__Users_syeds_OneDrive_Documents_Desktop_CHUBB_Boot4_FlighBookingWebFluxMongoDB] INFO  o.eclipse.m2e.core.internal.Bundles - 	Entry: C:\Users\syeds\.p2\pool\plugins\org.eclipse.m2e.maven.runtime_3.9.900.20240824-1409\jars\plexus-cipher-2.0.jar
2025-11-24 18:59:40,234 [Worker-102: Launching Executing install in C__Users_syeds_OneDrive_Documents_Desktop_CHUBB_Boot4_FlighBookingWebFluxMongoDB] INFO  o.eclipse.m2e.core.internal.Bundles - 	Entry: C:\Users\syeds\.p2\pool\plugins\org.eclipse.m2e.maven.runtime_3.9.900.20240824-1409\jars\plexus-classworlds-2.8.0.jar
2025-11-24 18:59:40,234 [Worker-102: Launching Executing install in C__Users_syeds_OneDrive_Documents_Desktop_CHUBB_Boot4_FlighBookingWebFluxMongoDB] INFO  o.eclipse.m2e.core.internal.Bundles - 	Entry: C:\Users\syeds\.p2\pool\plugins\org.eclipse.m2e.maven.runtime_3.9.900.20240824-1409\jars\plexus-component-annotations-2.1.0.jar
2025-11-24 18:59:40,235 [Worker-102: Launching Executing install in C__Users_syeds_OneDrive_Documents_Desktop_CHUBB_Boot4_FlighBookingWebFluxMongoDB] INFO  o.eclipse.m2e.core.internal.Bundles - 	Entry: C:\Users\syeds\.p2\pool\plugins\org.eclipse.m2e.maven.runtime_3.9.900.20240824-1409\jars\plexus-interpolation-1.27.jar
2025-11-24 18:59:40,235 [Worker-102: Launching Executing install in C__Users_syeds_OneDrive_Documents_Desktop_CHUBB_Boot4_FlighBookingWebFluxMongoDB] INFO  o.eclipse.m2e.core.internal.Bundles - 	Entry: C:\Users\syeds\.p2\pool\plugins\org.eclipse.m2e.maven.runtime_3.9.900.20240824-1409\jars\plexus-sec-dispatcher-2.0.jar
2025-11-24 18:59:40,235 [Worker-102: Launching Executing install in C__Users_syeds_OneDrive_Documents_Desktop_CHUBB_Boot4_FlighBookingWebFluxMongoDB] INFO  o.eclipse.m2e.core.internal.Bundles - 	Entry: C:\Users\syeds\.p2\pool\plugins\org.eclipse.m2e.maven.runtime_3.9.900.20240824-1409\jars\plexus-utils-3.5.1.jar
2025-11-24 18:59:40,235 [Worker-102: Launching Executing install in C__Users_syeds_OneDrive_Documents_Desktop_CHUBB_Boot4_FlighBookingWebFluxMongoDB] INFO  o.eclipse.m2e.core.internal.Bundles - 	Entry: C:\Users\syeds\.p2\pool\plugins\org.eclipse.m2e.maven.runtime_3.9.900.20240824-1409\jars\plexus-xml-3.0.1.jar
2025-11-24 18:59:40,235 [Worker-102: Launching Executing install in C__Users_syeds_OneDrive_Documents_Desktop_CHUBB_Boot4_FlighBookingWebFluxMongoDB] INFO  o.eclipse.m2e.core.internal.Bundles - 	Entry: C:\Users\syeds\.p2\pool\plugins\org.eclipse.m2e.maven.runtime_3.9.900.20240824-1409\jars\wagon-file-3.5.3.jar
2025-11-24 18:59:40,235 [Worker-102: Launching Executing install in C__Users_syeds_OneDrive_Documents_Desktop_CHUBB_Boot4_FlighBookingWebFluxMongoDB] INFO  o.eclipse.m2e.core.internal.Bundles - 	Entry: C:\Users\syeds\.p2\pool\plugins\org.eclipse.m2e.maven.runtime_3.9.900.20240824-1409\jars\wagon-http-3.5.3.jar
2025-11-24 18:59:40,235 [Worker-102: Launching Executing install in C__Users_syeds_OneDrive_Documents_Desktop_CHUBB_Boot4_FlighBookingWebFluxMongoDB] INFO  o.eclipse.m2e.core.internal.Bundles - 	Entry: C:\Users\syeds\.p2\pool\plugins\org.eclipse.m2e.maven.runtime_3.9.900.20240824-1409\jars\wagon-http-shared-3.5.3.jar
2025-11-24 18:59:40,236 [Worker-102: Launching Executing install in C__Users_syeds_OneDrive_Documents_Desktop_CHUBB_Boot4_FlighBookingWebFluxMongoDB] INFO  o.eclipse.m2e.core.internal.Bundles - 	Entry: C:\Users\syeds\.p2\pool\plugins\org.eclipse.m2e.maven.runtime_3.9.900.20240824-1409\jars\wagon-provider-api-3.5.3.jar
2025-11-24 18:59:40,237 [Worker-102: Launching Executing install in C__Users_syeds_OneDrive_Documents_Desktop_CHUBB_Boot4_FlighBookingWebFluxMongoDB] INFO  o.eclipse.m2e.core.internal.Bundles - getClasspathEntries(Bundle=com.google.guava_33.4.8.jre [1030])
2025-11-24 18:59:40,238 [Worker-102: Launching Executing install in C__Users_syeds_OneDrive_Documents_Desktop_CHUBB_Boot4_FlighBookingWebFluxMongoDB] INFO  o.eclipse.m2e.core.internal.Bundles - 	Entry: C:\Users\syeds\.p2\pool\plugins\com.google.guava_33.4.8.jre.jar
2025-11-24 18:59:40,238 [Worker-102: Launching Executing install in C__Users_syeds_OneDrive_Documents_Desktop_CHUBB_Boot4_FlighBookingWebFluxMongoDB] INFO  o.eclipse.m2e.core.internal.Bundles - getClasspathEntries(Bundle=slf4j.api_2.0.17 [1007])
2025-11-24 18:59:40,239 [Worker-102: Launching Executing install in C__Users_syeds_OneDrive_Documents_Desktop_CHUBB_Boot4_FlighBookingWebFluxMongoDB] INFO  o.eclipse.m2e.core.internal.Bundles - 	Entry: C:\Users\syeds\.p2\pool\plugins\slf4j.api_2.0.17.jar
2025-11-24 18:59:40,239 [Worker-102: Launching Executing install in C__Users_syeds_OneDrive_Documents_Desktop_CHUBB_Boot4_FlighBookingWebFluxMongoDB] INFO  o.eclipse.m2e.core.internal.Bundles - getClasspathEntries(Bundle=javax.inject_1.0.0.v20220405-0441 [1123])
2025-11-24 18:59:40,240 [Worker-102: Launching Executing install in C__Users_syeds_OneDrive_Documents_Desktop_CHUBB_Boot4_FlighBookingWebFluxMongoDB] INFO  o.eclipse.m2e.core.internal.Bundles - 	Entry: C:\Users\syeds\.p2\pool\plugins\javax.inject_1.0.0.v20220405-0441.jar
2025-11-24 18:59:40,240 [Worker-102: Launching Executing install in C__Users_syeds_OneDrive_Documents_Desktop_CHUBB_Boot4_FlighBookingWebFluxMongoDB] INFO  o.eclipse.m2e.core.internal.Bundles - getClasspathEntries(Bundle=javax.annotation_1.3.5.v20230504-0748 [1122])
2025-11-24 18:59:40,240 [Worker-102: Launching Executing install in C__Users_syeds_OneDrive_Documents_Desktop_CHUBB_Boot4_FlighBookingWebFluxMongoDB] INFO  o.eclipse.m2e.core.internal.Bundles - 	Entry: C:\Users\syeds\.p2\pool\plugins\javax.annotation_1.3.5.v20230504-0748.jar
2025-11-24 18:59:40,240 [Worker-102: Launching Executing install in C__Users_syeds_OneDrive_Documents_Desktop_CHUBB_Boot4_FlighBookingWebFluxMongoDB] INFO  o.eclipse.m2e.core.internal.Bundles - getClasspathEntries(Bundle=org.apache.commons.cli_1.9.0 [78])
2025-11-24 18:59:40,241 [Worker-102: Launching Executing install in C__Users_syeds_OneDrive_Documents_Desktop_CHUBB_Boot4_FlighBookingWebFluxMongoDB] INFO  o.eclipse.m2e.core.internal.Bundles - 	Entry: C:\Users\syeds\.p2\pool\plugins\org.apache.commons.cli_1.9.0.jar
2025-11-24 18:59:40,241 [Worker-102: Launching Executing install in C__Users_syeds_OneDrive_Documents_Desktop_CHUBB_Boot4_FlighBookingWebFluxMongoDB] INFO  o.eclipse.m2e.core.internal.Bundles - getClasspathEntries(Bundle=org.apache.commons.commons-codec_1.16.0 [81])
2025-11-24 18:59:40,241 [Worker-102: Launching Executing install in C__Users_syeds_OneDrive_Documents_Desktop_CHUBB_Boot4_FlighBookingWebFluxMongoDB] INFO  o.eclipse.m2e.core.internal.Bundles - 	Entry: C:\Users\syeds\.p2\pool\plugins\org.apache.commons.commons-codec_1.16.0.jar
2025-11-24 18:59:40,241 [Worker-102: Launching Executing install in C__Users_syeds_OneDrive_Documents_Desktop_CHUBB_Boot4_FlighBookingWebFluxMongoDB] INFO  o.eclipse.m2e.core.internal.Bundles - getClasspathEntries(Bundle=com.google.guava.failureaccess_1.0.3 [1031])
2025-11-24 18:59:40,242 [Worker-102: Launching Executing install in C__Users_syeds_OneDrive_Documents_Desktop_CHUBB_Boot4_FlighBookingWebFluxMongoDB] INFO  o.eclipse.m2e.core.internal.Bundles - 	Entry: C:\Users\syeds\.p2\pool\plugins\com.google.guava.failureaccess_1.0.3.jar
2025-11-24 18:59:40,244 [Worker-102: Launching Executing install in C__Users_syeds_OneDrive_Documents_Desktop_CHUBB_Boot4_FlighBookingWebFluxMongoDB] INFO  o.e.m.i.launch.MavenLaunchDelegate - Run build in "C:\Users\syeds\OneDrive\Documents\Desktop\CHUBB\Boot4_FlighBookingWebFluxMongoDB":
2025-11-24 18:59:40,244 [Worker-102: Launching Executing install in C__Users_syeds_OneDrive_Documents_Desktop_CHUBB_Boot4_FlighBookingWebFluxMongoDB] INFO  o.e.m.i.launch.MavenLaunchDelegate -  mvn  -Ppom.xml -B -Dstyle.color=always install
2025-11-24 19:54:04,817 [Worker-109: Building] INFO  o.a.m.s.f.DefaultMavenResourcesFiltering - Copying 1 resource from src\main\resources to target\classes
2025-11-24 19:54:04,832 [Worker-109: Building] INFO  o.a.m.s.f.DefaultMavenResourcesFiltering - Copying 0 resource from src\main\resources to target\classes
2025-11-24 19:54:04,839 [Worker-109: Building] INFO  o.a.m.s.f.DefaultMavenResourcesFiltering - skip non existing resourceDirectory C:\Users\syeds\OneDrive\Documents\Desktop\CHUBB\Boot4_FlighBookingWebFluxMongoDB\src\test\resources
2025-11-24 19:54:19,252 [Worker-111: Building] INFO  o.a.m.s.f.DefaultMavenResourcesFiltering - Copying 1 resource from src\main\resources to target\classes
2025-11-24 19:54:19,260 [Worker-111: Building] INFO  o.a.m.s.f.DefaultMavenResourcesFiltering - Copying 0 resource from src\main\resources to target\classes
2025-11-24 19:54:19,264 [Worker-111: Building] INFO  o.a.m.s.f.DefaultMavenResourcesFiltering - skip non existing resourceDirectory C:\Users\syeds\OneDrive\Documents\Desktop\CHUBB\Boot4_FlighBookingWebFluxMongoDB\src\test\resources
2025-11-24 19:55:55,669 [Worker-114: Building] INFO  o.a.m.s.f.DefaultMavenResourcesFiltering - Copying 1 resource from src\main\resources to target\classes
2025-11-24 19:55:55,681 [Worker-114: Building] INFO  o.a.m.s.f.DefaultMavenResourcesFiltering - Copying 0 resource from src\main\resources to target\classes
2025-11-24 19:55:55,689 [Worker-114: Building] INFO  o.a.m.s.f.DefaultMavenResourcesFiltering - skip non existing resourceDirectory C:\Users\syeds\OneDrive\Documents\Desktop\CHUBB\Boot4_FlighBookingWebFluxMongoDB\src\test\resources
2025-11-24 19:57:12,702 [Worker-114: Building] INFO  o.a.m.s.f.DefaultMavenResourcesFiltering - Copying 1 resource from src\main\resources to target\classes
2025-11-24 19:57:12,708 [Worker-114: Building] INFO  o.a.m.s.f.DefaultMavenResourcesFiltering - Copying 0 resource from src\main\resources to target\classes
2025-11-24 19:57:12,713 [Worker-114: Building] INFO  o.a.m.s.f.DefaultMavenResourcesFiltering - skip non existing resourceDirectory C:\Users\syeds\OneDrive\Documents\Desktop\CHUBB\Boot4_FlighBookingWebFluxMongoDB\src\test\resources
2025-11-24 19:57:27,037 [Worker-109: Building] INFO  o.a.m.s.f.DefaultMavenResourcesFiltering - Copying 1 resource from src\main\resources to target\classes
2025-11-24 19:57:27,048 [Worker-109: Building] INFO  o.a.m.s.f.DefaultMavenResourcesFiltering - Copying 0 resource from src\main\resources to target\classes
2025-11-24 19:57:27,055 [Worker-109: Building] INFO  o.a.m.s.f.DefaultMavenResourcesFiltering - skip non existing resourceDirectory C:\Users\syeds\OneDrive\Documents\Desktop\CHUBB\Boot4_FlighBookingWebFluxMongoDB\src\test\resources
2025-11-24 19:57:49,852 [Worker-105: Building] INFO  o.a.m.s.f.DefaultMavenResourcesFiltering - Copying 1 resource from src\main\resources to target\classes
2025-11-24 19:57:49,886 [Worker-105: Building] INFO  o.a.m.s.f.DefaultMavenResourcesFiltering - Copying 0 resource from src\main\resources to target\classes
2025-11-24 19:57:49,897 [Worker-105: Building] INFO  o.a.m.s.f.DefaultMavenResourcesFiltering - skip non existing resourceDirectory C:\Users\syeds\OneDrive\Documents\Desktop\CHUBB\Boot4_FlighBookingWebFluxMongoDB\src\test\resources
2025-11-24 19:58:39,414 [Worker-105: Building] INFO  o.a.m.s.f.DefaultMavenResourcesFiltering - Copying 1 resource from src\main\resources to target\classes
2025-11-24 19:58:39,427 [Worker-105: Building] INFO  o.a.m.s.f.DefaultMavenResourcesFiltering - Copying 0 resource from src\main\resources to target\classes
2025-11-24 19:58:39,434 [Worker-105: Building] INFO  o.a.m.s.f.DefaultMavenResourcesFiltering - skip non existing resourceDirectory C:\Users\syeds\OneDrive\Documents\Desktop\CHUBB\Boot4_FlighBookingWebFluxMongoDB\src\test\resources
2025-11-24 19:59:28,425 [Worker-115: Building] INFO  o.a.m.s.f.DefaultMavenResourcesFiltering - Copying 1 resource from src\main\resources to target\classes
2025-11-24 19:59:28,433 [Worker-115: Building] INFO  o.a.m.s.f.DefaultMavenResourcesFiltering - Copying 0 resource from src\main\resources to target\classes
2025-11-24 19:59:28,438 [Worker-115: Building] INFO  o.a.m.s.f.DefaultMavenResourcesFiltering - skip non existing resourceDirectory C:\Users\syeds\OneDrive\Documents\Desktop\CHUBB\Boot4_FlighBookingWebFluxMongoDB\src\test\resources
2025-11-24 20:00:11,704 [Worker-106: Building] INFO  o.a.m.s.f.DefaultMavenResourcesFiltering - Copying 1 resource from src\main\resources to target\classes
2025-11-24 20:00:11,712 [Worker-106: Building] INFO  o.a.m.s.f.DefaultMavenResourcesFiltering - Copying 0 resource from src\main\resources to target\classes
2025-11-24 20:00:11,717 [Worker-106: Building] INFO  o.a.m.s.f.DefaultMavenResourcesFiltering - skip non existing resourceDirectory C:\Users\syeds\OneDrive\Documents\Desktop\CHUBB\Boot4_FlighBookingWebFluxMongoDB\src\test\resources
2025-11-24 20:04:52,721 [Worker-115: Building] INFO  o.a.m.s.f.DefaultMavenResourcesFiltering - Copying 1 resource from src\main\resources to target\classes
2025-11-24 20:04:52,728 [Worker-115: Building] INFO  o.a.m.s.f.DefaultMavenResourcesFiltering - Copying 0 resource from src\main\resources to target\classes
2025-11-24 20:04:52,732 [Worker-115: Building] INFO  o.a.m.s.f.DefaultMavenResourcesFiltering - skip non existing resourceDirectory C:\Users\syeds\OneDrive\Documents\Desktop\CHUBB\Boot4_FlighBookingWebFluxMongoDB\src\test\resources
2025-11-24 20:05:27,629 [Worker-120: Building] INFO  o.a.m.s.f.DefaultMavenResourcesFiltering - Copying 1 resource from src\main\resources to target\classes
2025-11-24 20:05:27,636 [Worker-120: Building] INFO  o.a.m.s.f.DefaultMavenResourcesFiltering - Copying 0 resource from src\main\resources to target\classes
2025-11-24 20:05:27,642 [Worker-120: Building] INFO  o.a.m.s.f.DefaultMavenResourcesFiltering - skip non existing resourceDirectory C:\Users\syeds\OneDrive\Documents\Desktop\CHUBB\Boot4_FlighBookingWebFluxMongoDB\src\test\resources
2025-11-24 20:14:20,040 [Worker-122: Building] INFO  o.a.m.s.f.DefaultMavenResourcesFiltering - Copying 1 resource from src\main\resources to target\classes
2025-11-24 20:14:20,051 [Worker-122: Building] INFO  o.a.m.s.f.DefaultMavenResourcesFiltering - Copying 0 resource from src\main\resources to target\classes
2025-11-24 20:14:20,056 [Worker-122: Building] INFO  o.a.m.s.f.DefaultMavenResourcesFiltering - skip non existing resourceDirectory C:\Users\syeds\OneDrive\Documents\Desktop\CHUBB\Boot4_FlighBookingWebFluxMongoDB\src\test\resources
2025-11-24 20:16:37,278 [Worker-124: Building] INFO  o.a.m.s.f.DefaultMavenResourcesFiltering - Copying 1 resource from src\main\resources to target\classes
2025-11-24 20:16:37,286 [Worker-124: Building] INFO  o.a.m.s.f.DefaultMavenResourcesFiltering - Copying 0 resource from src\main\resources to target\classes
2025-11-24 20:16:37,292 [Worker-124: Building] INFO  o.a.m.s.f.DefaultMavenResourcesFiltering - skip non existing resourceDirectory C:\Users\syeds\OneDrive\Documents\Desktop\CHUBB\Boot4_FlighBookingWebFluxMongoDB\src\test\resources
2025-11-24 20:17:25,387 [Worker-124: Building] INFO  o.a.m.s.f.DefaultMavenResourcesFiltering - Copying 1 resource from src\main\resources to target\classes
2025-11-24 20:17:25,394 [Worker-124: Building] INFO  o.a.m.s.f.DefaultMavenResourcesFiltering - Copying 0 resource from src\main\resources to target\classes
2025-11-24 20:17:25,399 [Worker-124: Building] INFO  o.a.m.s.f.DefaultMavenResourcesFiltering - skip non existing resourceDirectory C:\Users\syeds\OneDrive\Documents\Desktop\CHUBB\Boot4_FlighBookingWebFluxMongoDB\src\test\resources
2025-11-24 20:17:46,576 [Worker-127: Building] INFO  o.a.m.s.f.DefaultMavenResourcesFiltering - Copying 1 resource from src\main\resources to target\classes
2025-11-24 20:17:46,585 [Worker-127: Building] INFO  o.a.m.s.f.DefaultMavenResourcesFiltering - Copying 0 resource from src\main\resources to target\classes
2025-11-24 20:17:46,589 [Worker-127: Building] INFO  o.a.m.s.f.DefaultMavenResourcesFiltering - skip non existing resourceDirectory C:\Users\syeds\OneDrive\Documents\Desktop\CHUBB\Boot4_FlighBookingWebFluxMongoDB\src\test\resources
2025-11-24 20:18:53,112 [Worker-120: Building] INFO  o.a.m.s.f.DefaultMavenResourcesFiltering - Copying 1 resource from src\main\resources to target\classes
2025-11-24 20:18:53,120 [Worker-120: Building] INFO  o.a.m.s.f.DefaultMavenResourcesFiltering - Copying 0 resource from src\main\resources to target\classes
2025-11-24 20:18:53,127 [Worker-120: Building] INFO  o.a.m.s.f.DefaultMavenResourcesFiltering - skip non existing resourceDirectory C:\Users\syeds\OneDrive\Documents\Desktop\CHUBB\Boot4_FlighBookingWebFluxMongoDB\src\test\resources
2025-11-24 20:19:33,230 [Worker-120: Building] INFO  o.a.m.s.f.DefaultMavenResourcesFiltering - Copying 1 resource from src\main\resources to target\classes
2025-11-24 20:19:33,238 [Worker-120: Building] INFO  o.a.m.s.f.DefaultMavenResourcesFiltering - Copying 0 resource from src\main\resources to target\classes
2025-11-24 20:19:33,243 [Worker-120: Building] INFO  o.a.m.s.f.DefaultMavenResourcesFiltering - skip non existing resourceDirectory C:\Users\syeds\OneDrive\Documents\Desktop\CHUBB\Boot4_FlighBookingWebFluxMongoDB\src\test\resources
2025-11-24 20:20:21,951 [Worker-127: Building] INFO  o.a.m.s.f.DefaultMavenResourcesFiltering - Copying 1 resource from src\main\resources to target\classes
2025-11-24 20:20:21,963 [Worker-127: Building] INFO  o.a.m.s.f.DefaultMavenResourcesFiltering - Copying 0 resource from src\main\resources to target\classes
2025-11-24 20:20:21,967 [Worker-127: Building] INFO  o.a.m.s.f.DefaultMavenResourcesFiltering - skip non existing resourceDirectory C:\Users\syeds\OneDrive\Documents\Desktop\CHUBB\Boot4_FlighBookingWebFluxMongoDB\src\test\resources
2025-11-24 20:21:21,299 [Worker-127: Launching Executing clean in C__Users_syeds_OneDrive_Documents_Desktop_CHUBB_Boot4_FlighBookingWebFluxMongoDB] INFO  o.eclipse.m2e.core.internal.Bundles - getClasspathEntries(Bundle=org.eclipse.m2e.maven.runtime_3.9.900.20240824-1409 [642])
2025-11-24 20:21:21,300 [Worker-127: Launching Executing clean in C__Users_syeds_OneDrive_Documents_Desktop_CHUBB_Boot4_FlighBookingWebFluxMongoDB] INFO  o.eclipse.m2e.core.internal.Bundles - 	Entry: C:\Users\syeds\.p2\pool\plugins\org.eclipse.m2e.maven.runtime_3.9.900.20240824-1409
2025-11-24 20:21:21,300 [Worker-127: Launching Executing clean in C__Users_syeds_OneDrive_Documents_Desktop_CHUBB_Boot4_FlighBookingWebFluxMongoDB] INFO  o.eclipse.m2e.core.internal.Bundles - 	Entry: C:\Users\syeds\.p2\pool\plugins\org.eclipse.m2e.maven.runtime_3.9.900.20240824-1409\jars\aopalliance-1.0.jar
2025-11-24 20:21:21,300 [Worker-127: Launching Executing clean in C__Users_syeds_OneDrive_Documents_Desktop_CHUBB_Boot4_FlighBookingWebFluxMongoDB] INFO  o.eclipse.m2e.core.internal.Bundles - 	Entry: C:\Users\syeds\.p2\pool\plugins\org.eclipse.m2e.maven.runtime_3.9.900.20240824-1409\jars\guice-5.1.0.jar
2025-11-24 20:21:21,300 [Worker-127: Launching Executing clean in C__Users_syeds_OneDrive_Documents_Desktop_CHUBB_Boot4_FlighBookingWebFluxMongoDB] INFO  o.eclipse.m2e.core.internal.Bundles - 	Entry: C:\Users\syeds\.p2\pool\plugins\org.eclipse.m2e.maven.runtime_3.9.900.20240824-1409\jars\httpclient-4.5.14.jar
2025-11-24 20:21:21,300 [Worker-127: Launching Executing clean in C__Users_syeds_OneDrive_Documents_Desktop_CHUBB_Boot4_FlighBookingWebFluxMongoDB] INFO  o.eclipse.m2e.core.internal.Bundles - 	Entry: C:\Users\syeds\.p2\pool\plugins\org.eclipse.m2e.maven.runtime_3.9.900.20240824-1409\jars\httpcore-4.4.16.jar
2025-11-24 20:21:21,300 [Worker-127: Launching Executing clean in C__Users_syeds_OneDrive_Documents_Desktop_CHUBB_Boot4_FlighBookingWebFluxMongoDB] INFO  o.eclipse.m2e.core.internal.Bundles - 	Entry: C:\Users\syeds\.p2\pool\plugins\org.eclipse.m2e.maven.runtime_3.9.900.20240824-1409\jars\jansi-2.4.1.jar
2025-11-24 20:21:21,300 [Worker-127: Launching Executing clean in C__Users_syeds_OneDrive_Documents_Desktop_CHUBB_Boot4_FlighBookingWebFluxMongoDB] INFO  o.eclipse.m2e.core.internal.Bundles - 	Entry: C:\Users\syeds\.p2\pool\plugins\org.eclipse.m2e.maven.runtime_3.9.900.20240824-1409\jars\jcl-over-slf4j-1.7.36.jar
2025-11-24 20:21:21,301 [Worker-127: Launching Executing clean in C__Users_syeds_OneDrive_Documents_Desktop_CHUBB_Boot4_FlighBookingWebFluxMongoDB] INFO  o.eclipse.m2e.core.internal.Bundles - 	Entry: C:\Users\syeds\.p2\pool\plugins\org.eclipse.m2e.maven.runtime_3.9.900.20240824-1409\jars\maven-artifact-3.9.9.jar
2025-11-24 20:21:21,301 [Worker-127: Launching Executing clean in C__Users_syeds_OneDrive_Documents_Desktop_CHUBB_Boot4_FlighBookingWebFluxMongoDB] INFO  o.eclipse.m2e.core.internal.Bundles - 	Entry: C:\Users\syeds\.p2\pool\plugins\org.eclipse.m2e.maven.runtime_3.9.900.20240824-1409\jars\maven-builder-support-3.9.9.jar
2025-11-24 20:21:21,301 [Worker-127: Launching Executing clean in C__Users_syeds_OneDrive_Documents_Desktop_CHUBB_Boot4_FlighBookingWebFluxMongoDB] INFO  o.eclipse.m2e.core.internal.Bundles - 	Entry: C:\Users\syeds\.p2\pool\plugins\org.eclipse.m2e.maven.runtime_3.9.900.20240824-1409\jars\maven-compat-3.9.9.jar
2025-11-24 20:21:21,301 [Worker-127: Launching Executing clean in C__Users_syeds_OneDrive_Documents_Desktop_CHUBB_Boot4_FlighBookingWebFluxMongoDB] INFO  o.eclipse.m2e.core.internal.Bundles - 	Entry: C:\Users\syeds\.p2\pool\plugins\org.eclipse.m2e.maven.runtime_3.9.900.20240824-1409\jars\maven-core-3.9.9.jar
2025-11-24 20:21:21,301 [Worker-127: Launching Executing clean in C__Users_syeds_OneDrive_Documents_Desktop_CHUBB_Boot4_FlighBookingWebFluxMongoDB] INFO  o.eclipse.m2e.core.internal.Bundles - 	Entry: C:\Users\syeds\.p2\pool\plugins\org.eclipse.m2e.maven.runtime_3.9.900.20240824-1409\jars\maven-embedder-3.9.9.jar
2025-11-24 20:21:21,301 [Worker-127: Launching Executing clean in C__Users_syeds_OneDrive_Documents_Desktop_CHUBB_Boot4_FlighBookingWebFluxMongoDB] INFO  o.eclipse.m2e.core.internal.Bundles - 	Entry: C:\Users\syeds\.p2\pool\plugins\org.eclipse.m2e.maven.runtime_3.9.900.20240824-1409\jars\maven-model-3.9.9.jar
2025-11-24 20:21:21,302 [Worker-127: Launching Executing clean in C__Users_syeds_OneDrive_Documents_Desktop_CHUBB_Boot4_FlighBookingWebFluxMongoDB] INFO  o.eclipse.m2e.core.internal.Bundles - 	Entry: C:\Users\syeds\.p2\pool\plugins\org.eclipse.m2e.maven.runtime_3.9.900.20240824-1409\jars\maven-model-builder-3.9.9.jar
2025-11-24 20:21:21,302 [Worker-127: Launching Executing clean in C__Users_syeds_OneDrive_Documents_Desktop_CHUBB_Boot4_FlighBookingWebFluxMongoDB] INFO  o.eclipse.m2e.core.internal.Bundles - 	Entry: C:\Users\syeds\.p2\pool\plugins\org.eclipse.m2e.maven.runtime_3.9.900.20240824-1409\jars\maven-plugin-api-3.9.9.jar
2025-11-24 20:21:21,302 [Worker-127: Launching Executing clean in C__Users_syeds_OneDrive_Documents_Desktop_CHUBB_Boot4_FlighBookingWebFluxMongoDB] INFO  o.eclipse.m2e.core.internal.Bundles - 	Entry: C:\Users\syeds\.p2\pool\plugins\org.eclipse.m2e.maven.runtime_3.9.900.20240824-1409\jars\maven-repository-metadata-3.9.9.jar
2025-11-24 20:21:21,302 [Worker-127: Launching Executing clean in C__Users_syeds_OneDrive_Documents_Desktop_CHUBB_Boot4_FlighBookingWebFluxMongoDB] INFO  o.eclipse.m2e.core.internal.Bundles - 	Entry: C:\Users\syeds\.p2\pool\plugins\org.eclipse.m2e.maven.runtime_3.9.900.20240824-1409\jars\maven-resolver-api-1.9.22.jar
2025-11-24 20:21:21,302 [Worker-127: Launching Executing clean in C__Users_syeds_OneDrive_Documents_Desktop_CHUBB_Boot4_FlighBookingWebFluxMongoDB] INFO  o.eclipse.m2e.core.internal.Bundles - 	Entry: C:\Users\syeds\.p2\pool\plugins\org.eclipse.m2e.maven.runtime_3.9.900.20240824-1409\jars\maven-resolver-connector-basic-1.9.22.jar
2025-11-24 20:21:21,302 [Worker-127: Launching Executing clean in C__Users_syeds_OneDrive_Documents_Desktop_CHUBB_Boot4_FlighBookingWebFluxMongoDB] INFO  o.eclipse.m2e.core.internal.Bundles - 	Entry: C:\Users\syeds\.p2\pool\plugins\org.eclipse.m2e.maven.runtime_3.9.900.20240824-1409\jars\maven-resolver-impl-1.9.22.jar
2025-11-24 20:21:21,302 [Worker-127: Launching Executing clean in C__Users_syeds_OneDrive_Documents_Desktop_CHUBB_Boot4_FlighBookingWebFluxMongoDB] INFO  o.eclipse.m2e.core.internal.Bundles - 	Entry: C:\Users\syeds\.p2\pool\plugins\org.eclipse.m2e.maven.runtime_3.9.900.20240824-1409\jars\maven-resolver-named-locks-1.9.22.jar
2025-11-24 20:21:21,302 [Worker-127: Launching Executing clean in C__Users_syeds_OneDrive_Documents_Desktop_CHUBB_Boot4_FlighBookingWebFluxMongoDB] INFO  o.eclipse.m2e.core.internal.Bundles - 	Entry: C:\Users\syeds\.p2\pool\plugins\org.eclipse.m2e.maven.runtime_3.9.900.20240824-1409\jars\maven-resolver-provider-3.9.9.jar
2025-11-24 20:21:21,302 [Worker-127: Launching Executing clean in C__Users_syeds_OneDrive_Documents_Desktop_CHUBB_Boot4_FlighBookingWebFluxMongoDB] INFO  o.eclipse.m2e.core.internal.Bundles - 	Entry: C:\Users\syeds\.p2\pool\plugins\org.eclipse.m2e.maven.runtime_3.9.900.20240824-1409\jars\maven-resolver-spi-1.9.22.jar
2025-11-24 20:21:21,303 [Worker-127: Launching Executing clean in C__Users_syeds_OneDrive_Documents_Desktop_CHUBB_Boot4_FlighBookingWebFluxMongoDB] INFO  o.eclipse.m2e.core.internal.Bundles - 	Entry: C:\Users\syeds\.p2\pool\plugins\org.eclipse.m2e.maven.runtime_3.9.900.20240824-1409\jars\maven-resolver-transport-file-1.9.22.jar
2025-11-24 20:21:21,303 [Worker-127: Launching Executing clean in C__Users_syeds_OneDrive_Documents_Desktop_CHUBB_Boot4_FlighBookingWebFluxMongoDB] INFO  o.eclipse.m2e.core.internal.Bundles - 	Entry: C:\Users\syeds\.p2\pool\plugins\org.eclipse.m2e.maven.runtime_3.9.900.20240824-1409\jars\maven-resolver-transport-http-1.9.22.jar
2025-11-24 20:21:21,303 [Worker-127: Launching Executing clean in C__Users_syeds_OneDrive_Documents_Desktop_CHUBB_Boot4_FlighBookingWebFluxMongoDB] INFO  o.eclipse.m2e.core.internal.Bundles - 	Entry: C:\Users\syeds\.p2\pool\plugins\org.eclipse.m2e.maven.runtime_3.9.900.20240824-1409\jars\maven-resolver-transport-wagon-1.9.22.jar
2025-11-24 20:21:21,303 [Worker-127: Launching Executing clean in C__Users_syeds_OneDrive_Documents_Desktop_CHUBB_Boot4_FlighBookingWebFluxMongoDB] INFO  o.eclipse.m2e.core.internal.Bundles - 	Entry: C:\Users\syeds\.p2\pool\plugins\org.eclipse.m2e.maven.runtime_3.9.900.20240824-1409\jars\maven-resolver-util-1.9.22.jar
2025-11-24 20:21:21,303 [Worker-127: Launching Executing clean in C__Users_syeds_OneDrive_Documents_Desktop_CHUBB_Boot4_FlighBookingWebFluxMongoDB] INFO  o.eclipse.m2e.core.internal.Bundles - 	Entry: C:\Users\syeds\.p2\pool\plugins\org.eclipse.m2e.maven.runtime_3.9.900.20240824-1409\jars\maven-settings-3.9.9.jar
2025-11-24 20:21:21,303 [Worker-127: Launching Executing clean in C__Users_syeds_OneDrive_Documents_Desktop_CHUBB_Boot4_FlighBookingWebFluxMongoDB] INFO  o.eclipse.m2e.core.internal.Bundles - 	Entry: C:\Users\syeds\.p2\pool\plugins\org.eclipse.m2e.maven.runtime_3.9.900.20240824-1409\jars\maven-settings-builder-3.9.9.jar
2025-11-24 20:21:21,303 [Worker-127: Launching Executing clean in C__Users_syeds_OneDrive_Documents_Desktop_CHUBB_Boot4_FlighBookingWebFluxMongoDB] INFO  o.eclipse.m2e.core.internal.Bundles - 	Entry: C:\Users\syeds\.p2\pool\plugins\org.eclipse.m2e.maven.runtime_3.9.900.20240824-1409\jars\maven-shared-utils-3.4.2.jar
2025-11-24 20:21:21,303 [Worker-127: Launching Executing clean in C__Users_syeds_OneDrive_Documents_Desktop_CHUBB_Boot4_FlighBookingWebFluxMongoDB] INFO  o.eclipse.m2e.core.internal.Bundles - 	Entry: C:\Users\syeds\.p2\pool\plugins\org.eclipse.m2e.maven.runtime_3.9.900.20240824-1409\jars\org.eclipse.sisu.inject-0.9.0.M3.jar
2025-11-24 20:21:21,304 [Worker-127: Launching Executing clean in C__Users_syeds_OneDrive_Documents_Desktop_CHUBB_Boot4_FlighBookingWebFluxMongoDB] INFO  o.eclipse.m2e.core.internal.Bundles - 	Entry: C:\Users\syeds\.p2\pool\plugins\org.eclipse.m2e.maven.runtime_3.9.900.20240824-1409\jars\org.eclipse.sisu.plexus-0.9.0.M3.jar
2025-11-24 20:21:21,304 [Worker-127: Launching Executing clean in C__Users_syeds_OneDrive_Documents_Desktop_CHUBB_Boot4_FlighBookingWebFluxMongoDB] INFO  o.eclipse.m2e.core.internal.Bundles - 	Entry: C:\Users\syeds\.p2\pool\plugins\org.eclipse.m2e.maven.runtime_3.9.900.20240824-1409\jars\plexus-build-api-0.0.7.jar
2025-11-24 20:21:21,304 [Worker-127: Launching Executing clean in C__Users_syeds_OneDrive_Documents_Desktop_CHUBB_Boot4_FlighBookingWebFluxMongoDB] INFO  o.eclipse.m2e.core.internal.Bundles - 	Entry: C:\Users\syeds\.p2\pool\plugins\org.eclipse.m2e.maven.runtime_3.9.900.20240824-1409\jars\plexus-build-api-1.2.0.jar
2025-11-24 20:21:21,304 [Worker-127: Launching Executing clean in C__Users_syeds_OneDrive_Documents_Desktop_CHUBB_Boot4_FlighBookingWebFluxMongoDB] INFO  o.eclipse.m2e.core.internal.Bundles - 	Entry: C:\Users\syeds\.p2\pool\plugins\org.eclipse.m2e.maven.runtime_3.9.900.20240824-1409\jars\plexus-cipher-2.0.jar
2025-11-24 20:21:21,304 [Worker-127: Launching Executing clean in C__Users_syeds_OneDrive_Documents_Desktop_CHUBB_Boot4_FlighBookingWebFluxMongoDB] INFO  o.eclipse.m2e.core.internal.Bundles - 	Entry: C:\Users\syeds\.p2\pool\plugins\org.eclipse.m2e.maven.runtime_3.9.900.20240824-1409\jars\plexus-classworlds-2.8.0.jar
2025-11-24 20:21:21,304 [Worker-127: Launching Executing clean in C__Users_syeds_OneDrive_Documents_Desktop_CHUBB_Boot4_FlighBookingWebFluxMongoDB] INFO  o.eclipse.m2e.core.internal.Bundles - 	Entry: C:\Users\syeds\.p2\pool\plugins\org.eclipse.m2e.maven.runtime_3.9.900.20240824-1409\jars\plexus-component-annotations-2.1.0.jar
2025-11-24 20:21:21,304 [Worker-127: Launching Executing clean in C__Users_syeds_OneDrive_Documents_Desktop_CHUBB_Boot4_FlighBookingWebFluxMongoDB] INFO  o.eclipse.m2e.core.internal.Bundles - 	Entry: C:\Users\syeds\.p2\pool\plugins\org.eclipse.m2e.maven.runtime_3.9.900.20240824-1409\jars\plexus-interpolation-1.27.jar
2025-11-24 20:21:21,304 [Worker-127: Launching Executing clean in C__Users_syeds_OneDrive_Documents_Desktop_CHUBB_Boot4_FlighBookingWebFluxMongoDB] INFO  o.eclipse.m2e.core.internal.Bundles - 	Entry: C:\Users\syeds\.p2\pool\plugins\org.eclipse.m2e.maven.runtime_3.9.900.20240824-1409\jars\plexus-sec-dispatcher-2.0.jar
2025-11-24 20:21:21,304 [Worker-127: Launching Executing clean in C__Users_syeds_OneDrive_Documents_Desktop_CHUBB_Boot4_FlighBookingWebFluxMongoDB] INFO  o.eclipse.m2e.core.internal.Bundles - 	Entry: C:\Users\syeds\.p2\pool\plugins\org.eclipse.m2e.maven.runtime_3.9.900.20240824-1409\jars\plexus-utils-3.5.1.jar
2025-11-24 20:21:21,304 [Worker-127: Launching Executing clean in C__Users_syeds_OneDrive_Documents_Desktop_CHUBB_Boot4_FlighBookingWebFluxMongoDB] INFO  o.eclipse.m2e.core.internal.Bundles - 	Entry: C:\Users\syeds\.p2\pool\plugins\org.eclipse.m2e.maven.runtime_3.9.900.20240824-1409\jars\plexus-xml-3.0.1.jar
2025-11-24 20:21:21,304 [Worker-127: Launching Executing clean in C__Users_syeds_OneDrive_Documents_Desktop_CHUBB_Boot4_FlighBookingWebFluxMongoDB] INFO  o.eclipse.m2e.core.internal.Bundles - 	Entry: C:\Users\syeds\.p2\pool\plugins\org.eclipse.m2e.maven.runtime_3.9.900.20240824-1409\jars\wagon-file-3.5.3.jar
2025-11-24 20:21:21,305 [Worker-127: Launching Executing clean in C__Users_syeds_OneDrive_Documents_Desktop_CHUBB_Boot4_FlighBookingWebFluxMongoDB] INFO  o.eclipse.m2e.core.internal.Bundles - 	Entry: C:\Users\syeds\.p2\pool\plugins\org.eclipse.m2e.maven.runtime_3.9.900.20240824-1409\jars\wagon-http-3.5.3.jar
2025-11-24 20:21:21,306 [Worker-127: Launching Executing clean in C__Users_syeds_OneDrive_Documents_Desktop_CHUBB_Boot4_FlighBookingWebFluxMongoDB] INFO  o.eclipse.m2e.core.internal.Bundles - 	Entry: C:\Users\syeds\.p2\pool\plugins\org.eclipse.m2e.maven.runtime_3.9.900.20240824-1409\jars\wagon-http-shared-3.5.3.jar
2025-11-24 20:21:21,306 [Worker-127: Launching Executing clean in C__Users_syeds_OneDrive_Documents_Desktop_CHUBB_Boot4_FlighBookingWebFluxMongoDB] INFO  o.eclipse.m2e.core.internal.Bundles - 	Entry: C:\Users\syeds\.p2\pool\plugins\org.eclipse.m2e.maven.runtime_3.9.900.20240824-1409\jars\wagon-provider-api-3.5.3.jar
2025-11-24 20:21:21,307 [Worker-127: Launching Executing clean in C__Users_syeds_OneDrive_Documents_Desktop_CHUBB_Boot4_FlighBookingWebFluxMongoDB] INFO  o.eclipse.m2e.core.internal.Bundles - getClasspathEntries(Bundle=com.google.guava_33.4.8.jre [1030])
2025-11-24 20:21:21,307 [Worker-127: Launching Executing clean in C__Users_syeds_OneDrive_Documents_Desktop_CHUBB_Boot4_FlighBookingWebFluxMongoDB] INFO  o.eclipse.m2e.core.internal.Bundles - 	Entry: C:\Users\syeds\.p2\pool\plugins\com.google.guava_33.4.8.jre.jar
2025-11-24 20:21:21,307 [Worker-127: Launching Executing clean in C__Users_syeds_OneDrive_Documents_Desktop_CHUBB_Boot4_FlighBookingWebFluxMongoDB] INFO  o.eclipse.m2e.core.internal.Bundles - getClasspathEntries(Bundle=slf4j.api_2.0.17 [1007])
2025-11-24 20:21:21,309 [Worker-127: Launching Executing clean in C__Users_syeds_OneDrive_Documents_Desktop_CHUBB_Boot4_FlighBookingWebFluxMongoDB] INFO  o.eclipse.m2e.core.internal.Bundles - 	Entry: C:\Users\syeds\.p2\pool\plugins\slf4j.api_2.0.17.jar
2025-11-24 20:21:21,309 [Worker-127: Launching Executing clean in C__Users_syeds_OneDrive_Documents_Desktop_CHUBB_Boot4_FlighBookingWebFluxMongoDB] INFO  o.eclipse.m2e.core.internal.Bundles - getClasspathEntries(Bundle=javax.inject_1.0.0.v20220405-0441 [1123])
2025-11-24 20:21:21,309 [Worker-127: Launching Executing clean in C__Users_syeds_OneDrive_Documents_Desktop_CHUBB_Boot4_FlighBookingWebFluxMongoDB] INFO  o.eclipse.m2e.core.internal.Bundles - 	Entry: C:\Users\syeds\.p2\pool\plugins\javax.inject_1.0.0.v20220405-0441.jar
2025-11-24 20:21:21,309 [Worker-127: Launching Executing clean in C__Users_syeds_OneDrive_Documents_Desktop_CHUBB_Boot4_FlighBookingWebFluxMongoDB] INFO  o.eclipse.m2e.core.internal.Bundles - getClasspathEntries(Bundle=javax.annotation_1.3.5.v20230504-0748 [1122])
2025-11-24 20:21:21,309 [Worker-127: Launching Executing clean in C__Users_syeds_OneDrive_Documents_Desktop_CHUBB_Boot4_FlighBookingWebFluxMongoDB] INFO  o.eclipse.m2e.core.internal.Bundles - 	Entry: C:\Users\syeds\.p2\pool\plugins\javax.annotation_1.3.5.v20230504-0748.jar
2025-11-24 20:21:21,309 [Worker-127: Launching Executing clean in C__Users_syeds_OneDrive_Documents_Desktop_CHUBB_Boot4_FlighBookingWebFluxMongoDB] INFO  o.eclipse.m2e.core.internal.Bundles - getClasspathEntries(Bundle=org.apache.commons.cli_1.9.0 [78])
2025-11-24 20:21:21,310 [Worker-127: Launching Executing clean in C__Users_syeds_OneDrive_Documents_Desktop_CHUBB_Boot4_FlighBookingWebFluxMongoDB] INFO  o.eclipse.m2e.core.internal.Bundles - 	Entry: C:\Users\syeds\.p2\pool\plugins\org.apache.commons.cli_1.9.0.jar
2025-11-24 20:21:21,310 [Worker-127: Launching Executing clean in C__Users_syeds_OneDrive_Documents_Desktop_CHUBB_Boot4_FlighBookingWebFluxMongoDB] INFO  o.eclipse.m2e.core.internal.Bundles - getClasspathEntries(Bundle=org.apache.commons.commons-codec_1.16.0 [81])
2025-11-24 20:21:21,310 [Worker-127: Launching Executing clean in C__Users_syeds_OneDrive_Documents_Desktop_CHUBB_Boot4_FlighBookingWebFluxMongoDB] INFO  o.eclipse.m2e.core.internal.Bundles - 	Entry: C:\Users\syeds\.p2\pool\plugins\org.apache.commons.commons-codec_1.16.0.jar
2025-11-24 20:21:21,310 [Worker-127: Launching Executing clean in C__Users_syeds_OneDrive_Documents_Desktop_CHUBB_Boot4_FlighBookingWebFluxMongoDB] INFO  o.eclipse.m2e.core.internal.Bundles - getClasspathEntries(Bundle=com.google.guava.failureaccess_1.0.3 [1031])
2025-11-24 20:21:21,310 [Worker-127: Launching Executing clean in C__Users_syeds_OneDrive_Documents_Desktop_CHUBB_Boot4_FlighBookingWebFluxMongoDB] INFO  o.eclipse.m2e.core.internal.Bundles - 	Entry: C:\Users\syeds\.p2\pool\plugins\com.google.guava.failureaccess_1.0.3.jar
2025-11-24 20:21:21,313 [Worker-127: Launching Executing clean in C__Users_syeds_OneDrive_Documents_Desktop_CHUBB_Boot4_FlighBookingWebFluxMongoDB] INFO  o.e.m.i.launch.MavenLaunchDelegate - Run build in "C:\Users\syeds\OneDrive\Documents\Desktop\CHUBB\Boot4_FlighBookingWebFluxMongoDB":
2025-11-24 20:21:21,314 [Worker-127: Launching Executing clean in C__Users_syeds_OneDrive_Documents_Desktop_CHUBB_Boot4_FlighBookingWebFluxMongoDB] INFO  o.e.m.i.launch.MavenLaunchDelegate -  mvn  -Ppom.xml -B -Dstyle.color=always clean
2025-11-24 20:21:26,023 [Worker-130: Building] INFO  o.a.m.s.f.DefaultMavenResourcesFiltering - Copying 1 resource from src\main\resources to target\classes
2025-11-24 20:21:26,025 [Worker-130: Building] INFO  o.a.m.s.f.DefaultMavenResourcesFiltering - Copying 0 resource from src\main\resources to target\classes
2025-11-24 20:21:26,029 [Worker-130: Building] INFO  o.a.m.s.f.DefaultMavenResourcesFiltering - skip non existing resourceDirectory C:\Users\syeds\OneDrive\Documents\Desktop\CHUBB\Boot4_FlighBookingWebFluxMongoDB\src\test\resources
2025-11-24 20:22:52,412 [main] INFO  o.e.m2e.actions.ExecutePomAction - Creating new launch configuration
2025-11-24 20:23:01,753 [Worker-126: Launching Boot4_FlighBookingWebFluxMongoDB] INFO  o.eclipse.m2e.core.internal.Bundles - getClasspathEntries(Bundle=org.eclipse.m2e.maven.runtime_3.9.900.20240824-1409 [642])
2025-11-24 20:23:01,754 [Worker-126: Launching Boot4_FlighBookingWebFluxMongoDB] INFO  o.eclipse.m2e.core.internal.Bundles - 	Entry: C:\Users\syeds\.p2\pool\plugins\org.eclipse.m2e.maven.runtime_3.9.900.20240824-1409
2025-11-24 20:23:01,754 [Worker-126: Launching Boot4_FlighBookingWebFluxMongoDB] INFO  o.eclipse.m2e.core.internal.Bundles - 	Entry: C:\Users\syeds\.p2\pool\plugins\org.eclipse.m2e.maven.runtime_3.9.900.20240824-1409\jars\aopalliance-1.0.jar
2025-11-24 20:23:01,754 [Worker-126: Launching Boot4_FlighBookingWebFluxMongoDB] INFO  o.eclipse.m2e.core.internal.Bundles - 	Entry: C:\Users\syeds\.p2\pool\plugins\org.eclipse.m2e.maven.runtime_3.9.900.20240824-1409\jars\guice-5.1.0.jar
2025-11-24 20:23:01,754 [Worker-126: Launching Boot4_FlighBookingWebFluxMongoDB] INFO  o.eclipse.m2e.core.internal.Bundles - 	Entry: C:\Users\syeds\.p2\pool\plugins\org.eclipse.m2e.maven.runtime_3.9.900.20240824-1409\jars\httpclient-4.5.14.jar
2025-11-24 20:23:01,754 [Worker-126: Launching Boot4_FlighBookingWebFluxMongoDB] INFO  o.eclipse.m2e.core.internal.Bundles - 	Entry: C:\Users\syeds\.p2\pool\plugins\org.eclipse.m2e.maven.runtime_3.9.900.20240824-1409\jars\httpcore-4.4.16.jar
2025-11-24 20:23:01,754 [Worker-126: Launching Boot4_FlighBookingWebFluxMongoDB] INFO  o.eclipse.m2e.core.internal.Bundles - 	Entry: C:\Users\syeds\.p2\pool\plugins\org.eclipse.m2e.maven.runtime_3.9.900.20240824-1409\jars\jansi-2.4.1.jar
2025-11-24 20:23:01,754 [Worker-126: Launching Boot4_FlighBookingWebFluxMongoDB] INFO  o.eclipse.m2e.core.internal.Bundles - 	Entry: C:\Users\syeds\.p2\pool\plugins\org.eclipse.m2e.maven.runtime_3.9.900.20240824-1409\jars\jcl-over-slf4j-1.7.36.jar
2025-11-24 20:23:01,755 [Worker-126: Launching Boot4_FlighBookingWebFluxMongoDB] INFO  o.eclipse.m2e.core.internal.Bundles - 	Entry: C:\Users\syeds\.p2\pool\plugins\org.eclipse.m2e.maven.runtime_3.9.900.20240824-1409\jars\maven-artifact-3.9.9.jar
2025-11-24 20:23:01,755 [Worker-126: Launching Boot4_FlighBookingWebFluxMongoDB] INFO  o.eclipse.m2e.core.internal.Bundles - 	Entry: C:\Users\syeds\.p2\pool\plugins\org.eclipse.m2e.maven.runtime_3.9.900.20240824-1409\jars\maven-builder-support-3.9.9.jar
2025-11-24 20:23:01,755 [Worker-126: Launching Boot4_FlighBookingWebFluxMongoDB] INFO  o.eclipse.m2e.core.internal.Bundles - 	Entry: C:\Users\syeds\.p2\pool\plugins\org.eclipse.m2e.maven.runtime_3.9.900.20240824-1409\jars\maven-compat-3.9.9.jar
2025-11-24 20:23:01,756 [Worker-126: Launching Boot4_FlighBookingWebFluxMongoDB] INFO  o.eclipse.m2e.core.internal.Bundles - 	Entry: C:\Users\syeds\.p2\pool\plugins\org.eclipse.m2e.maven.runtime_3.9.900.20240824-1409\jars\maven-core-3.9.9.jar
2025-11-24 20:23:01,756 [Worker-126: Launching Boot4_FlighBookingWebFluxMongoDB] INFO  o.eclipse.m2e.core.internal.Bundles - 	Entry: C:\Users\syeds\.p2\pool\plugins\org.eclipse.m2e.maven.runtime_3.9.900.20240824-1409\jars\maven-embedder-3.9.9.jar
2025-11-24 20:23:01,756 [Worker-126: Launching Boot4_FlighBookingWebFluxMongoDB] INFO  o.eclipse.m2e.core.internal.Bundles - 	Entry: C:\Users\syeds\.p2\pool\plugins\org.eclipse.m2e.maven.runtime_3.9.900.20240824-1409\jars\maven-model-3.9.9.jar
2025-11-24 20:23:01,756 [Worker-126: Launching Boot4_FlighBookingWebFluxMongoDB] INFO  o.eclipse.m2e.core.internal.Bundles - 	Entry: C:\Users\syeds\.p2\pool\plugins\org.eclipse.m2e.maven.runtime_3.9.900.20240824-1409\jars\maven-model-builder-3.9.9.jar
2025-11-24 20:23:01,756 [Worker-126: Launching Boot4_FlighBookingWebFluxMongoDB] INFO  o.eclipse.m2e.core.internal.Bundles - 	Entry: C:\Users\syeds\.p2\pool\plugins\org.eclipse.m2e.maven.runtime_3.9.900.20240824-1409\jars\maven-plugin-api-3.9.9.jar
2025-11-24 20:23:01,756 [Worker-126: Launching Boot4_FlighBookingWebFluxMongoDB] INFO  o.eclipse.m2e.core.internal.Bundles - 	Entry: C:\Users\syeds\.p2\pool\plugins\org.eclipse.m2e.maven.runtime_3.9.900.20240824-1409\jars\maven-repository-metadata-3.9.9.jar
2025-11-24 20:23:01,757 [Worker-126: Launching Boot4_FlighBookingWebFluxMongoDB] INFO  o.eclipse.m2e.core.internal.Bundles - 	Entry: C:\Users\syeds\.p2\pool\plugins\org.eclipse.m2e.maven.runtime_3.9.900.20240824-1409\jars\maven-resolver-api-1.9.22.jar
2025-11-24 20:23:01,757 [Worker-126: Launching Boot4_FlighBookingWebFluxMongoDB] INFO  o.eclipse.m2e.core.internal.Bundles - 	Entry: C:\Users\syeds\.p2\pool\plugins\org.eclipse.m2e.maven.runtime_3.9.900.20240824-1409\jars\maven-resolver-connector-basic-1.9.22.jar
2025-11-24 20:23:01,757 [Worker-126: Launching Boot4_FlighBookingWebFluxMongoDB] INFO  o.eclipse.m2e.core.internal.Bundles - 	Entry: C:\Users\syeds\.p2\pool\plugins\org.eclipse.m2e.maven.runtime_3.9.900.20240824-1409\jars\maven-resolver-impl-1.9.22.jar
2025-11-24 20:23:01,757 [Worker-126: Launching Boot4_FlighBookingWebFluxMongoDB] INFO  o.eclipse.m2e.core.internal.Bundles - 	Entry: C:\Users\syeds\.p2\pool\plugins\org.eclipse.m2e.maven.runtime_3.9.900.20240824-1409\jars\maven-resolver-named-locks-1.9.22.jar
2025-11-24 20:23:01,757 [Worker-126: Launching Boot4_FlighBookingWebFluxMongoDB] INFO  o.eclipse.m2e.core.internal.Bundles - 	Entry: C:\Users\syeds\.p2\pool\plugins\org.eclipse.m2e.maven.runtime_3.9.900.20240824-1409\jars\maven-resolver-provider-3.9.9.jar
2025-11-24 20:23:01,757 [Worker-126: Launching Boot4_FlighBookingWebFluxMongoDB] INFO  o.eclipse.m2e.core.internal.Bundles - 	Entry: C:\Users\syeds\.p2\pool\plugins\org.eclipse.m2e.maven.runtime_3.9.900.20240824-1409\jars\maven-resolver-spi-1.9.22.jar
2025-11-24 20:23:01,757 [Worker-126: Launching Boot4_FlighBookingWebFluxMongoDB] INFO  o.eclipse.m2e.core.internal.Bundles - 	Entry: C:\Users\syeds\.p2\pool\plugins\org.eclipse.m2e.maven.runtime_3.9.900.20240824-1409\jars\maven-resolver-transport-file-1.9.22.jar
2025-11-24 20:23:01,757 [Worker-126: Launching Boot4_FlighBookingWebFluxMongoDB] INFO  o.eclipse.m2e.core.internal.Bundles - 	Entry: C:\Users\syeds\.p2\pool\plugins\org.eclipse.m2e.maven.runtime_3.9.900.20240824-1409\jars\maven-resolver-transport-http-1.9.22.jar
2025-11-24 20:23:01,759 [Worker-126: Launching Boot4_FlighBookingWebFluxMongoDB] INFO  o.eclipse.m2e.core.internal.Bundles - 	Entry: C:\Users\syeds\.p2\pool\plugins\org.eclipse.m2e.maven.runtime_3.9.900.20240824-1409\jars\maven-resolver-transport-wagon-1.9.22.jar
2025-11-24 20:23:01,759 [Worker-126: Launching Boot4_FlighBookingWebFluxMongoDB] INFO  o.eclipse.m2e.core.internal.Bundles - 	Entry: C:\Users\syeds\.p2\pool\plugins\org.eclipse.m2e.maven.runtime_3.9.900.20240824-1409\jars\maven-resolver-util-1.9.22.jar
2025-11-24 20:23:01,759 [Worker-126: Launching Boot4_FlighBookingWebFluxMongoDB] INFO  o.eclipse.m2e.core.internal.Bundles - 	Entry: C:\Users\syeds\.p2\pool\plugins\org.eclipse.m2e.maven.runtime_3.9.900.20240824-1409\jars\maven-settings-3.9.9.jar
2025-11-24 20:23:01,759 [Worker-126: Launching Boot4_FlighBookingWebFluxMongoDB] INFO  o.eclipse.m2e.core.internal.Bundles - 	Entry: C:\Users\syeds\.p2\pool\plugins\org.eclipse.m2e.maven.runtime_3.9.900.20240824-1409\jars\maven-settings-builder-3.9.9.jar
2025-11-24 20:23:01,759 [Worker-126: Launching Boot4_FlighBookingWebFluxMongoDB] INFO  o.eclipse.m2e.core.internal.Bundles - 	Entry: C:\Users\syeds\.p2\pool\plugins\org.eclipse.m2e.maven.runtime_3.9.900.20240824-1409\jars\maven-shared-utils-3.4.2.jar
2025-11-24 20:23:01,759 [Worker-126: Launching Boot4_FlighBookingWebFluxMongoDB] INFO  o.eclipse.m2e.core.internal.Bundles - 	Entry: C:\Users\syeds\.p2\pool\plugins\org.eclipse.m2e.maven.runtime_3.9.900.20240824-1409\jars\org.eclipse.sisu.inject-0.9.0.M3.jar
2025-11-24 20:23:01,760 [Worker-126: Launching Boot4_FlighBookingWebFluxMongoDB] INFO  o.eclipse.m2e.core.internal.Bundles - 	Entry: C:\Users\syeds\.p2\pool\plugins\org.eclipse.m2e.maven.runtime_3.9.900.20240824-1409\jars\org.eclipse.sisu.plexus-0.9.0.M3.jar
2025-11-24 20:23:01,760 [Worker-126: Launching Boot4_FlighBookingWebFluxMongoDB] INFO  o.eclipse.m2e.core.internal.Bundles - 	Entry: C:\Users\syeds\.p2\pool\plugins\org.eclipse.m2e.maven.runtime_3.9.900.20240824-1409\jars\plexus-build-api-0.0.7.jar
2025-11-24 20:23:01,760 [Worker-126: Launching Boot4_FlighBookingWebFluxMongoDB] INFO  o.eclipse.m2e.core.internal.Bundles - 	Entry: C:\Users\syeds\.p2\pool\plugins\org.eclipse.m2e.maven.runtime_3.9.900.20240824-1409\jars\plexus-build-api-1.2.0.jar
2025-11-24 20:23:01,760 [Worker-126: Launching Boot4_FlighBookingWebFluxMongoDB] INFO  o.eclipse.m2e.core.internal.Bundles - 	Entry: C:\Users\syeds\.p2\pool\plugins\org.eclipse.m2e.maven.runtime_3.9.900.20240824-1409\jars\plexus-cipher-2.0.jar
2025-11-24 20:23:01,760 [Worker-126: Launching Boot4_FlighBookingWebFluxMongoDB] INFO  o.eclipse.m2e.core.internal.Bundles - 	Entry: C:\Users\syeds\.p2\pool\plugins\org.eclipse.m2e.maven.runtime_3.9.900.20240824-1409\jars\plexus-classworlds-2.8.0.jar
2025-11-24 20:23:01,761 [Worker-126: Launching Boot4_FlighBookingWebFluxMongoDB] INFO  o.eclipse.m2e.core.internal.Bundles - 	Entry: C:\Users\syeds\.p2\pool\plugins\org.eclipse.m2e.maven.runtime_3.9.900.20240824-1409\jars\plexus-component-annotations-2.1.0.jar
2025-11-24 20:23:01,761 [Worker-126: Launching Boot4_FlighBookingWebFluxMongoDB] INFO  o.eclipse.m2e.core.internal.Bundles - 	Entry: C:\Users\syeds\.p2\pool\plugins\org.eclipse.m2e.maven.runtime_3.9.900.20240824-1409\jars\plexus-interpolation-1.27.jar
2025-11-24 20:23:01,761 [Worker-126: Launching Boot4_FlighBookingWebFluxMongoDB] INFO  o.eclipse.m2e.core.internal.Bundles - 	Entry: C:\Users\syeds\.p2\pool\plugins\org.eclipse.m2e.maven.runtime_3.9.900.20240824-1409\jars\plexus-sec-dispatcher-2.0.jar
2025-11-24 20:23:01,761 [Worker-126: Launching Boot4_FlighBookingWebFluxMongoDB] INFO  o.eclipse.m2e.core.internal.Bundles - 	Entry: C:\Users\syeds\.p2\pool\plugins\org.eclipse.m2e.maven.runtime_3.9.900.20240824-1409\jars\plexus-utils-3.5.1.jar
2025-11-24 20:23:01,761 [Worker-126: Launching Boot4_FlighBookingWebFluxMongoDB] INFO  o.eclipse.m2e.core.internal.Bundles - 	Entry: C:\Users\syeds\.p2\pool\plugins\org.eclipse.m2e.maven.runtime_3.9.900.20240824-1409\jars\plexus-xml-3.0.1.jar
2025-11-24 20:23:01,762 [Worker-126: Launching Boot4_FlighBookingWebFluxMongoDB] INFO  o.eclipse.m2e.core.internal.Bundles - 	Entry: C:\Users\syeds\.p2\pool\plugins\org.eclipse.m2e.maven.runtime_3.9.900.20240824-1409\jars\wagon-file-3.5.3.jar
2025-11-24 20:23:01,762 [Worker-126: Launching Boot4_FlighBookingWebFluxMongoDB] INFO  o.eclipse.m2e.core.internal.Bundles - 	Entry: C:\Users\syeds\.p2\pool\plugins\org.eclipse.m2e.maven.runtime_3.9.900.20240824-1409\jars\wagon-http-3.5.3.jar
2025-11-24 20:23:01,762 [Worker-126: Launching Boot4_FlighBookingWebFluxMongoDB] INFO  o.eclipse.m2e.core.internal.Bundles - 	Entry: C:\Users\syeds\.p2\pool\plugins\org.eclipse.m2e.maven.runtime_3.9.900.20240824-1409\jars\wagon-http-shared-3.5.3.jar
2025-11-24 20:23:01,762 [Worker-126: Launching Boot4_FlighBookingWebFluxMongoDB] INFO  o.eclipse.m2e.core.internal.Bundles - 	Entry: C:\Users\syeds\.p2\pool\plugins\org.eclipse.m2e.maven.runtime_3.9.900.20240824-1409\jars\wagon-provider-api-3.5.3.jar
2025-11-24 20:23:01,762 [Worker-126: Launching Boot4_FlighBookingWebFluxMongoDB] INFO  o.eclipse.m2e.core.internal.Bundles - getClasspathEntries(Bundle=com.google.guava_33.4.8.jre [1030])
2025-11-24 20:23:01,763 [Worker-126: Launching Boot4_FlighBookingWebFluxMongoDB] INFO  o.eclipse.m2e.core.internal.Bundles - 	Entry: C:\Users\syeds\.p2\pool\plugins\com.google.guava_33.4.8.jre.jar
2025-11-24 20:23:01,763 [Worker-126: Launching Boot4_FlighBookingWebFluxMongoDB] INFO  o.eclipse.m2e.core.internal.Bundles - getClasspathEntries(Bundle=slf4j.api_2.0.17 [1007])
2025-11-24 20:23:01,763 [Worker-126: Launching Boot4_FlighBookingWebFluxMongoDB] INFO  o.eclipse.m2e.core.internal.Bundles - 	Entry: C:\Users\syeds\.p2\pool\plugins\slf4j.api_2.0.17.jar
2025-11-24 20:23:01,763 [Worker-126: Launching Boot4_FlighBookingWebFluxMongoDB] INFO  o.eclipse.m2e.core.internal.Bundles - getClasspathEntries(Bundle=javax.inject_1.0.0.v20220405-0441 [1123])
2025-11-24 20:23:01,763 [Worker-126: Launching Boot4_FlighBookingWebFluxMongoDB] INFO  o.eclipse.m2e.core.internal.Bundles - 	Entry: C:\Users\syeds\.p2\pool\plugins\javax.inject_1.0.0.v20220405-0441.jar
2025-11-24 20:23:01,763 [Worker-126: Launching Boot4_FlighBookingWebFluxMongoDB] INFO  o.eclipse.m2e.core.internal.Bundles - getClasspathEntries(Bundle=javax.annotation_1.3.5.v20230504-0748 [1122])
2025-11-24 20:23:01,764 [Worker-126: Launching Boot4_FlighBookingWebFluxMongoDB] INFO  o.eclipse.m2e.core.internal.Bundles - 	Entry: C:\Users\syeds\.p2\pool\plugins\javax.annotation_1.3.5.v20230504-0748.jar
2025-11-24 20:23:01,764 [Worker-126: Launching Boot4_FlighBookingWebFluxMongoDB] INFO  o.eclipse.m2e.core.internal.Bundles - getClasspathEntries(Bundle=org.apache.commons.cli_1.9.0 [78])
2025-11-24 20:23:01,764 [Worker-126: Launching Boot4_FlighBookingWebFluxMongoDB] INFO  o.eclipse.m2e.core.internal.Bundles - 	Entry: C:\Users\syeds\.p2\pool\plugins\org.apache.commons.cli_1.9.0.jar
2025-11-24 20:23:01,764 [Worker-126: Launching Boot4_FlighBookingWebFluxMongoDB] INFO  o.eclipse.m2e.core.internal.Bundles - getClasspathEntries(Bundle=org.apache.commons.commons-codec_1.16.0 [81])
2025-11-24 20:23:01,764 [Worker-126: Launching Boot4_FlighBookingWebFluxMongoDB] INFO  o.eclipse.m2e.core.internal.Bundles - 	Entry: C:\Users\syeds\.p2\pool\plugins\org.apache.commons.commons-codec_1.16.0.jar
2025-11-24 20:23:01,765 [Worker-126: Launching Boot4_FlighBookingWebFluxMongoDB] INFO  o.eclipse.m2e.core.internal.Bundles - getClasspathEntries(Bundle=com.google.guava.failureaccess_1.0.3 [1031])
2025-11-24 20:23:01,765 [Worker-126: Launching Boot4_FlighBookingWebFluxMongoDB] INFO  o.eclipse.m2e.core.internal.Bundles - 	Entry: C:\Users\syeds\.p2\pool\plugins\com.google.guava.failureaccess_1.0.3.jar
2025-11-24 20:23:01,768 [Worker-126: Launching Boot4_FlighBookingWebFluxMongoDB] INFO  o.e.m.i.launch.MavenLaunchDelegate - Run build in "C:\Users\syeds\OneDrive\Documents\Desktop\CHUBB\Boot4_FlighBookingWebFluxMongoDB":
2025-11-24 20:23:01,768 [Worker-126: Launching Boot4_FlighBookingWebFluxMongoDB] INFO  o.e.m.i.launch.MavenLaunchDelegate -  mvn  -Ppom.xml -B -Dstyle.color=always clean install
2025-11-24 20:23:31,108 [Worker-126: Cleaning all projects] ERROR o.e.m.c.i.p.r.ProjectRegistryManager - Could not read pom.xml
org.eclipse.core.runtime.CoreException: Could not read pom.xml
	at org.eclipse.m2e.core.internal.IMavenToolbox.readModel(IMavenToolbox.java:245)
	at org.eclipse.m2e.core.internal.project.registry.ProjectRegistryManager.refreshPhase2(ProjectRegistryManager.java:591)
	at org.eclipse.m2e.core.internal.project.registry.ProjectRegistryManager.refresh(ProjectRegistryManager.java:491)
	at org.eclipse.m2e.core.internal.project.registry.ProjectRegistryManager.refresh(ProjectRegistryManager.java:370)
	at org.eclipse.m2e.core.internal.project.registry.ProjectRegistryManager.refresh(ProjectRegistryManager.java:322)
	at org.eclipse.m2e.core.internal.builder.MavenBuilder$BuildMethod.getProjectFacade(MavenBuilder.java:146)
	at org.eclipse.m2e.core.internal.builder.MavenBuilder$BuildMethod.lambda$0(MavenBuilder.java:84)
	at org.eclipse.m2e.core.internal.embedder.MavenExecutionContext.executeBare(MavenExecutionContext.java:458)
	at org.eclipse.m2e.core.internal.embedder.MavenExecutionContext.execute(MavenExecutionContext.java:339)
	at org.eclipse.m2e.core.internal.embedder.MavenExecutionContext.execute(MavenExecutionContext.java:278)
	at org.eclipse.m2e.core.internal.builder.MavenBuilder$BuildMethod.execute(MavenBuilder.java:83)
	at org.eclipse.m2e.core.internal.builder.MavenBuilder.clean(MavenBuilder.java:204)
	at org.eclipse.core.internal.events.BuildManager$2.run(BuildManager.java:1082)
	at org.eclipse.core.runtime.SafeRunner.run(SafeRunner.java:47)
	at org.eclipse.core.internal.events.BuildManager.basicBuild(BuildManager.java:296)
	at org.eclipse.core.internal.events.BuildManager.basicBuild(BuildManager.java:352)
	at org.eclipse.core.internal.events.BuildManager$1.run(BuildManager.java:441)
	at org.eclipse.core.runtime.SafeRunner.run(SafeRunner.java:47)
	at org.eclipse.core.internal.events.BuildManager.basicBuild(BuildManager.java:444)
	at org.eclipse.core.internal.events.BuildManager.basicBuildLoop(BuildManager.java:555)
	at org.eclipse.core.internal.events.BuildManager.basicBuildLoop(BuildManager.java:503)
	at org.eclipse.core.internal.events.BuildManager.build(BuildManager.java:585)
	at org.eclipse.core.internal.resources.Workspace.buildInternal(Workspace.java:595)
	at org.eclipse.core.internal.resources.Workspace.build(Workspace.java:484)
	at org.eclipse.ui.internal.ide.dialogs.CleanDialog.doClean(CleanDialog.java:355)
	at org.eclipse.ui.internal.ide.dialogs.CleanDialog$1.runInWorkspace(CleanDialog.java:159)
	at org.eclipse.core.internal.resources.InternalWorkspaceJob.run(InternalWorkspaceJob.java:43)
	at org.eclipse.core.internal.jobs.Worker.run(Worker.java:63)
Caused by: org.apache.maven.model.io.ModelParseException: end tag name </dependencyManagement> must match start tag name <project> from line 2 (position: TEXT seen ...</dependencies>\r\n</dependencyManagement>... @51:24) 
	at org.apache.maven.model.io.DefaultModelReader.read(DefaultModelReader.java:96)
	at org.apache.maven.model.io.DefaultModelReader.read(DefaultModelReader.java:74)
	at org.eclipse.m2e.core.internal.IMavenToolbox.readModel(IMavenToolbox.java:243)
	... 27 common frames omitted
Caused by: org.codehaus.plexus.util.xml.pull.XmlPullParserException: end tag name </dependencyManagement> must match start tag name <project> from line 2 (position: TEXT seen ...</dependencies>\r\n</dependencyManagement>... @51:24) 
	at org.codehaus.plexus.util.xml.pull.MXParser.parseEndTag(MXParser.java:2151)
	at org.codehaus.plexus.util.xml.pull.MXParser.nextImpl(MXParser.java:1418)
	at org.codehaus.plexus.util.xml.pull.MXParser.next(MXParser.java:1375)
	at org.codehaus.plexus.util.xml.pull.MXParser.nextTag(MXParser.java:1360)
	at org.apache.maven.model.io.xpp3.MavenXpp3Reader.parseModel(MavenXpp3Reader.java:2155)
	at org.apache.maven.model.io.xpp3.MavenXpp3Reader.read(MavenXpp3Reader.java:623)
	at org.apache.maven.model.io.xpp3.MavenXpp3Reader.read(MavenXpp3Reader.java:654)
	at org.apache.maven.model.io.DefaultModelReader.read(DefaultModelReader.java:93)
	... 29 common frames omitted
2025-11-24 20:23:32,854 [Worker-129: Building] WARN  o.a.m.s.f.DefaultMavenResourcesFiltering - Using platform encoding (UTF-8 actually) to copy filtered resources, i.e. build is platform dependent!
2025-11-24 20:23:32,858 [Worker-129: Building] INFO  o.a.m.s.f.DefaultMavenResourcesFiltering - skip non existing resourceDirectory C:\Users\syeds\OneDrive\Documents\Desktop\CHUBB\Assignment1\src\main\resources
2025-11-24 20:23:32,866 [Worker-129: Building] WARN  o.a.m.s.f.DefaultMavenResourcesFiltering - Using platform encoding (UTF-8 actually) to copy filtered resources, i.e. build is platform dependent!
2025-11-24 20:23:32,869 [Worker-129: Building] INFO  o.a.m.s.f.DefaultMavenResourcesFiltering - skip non existing resourceDirectory C:\Users\syeds\OneDrive\Documents\Desktop\CHUBB\Assignment1\src\test\resources
2025-11-24 20:23:34,530 [Worker-126: Building] INFO  o.a.m.s.f.DefaultMavenResourcesFiltering - Copying 1 resource from src\main\resources to target\classes
2025-11-24 20:23:34,564 [Worker-126: Building] INFO  o.a.m.s.f.DefaultMavenResourcesFiltering - Copying 0 resource from src\main\resources to target\classes
2025-11-24 20:23:34,572 [Worker-126: Building] INFO  o.a.m.s.f.DefaultMavenResourcesFiltering - skip non existing resourceDirectory C:\Users\syeds\OneDrive\Documents\Desktop\CHUBB\Boot1_demo\src\test\resources
2025-11-24 20:23:35,419 [Worker-129: Building] INFO  o.a.m.s.f.DefaultMavenResourcesFiltering - Copying 1 resource from src\main\resources to target\classes
2025-11-24 20:23:35,450 [Worker-129: Building] INFO  o.a.m.s.f.DefaultMavenResourcesFiltering - Copying 1 resource from src\main\resources to target\classes
2025-11-24 20:23:35,468 [Worker-129: Building] INFO  o.a.m.s.f.DefaultMavenResourcesFiltering - skip non existing resourceDirectory C:\Users\syeds\OneDrive\Documents\Desktop\CHUBB\Boot2_SpringWebFlux\src\test\resources
2025-11-24 20:23:35,911 [Worker-120: Building] INFO  o.a.m.s.f.DefaultMavenResourcesFiltering - Copying 1 resource from src\main\resources to target\classes
2025-11-24 20:23:35,916 [Worker-120: Building] INFO  o.a.m.s.f.DefaultMavenResourcesFiltering - Copying 0 resource from src\main\resources to target\classes
2025-11-24 20:23:35,920 [Worker-120: Building] INFO  o.a.m.s.f.DefaultMavenResourcesFiltering - skip non existing resourceDirectory C:\Users\syeds\Downloads\demo\demo\src\test\resources
2025-11-24 20:23:36,537 [Worker-130: Building] INFO  o.a.m.s.f.DefaultMavenResourcesFiltering - Copying 1 resource from src\main\resources to target\classes
2025-11-24 20:23:36,541 [Worker-130: Building] INFO  o.a.m.s.f.DefaultMavenResourcesFiltering - Copying 0 resource from src\main\resources to target\classes
2025-11-24 20:23:36,547 [Worker-130: Building] INFO  o.a.m.s.f.DefaultMavenResourcesFiltering - skip non existing resourceDirectory C:\Users\syeds\OneDrive\Documents\Desktop\CHUBB\Boot4_FlighBookingWebFluxMongoDB\src\test\resources
2025-11-24 20:23:37,115 [Worker-130: Building] ERROR o.e.m.c.i.p.r.ProjectRegistryManager - Could not read pom.xml
org.eclipse.core.runtime.CoreException: Could not read pom.xml
	at org.eclipse.m2e.core.internal.IMavenToolbox.readModel(IMavenToolbox.java:245)
	at org.eclipse.m2e.core.internal.project.registry.ProjectRegistryManager.refreshPhase2(ProjectRegistryManager.java:591)
	at org.eclipse.m2e.core.internal.project.registry.ProjectRegistryManager.refresh(ProjectRegistryManager.java:491)
	at org.eclipse.m2e.core.internal.project.registry.ProjectRegistryManager.refresh(ProjectRegistryManager.java:370)
	at org.eclipse.m2e.core.internal.project.registry.ProjectRegistryManager.refresh(ProjectRegistryManager.java:322)
	at org.eclipse.m2e.core.internal.builder.MavenBuilder$BuildMethod.getProjectFacade(MavenBuilder.java:146)
	at org.eclipse.m2e.core.internal.builder.MavenBuilder$BuildMethod.lambda$0(MavenBuilder.java:84)
	at org.eclipse.m2e.core.internal.embedder.MavenExecutionContext.executeBare(MavenExecutionContext.java:458)
	at org.eclipse.m2e.core.internal.embedder.MavenExecutionContext.execute(MavenExecutionContext.java:339)
	at org.eclipse.m2e.core.internal.embedder.MavenExecutionContext.execute(MavenExecutionContext.java:278)
	at org.eclipse.m2e.core.internal.builder.MavenBuilder$BuildMethod.execute(MavenBuilder.java:83)
	at org.eclipse.m2e.core.internal.builder.MavenBuilder.build(MavenBuilder.java:192)
	at org.eclipse.core.internal.events.BuildManager$2.run(BuildManager.java:1077)
	at org.eclipse.core.runtime.SafeRunner.run(SafeRunner.java:47)
	at org.eclipse.core.internal.events.BuildManager.basicBuild(BuildManager.java:296)
	at org.eclipse.core.internal.events.BuildManager.basicBuild(BuildManager.java:352)
	at org.eclipse.core.internal.events.BuildManager$1.run(BuildManager.java:441)
	at org.eclipse.core.runtime.SafeRunner.run(SafeRunner.java:47)
	at org.eclipse.core.internal.events.BuildManager.basicBuild(BuildManager.java:444)
	at org.eclipse.core.internal.events.BuildManager.basicBuildLoop(BuildManager.java:555)
	at org.eclipse.core.internal.events.BuildManager.basicBuildLoop(BuildManager.java:503)
	at org.eclipse.core.internal.events.BuildManager.build(BuildManager.java:585)
	at org.eclipse.core.internal.events.AutoBuildJob.doBuild(AutoBuildJob.java:207)
	at org.eclipse.core.internal.events.AutoBuildJob.run(AutoBuildJob.java:300)
	at org.eclipse.core.internal.jobs.Worker.run(Worker.java:63)
Caused by: org.apache.maven.model.io.ModelParseException: end tag name </dependencyManagement> must match start tag name <project> from line 2 (position: TEXT seen ...</dependencies>\r\n</dependencyManagement>... @51:24) 
	at org.apache.maven.model.io.DefaultModelReader.read(DefaultModelReader.java:96)
	at org.apache.maven.model.io.DefaultModelReader.read(DefaultModelReader.java:74)
	at org.eclipse.m2e.core.internal.IMavenToolbox.readModel(IMavenToolbox.java:243)
	... 24 common frames omitted
Caused by: org.codehaus.plexus.util.xml.pull.XmlPullParserException: end tag name </dependencyManagement> must match start tag name <project> from line 2 (position: TEXT seen ...</dependencies>\r\n</dependencyManagement>... @51:24) 
	at org.codehaus.plexus.util.xml.pull.MXParser.parseEndTag(MXParser.java:2151)
	at org.codehaus.plexus.util.xml.pull.MXParser.nextImpl(MXParser.java:1418)
	at org.codehaus.plexus.util.xml.pull.MXParser.next(MXParser.java:1375)
	at org.codehaus.plexus.util.xml.pull.MXParser.nextTag(MXParser.java:1360)
	at org.apache.maven.model.io.xpp3.MavenXpp3Reader.parseModel(MavenXpp3Reader.java:2155)
	at org.apache.maven.model.io.xpp3.MavenXpp3Reader.read(MavenXpp3Reader.java:623)
	at org.apache.maven.model.io.xpp3.MavenXpp3Reader.read(MavenXpp3Reader.java:654)
	at org.apache.maven.model.io.DefaultModelReader.read(DefaultModelReader.java:93)
	... 26 common frames omitted
2025-11-24 20:23:37,800 [Worker-127: Building] WARN  o.a.m.s.f.DefaultMavenResourcesFiltering - Using platform encoding (UTF-8 actually) to copy filtered resources, i.e. build is platform dependent!
2025-11-24 20:23:37,810 [Worker-127: Building] INFO  o.a.m.s.f.DefaultMavenResourcesFiltering - skip non existing resourceDirectory C:\Users\syeds\OneDrive\Documents\Desktop\CHUBB\MavenDemo1\src\main\resources
2025-11-24 20:23:37,823 [Worker-127: Building] WARN  o.a.m.s.f.DefaultMavenResourcesFiltering - Using platform encoding (UTF-8 actually) to copy filtered resources, i.e. build is platform dependent!
2025-11-24 20:23:37,825 [Worker-127: Building] INFO  o.a.m.s.f.DefaultMavenResourcesFiltering - skip non existing resourceDirectory C:\Users\syeds\OneDrive\Documents\Desktop\CHUBB\MavenDemo1\src\test\resources
2025-11-24 20:23:38,356 [Worker-132: Building] INFO  o.a.m.s.f.DefaultMavenResourcesFiltering - skip non existing resourceDirectory C:\Users\syeds\OneDrive\Documents\Desktop\CHUBB\MavenDemo2_HotelBooking\src\main\resources
2025-11-24 20:23:38,361 [Worker-132: Building] INFO  o.a.m.s.f.DefaultMavenResourcesFiltering - skip non existing resourceDirectory C:\Users\syeds\OneDrive\Documents\Desktop\CHUBB\MavenDemo2_HotelBooking\src\test\resources
2025-11-24 20:23:38,486 [Worker-132: Building] WARN  o.a.m.s.f.DefaultMavenResourcesFiltering - Using platform encoding (UTF-8 actually) to copy filtered resources, i.e. build is platform dependent!
2025-11-24 20:23:38,488 [Worker-132: Building] INFO  o.a.m.s.f.DefaultMavenResourcesFiltering - Copying 0 resource from src\main\resources to target\classes
2025-11-24 20:23:38,491 [Worker-132: Building] WARN  o.a.m.s.f.DefaultMavenResourcesFiltering - Using platform encoding (UTF-8 actually) to copy filtered resources, i.e. build is platform dependent!
2025-11-24 20:23:38,494 [Worker-132: Building] INFO  o.a.m.s.f.DefaultMavenResourcesFiltering - Copying 0 resource from src\test\resources to target\test-classes
2025-11-24 20:23:38,786 [Worker-126: Building] WARN  o.a.m.s.f.DefaultMavenResourcesFiltering - Using platform encoding (UTF-8 actually) to copy filtered resources, i.e. build is platform dependent!
2025-11-24 20:23:38,788 [Worker-126: Building] INFO  o.a.m.s.f.DefaultMavenResourcesFiltering - Copying 0 resource from src\main\resources to target\classes
2025-11-24 20:23:38,792 [Worker-126: Building] WARN  o.a.m.s.f.DefaultMavenResourcesFiltering - Using platform encoding (UTF-8 actually) to copy filtered resources, i.e. build is platform dependent!
2025-11-24 20:23:38,795 [Worker-126: Building] INFO  o.a.m.s.f.DefaultMavenResourcesFiltering - Copying 0 resource from src\test\resources to target\test-classes
2025-11-24 20:23:38,917 [Worker-126: Building] WARN  o.a.m.s.f.DefaultMavenResourcesFiltering - Using platform encoding (UTF-8 actually) to copy filtered resources, i.e. build is platform dependent!
2025-11-24 20:23:38,919 [Worker-126: Building] INFO  o.a.m.s.f.DefaultMavenResourcesFiltering - Copying 0 resource from src\main\resources to target\classes
2025-11-24 20:23:38,923 [Worker-126: Building] WARN  o.a.m.s.f.DefaultMavenResourcesFiltering - Using platform encoding (UTF-8 actually) to copy filtered resources, i.e. build is platform dependent!
2025-11-24 20:23:38,926 [Worker-126: Building] INFO  o.a.m.s.f.DefaultMavenResourcesFiltering - Copying 0 resource from src\test\resources to target\test-classes
2025-11-24 20:23:39,014 [Worker-126: Building] WARN  o.a.m.s.f.DefaultMavenResourcesFiltering - Using platform encoding (UTF-8 actually) to copy filtered resources, i.e. build is platform dependent!
2025-11-24 20:23:39,016 [Worker-126: Building] INFO  o.a.m.s.f.DefaultMavenResourcesFiltering - Copying 0 resource from src\main\resources to target\classes
2025-11-24 20:23:39,019 [Worker-126: Building] WARN  o.a.m.s.f.DefaultMavenResourcesFiltering - Using platform encoding (UTF-8 actually) to copy filtered resources, i.e. build is platform dependent!
2025-11-24 20:23:39,021 [Worker-126: Building] INFO  o.a.m.s.f.DefaultMavenResourcesFiltering - Copying 0 resource from src\test\resources to target\test-classes
2025-11-24 20:23:39,408 [Worker-126: Building] INFO  o.a.m.s.f.DefaultMavenResourcesFiltering - Copying 0 resource from src\main\resources to target\classes
2025-11-24 20:23:39,414 [Worker-126: Building] INFO  o.a.m.s.f.DefaultMavenResourcesFiltering - Copying 0 resource from src\test\resources to target\test-classes
2025-11-24 20:28:54,122 [Worker-133: Launching Boot4_FlighBookingWebFluxMongoDB - Boot4FlighBookingWebFluxMongoDbApplication] INFO  o.a.m.s.f.DefaultMavenResourcesFiltering - Copying 1 resource from src\main\resources to target\classes
2025-11-24 20:28:54,170 [Worker-133: Launching Boot4_FlighBookingWebFluxMongoDB - Boot4FlighBookingWebFluxMongoDbApplication] INFO  o.a.m.s.f.DefaultMavenResourcesFiltering - Copying 0 resource from src\main\resources to target\classes
2025-11-24 20:28:54,175 [Worker-133: Launching Boot4_FlighBookingWebFluxMongoDB - Boot4FlighBookingWebFluxMongoDbApplication] INFO  o.a.m.s.f.DefaultMavenResourcesFiltering - skip non existing resourceDirectory C:\Users\syeds\OneDrive\Documents\Desktop\CHUBB\Boot4_FlighBookingWebFluxMongoDB\src\test\resources
2025-11-24 20:32:36,606 [Worker-139: Launching Boot4_FlighBookingWebFluxMongoDB - Boot4FlighBookingWebFluxMongoDbApplication] INFO  o.a.m.s.f.DefaultMavenResourcesFiltering - Copying 1 resource from src\main\resources to target\classes
2025-11-24 20:32:36,664 [Worker-139: Launching Boot4_FlighBookingWebFluxMongoDB - Boot4FlighBookingWebFluxMongoDbApplication] INFO  o.a.m.s.f.DefaultMavenResourcesFiltering - Copying 0 resource from src\main\resources to target\classes
2025-11-24 20:32:36,673 [Worker-139: Launching Boot4_FlighBookingWebFluxMongoDB - Boot4FlighBookingWebFluxMongoDbApplication] INFO  o.a.m.s.f.DefaultMavenResourcesFiltering - skip non existing resourceDirectory C:\Users\syeds\OneDrive\Documents\Desktop\CHUBB\Boot4_FlighBookingWebFluxMongoDB\src\test\resources
2025-11-24 20:39:41,214 [Worker-135: Launching Executing clean in C__Users_syeds_OneDrive_Documents_Desktop_CHUBB_Boot4_FlighBookingWebFluxMongoDB] INFO  o.eclipse.m2e.core.internal.Bundles - getClasspathEntries(Bundle=org.eclipse.m2e.maven.runtime_3.9.900.20240824-1409 [642])
2025-11-24 20:39:41,215 [Worker-135: Launching Executing clean in C__Users_syeds_OneDrive_Documents_Desktop_CHUBB_Boot4_FlighBookingWebFluxMongoDB] INFO  o.eclipse.m2e.core.internal.Bundles - 	Entry: C:\Users\syeds\.p2\pool\plugins\org.eclipse.m2e.maven.runtime_3.9.900.20240824-1409
2025-11-24 20:39:41,215 [Worker-135: Launching Executing clean in C__Users_syeds_OneDrive_Documents_Desktop_CHUBB_Boot4_FlighBookingWebFluxMongoDB] INFO  o.eclipse.m2e.core.internal.Bundles - 	Entry: C:\Users\syeds\.p2\pool\plugins\org.eclipse.m2e.maven.runtime_3.9.900.20240824-1409\jars\aopalliance-1.0.jar
2025-11-24 20:39:41,215 [Worker-135: Launching Executing clean in C__Users_syeds_OneDrive_Documents_Desktop_CHUBB_Boot4_FlighBookingWebFluxMongoDB] INFO  o.eclipse.m2e.core.internal.Bundles - 	Entry: C:\Users\syeds\.p2\pool\plugins\org.eclipse.m2e.maven.runtime_3.9.900.20240824-1409\jars\guice-5.1.0.jar
2025-11-24 20:39:41,216 [Worker-135: Launching Executing clean in C__Users_syeds_OneDrive_Documents_Desktop_CHUBB_Boot4_FlighBookingWebFluxMongoDB] INFO  o.eclipse.m2e.core.internal.Bundles - 	Entry: C:\Users\syeds\.p2\pool\plugins\org.eclipse.m2e.maven.runtime_3.9.900.20240824-1409\jars\httpclient-4.5.14.jar
2025-11-24 20:39:41,216 [Worker-135: Launching Executing clean in C__Users_syeds_OneDrive_Documents_Desktop_CHUBB_Boot4_FlighBookingWebFluxMongoDB] INFO  o.eclipse.m2e.core.internal.Bundles - 	Entry: C:\Users\syeds\.p2\pool\plugins\org.eclipse.m2e.maven.runtime_3.9.900.20240824-1409\jars\httpcore-4.4.16.jar
2025-11-24 20:39:41,216 [Worker-135: Launching Executing clean in C__Users_syeds_OneDrive_Documents_Desktop_CHUBB_Boot4_FlighBookingWebFluxMongoDB] INFO  o.eclipse.m2e.core.internal.Bundles - 	Entry: C:\Users\syeds\.p2\pool\plugins\org.eclipse.m2e.maven.runtime_3.9.900.20240824-1409\jars\jansi-2.4.1.jar
2025-11-24 20:39:41,216 [Worker-135: Launching Executing clean in C__Users_syeds_OneDrive_Documents_Desktop_CHUBB_Boot4_FlighBookingWebFluxMongoDB] INFO  o.eclipse.m2e.core.internal.Bundles - 	Entry: C:\Users\syeds\.p2\pool\plugins\org.eclipse.m2e.maven.runtime_3.9.900.20240824-1409\jars\jcl-over-slf4j-1.7.36.jar
2025-11-24 20:39:41,216 [Worker-135: Launching Executing clean in C__Users_syeds_OneDrive_Documents_Desktop_CHUBB_Boot4_FlighBookingWebFluxMongoDB] INFO  o.eclipse.m2e.core.internal.Bundles - 	Entry: C:\Users\syeds\.p2\pool\plugins\org.eclipse.m2e.maven.runtime_3.9.900.20240824-1409\jars\maven-artifact-3.9.9.jar
2025-11-24 20:39:41,216 [Worker-135: Launching Executing clean in C__Users_syeds_OneDrive_Documents_Desktop_CHUBB_Boot4_FlighBookingWebFluxMongoDB] INFO  o.eclipse.m2e.core.internal.Bundles - 	Entry: C:\Users\syeds\.p2\pool\plugins\org.eclipse.m2e.maven.runtime_3.9.900.20240824-1409\jars\maven-builder-support-3.9.9.jar
2025-11-24 20:39:41,216 [Worker-135: Launching Executing clean in C__Users_syeds_OneDrive_Documents_Desktop_CHUBB_Boot4_FlighBookingWebFluxMongoDB] INFO  o.eclipse.m2e.core.internal.Bundles - 	Entry: C:\Users\syeds\.p2\pool\plugins\org.eclipse.m2e.maven.runtime_3.9.900.20240824-1409\jars\maven-compat-3.9.9.jar
2025-11-24 20:39:41,218 [Worker-135: Launching Executing clean in C__Users_syeds_OneDrive_Documents_Desktop_CHUBB_Boot4_FlighBookingWebFluxMongoDB] INFO  o.eclipse.m2e.core.internal.Bundles - 	Entry: C:\Users\syeds\.p2\pool\plugins\org.eclipse.m2e.maven.runtime_3.9.900.20240824-1409\jars\maven-core-3.9.9.jar
2025-11-24 20:39:41,218 [Worker-135: Launching Executing clean in C__Users_syeds_OneDrive_Documents_Desktop_CHUBB_Boot4_FlighBookingWebFluxMongoDB] INFO  o.eclipse.m2e.core.internal.Bundles - 	Entry: C:\Users\syeds\.p2\pool\plugins\org.eclipse.m2e.maven.runtime_3.9.900.20240824-1409\jars\maven-embedder-3.9.9.jar
2025-11-24 20:39:41,218 [Worker-135: Launching Executing clean in C__Users_syeds_OneDrive_Documents_Desktop_CHUBB_Boot4_FlighBookingWebFluxMongoDB] INFO  o.eclipse.m2e.core.internal.Bundles - 	Entry: C:\Users\syeds\.p2\pool\plugins\org.eclipse.m2e.maven.runtime_3.9.900.20240824-1409\jars\maven-model-3.9.9.jar
2025-11-24 20:39:41,218 [Worker-135: Launching Executing clean in C__Users_syeds_OneDrive_Documents_Desktop_CHUBB_Boot4_FlighBookingWebFluxMongoDB] INFO  o.eclipse.m2e.core.internal.Bundles - 	Entry: C:\Users\syeds\.p2\pool\plugins\org.eclipse.m2e.maven.runtime_3.9.900.20240824-1409\jars\maven-model-builder-3.9.9.jar
2025-11-24 20:39:41,218 [Worker-135: Launching Executing clean in C__Users_syeds_OneDrive_Documents_Desktop_CHUBB_Boot4_FlighBookingWebFluxMongoDB] INFO  o.eclipse.m2e.core.internal.Bundles - 	Entry: C:\Users\syeds\.p2\pool\plugins\org.eclipse.m2e.maven.runtime_3.9.900.20240824-1409\jars\maven-plugin-api-3.9.9.jar
2025-11-24 20:39:41,219 [Worker-135: Launching Executing clean in C__Users_syeds_OneDrive_Documents_Desktop_CHUBB_Boot4_FlighBookingWebFluxMongoDB] INFO  o.eclipse.m2e.core.internal.Bundles - 	Entry: C:\Users\syeds\.p2\pool\plugins\org.eclipse.m2e.maven.runtime_3.9.900.20240824-1409\jars\maven-repository-metadata-3.9.9.jar
2025-11-24 20:39:41,219 [Worker-135: Launching Executing clean in C__Users_syeds_OneDrive_Documents_Desktop_CHUBB_Boot4_FlighBookingWebFluxMongoDB] INFO  o.eclipse.m2e.core.internal.Bundles - 	Entry: C:\Users\syeds\.p2\pool\plugins\org.eclipse.m2e.maven.runtime_3.9.900.20240824-1409\jars\maven-resolver-api-1.9.22.jar
2025-11-24 20:39:41,219 [Worker-135: Launching Executing clean in C__Users_syeds_OneDrive_Documents_Desktop_CHUBB_Boot4_FlighBookingWebFluxMongoDB] INFO  o.eclipse.m2e.core.internal.Bundles - 	Entry: C:\Users\syeds\.p2\pool\plugins\org.eclipse.m2e.maven.runtime_3.9.900.20240824-1409\jars\maven-resolver-connector-basic-1.9.22.jar
2025-11-24 20:39:41,219 [Worker-135: Launching Executing clean in C__Users_syeds_OneDrive_Documents_Desktop_CHUBB_Boot4_FlighBookingWebFluxMongoDB] INFO  o.eclipse.m2e.core.internal.Bundles - 	Entry: C:\Users\syeds\.p2\pool\plugins\org.eclipse.m2e.maven.runtime_3.9.900.20240824-1409\jars\maven-resolver-impl-1.9.22.jar
2025-11-24 20:39:41,219 [Worker-135: Launching Executing clean in C__Users_syeds_OneDrive_Documents_Desktop_CHUBB_Boot4_FlighBookingWebFluxMongoDB] INFO  o.eclipse.m2e.core.internal.Bundles - 	Entry: C:\Users\syeds\.p2\pool\plugins\org.eclipse.m2e.maven.runtime_3.9.900.20240824-1409\jars\maven-resolver-named-locks-1.9.22.jar
2025-11-24 20:39:41,219 [Worker-135: Launching Executing clean in C__Users_syeds_OneDrive_Documents_Desktop_CHUBB_Boot4_FlighBookingWebFluxMongoDB] INFO  o.eclipse.m2e.core.internal.Bundles - 	Entry: C:\Users\syeds\.p2\pool\plugins\org.eclipse.m2e.maven.runtime_3.9.900.20240824-1409\jars\maven-resolver-provider-3.9.9.jar
2025-11-24 20:39:41,220 [Worker-135: Launching Executing clean in C__Users_syeds_OneDrive_Documents_Desktop_CHUBB_Boot4_FlighBookingWebFluxMongoDB] INFO  o.eclipse.m2e.core.internal.Bundles - 	Entry: C:\Users\syeds\.p2\pool\plugins\org.eclipse.m2e.maven.runtime_3.9.900.20240824-1409\jars\maven-resolver-spi-1.9.22.jar
2025-11-24 20:39:41,220 [Worker-135: Launching Executing clean in C__Users_syeds_OneDrive_Documents_Desktop_CHUBB_Boot4_FlighBookingWebFluxMongoDB] INFO  o.eclipse.m2e.core.internal.Bundles - 	Entry: C:\Users\syeds\.p2\pool\plugins\org.eclipse.m2e.maven.runtime_3.9.900.20240824-1409\jars\maven-resolver-transport-file-1.9.22.jar
2025-11-24 20:39:41,220 [Worker-135: Launching Executing clean in C__Users_syeds_OneDrive_Documents_Desktop_CHUBB_Boot4_FlighBookingWebFluxMongoDB] INFO  o.eclipse.m2e.core.internal.Bundles - 	Entry: C:\Users\syeds\.p2\pool\plugins\org.eclipse.m2e.maven.runtime_3.9.900.20240824-1409\jars\maven-resolver-transport-http-1.9.22.jar
2025-11-24 20:39:41,220 [Worker-135: Launching Executing clean in C__Users_syeds_OneDrive_Documents_Desktop_CHUBB_Boot4_FlighBookingWebFluxMongoDB] INFO  o.eclipse.m2e.core.internal.Bundles - 	Entry: C:\Users\syeds\.p2\pool\plugins\org.eclipse.m2e.maven.runtime_3.9.900.20240824-1409\jars\maven-resolver-transport-wagon-1.9.22.jar
2025-11-24 20:39:41,220 [Worker-135: Launching Executing clean in C__Users_syeds_OneDrive_Documents_Desktop_CHUBB_Boot4_FlighBookingWebFluxMongoDB] INFO  o.eclipse.m2e.core.internal.Bundles - 	Entry: C:\Users\syeds\.p2\pool\plugins\org.eclipse.m2e.maven.runtime_3.9.900.20240824-1409\jars\maven-resolver-util-1.9.22.jar
2025-11-24 20:39:41,220 [Worker-135: Launching Executing clean in C__Users_syeds_OneDrive_Documents_Desktop_CHUBB_Boot4_FlighBookingWebFluxMongoDB] INFO  o.eclipse.m2e.core.internal.Bundles - 	Entry: C:\Users\syeds\.p2\pool\plugins\org.eclipse.m2e.maven.runtime_3.9.900.20240824-1409\jars\maven-settings-3.9.9.jar
2025-11-24 20:39:41,221 [Worker-135: Launching Executing clean in C__Users_syeds_OneDrive_Documents_Desktop_CHUBB_Boot4_FlighBookingWebFluxMongoDB] INFO  o.eclipse.m2e.core.internal.Bundles - 	Entry: C:\Users\syeds\.p2\pool\plugins\org.eclipse.m2e.maven.runtime_3.9.900.20240824-1409\jars\maven-settings-builder-3.9.9.jar
2025-11-24 20:39:41,221 [Worker-135: Launching Executing clean in C__Users_syeds_OneDrive_Documents_Desktop_CHUBB_Boot4_FlighBookingWebFluxMongoDB] INFO  o.eclipse.m2e.core.internal.Bundles - 	Entry: C:\Users\syeds\.p2\pool\plugins\org.eclipse.m2e.maven.runtime_3.9.900.20240824-1409\jars\maven-shared-utils-3.4.2.jar
2025-11-24 20:39:41,221 [Worker-135: Launching Executing clean in C__Users_syeds_OneDrive_Documents_Desktop_CHUBB_Boot4_FlighBookingWebFluxMongoDB] INFO  o.eclipse.m2e.core.internal.Bundles - 	Entry: C:\Users\syeds\.p2\pool\plugins\org.eclipse.m2e.maven.runtime_3.9.900.20240824-1409\jars\org.eclipse.sisu.inject-0.9.0.M3.jar
2025-11-24 20:39:41,221 [Worker-135: Launching Executing clean in C__Users_syeds_OneDrive_Documents_Desktop_CHUBB_Boot4_FlighBookingWebFluxMongoDB] INFO  o.eclipse.m2e.core.internal.Bundles - 	Entry: C:\Users\syeds\.p2\pool\plugins\org.eclipse.m2e.maven.runtime_3.9.900.20240824-1409\jars\org.eclipse.sisu.plexus-0.9.0.M3.jar
2025-11-24 20:39:41,221 [Worker-135: Launching Executing clean in C__Users_syeds_OneDrive_Documents_Desktop_CHUBB_Boot4_FlighBookingWebFluxMongoDB] INFO  o.eclipse.m2e.core.internal.Bundles - 	Entry: C:\Users\syeds\.p2\pool\plugins\org.eclipse.m2e.maven.runtime_3.9.900.20240824-1409\jars\plexus-build-api-0.0.7.jar
2025-11-24 20:39:41,221 [Worker-135: Launching Executing clean in C__Users_syeds_OneDrive_Documents_Desktop_CHUBB_Boot4_FlighBookingWebFluxMongoDB] INFO  o.eclipse.m2e.core.internal.Bundles - 	Entry: C:\Users\syeds\.p2\pool\plugins\org.eclipse.m2e.maven.runtime_3.9.900.20240824-1409\jars\plexus-build-api-1.2.0.jar
2025-11-24 20:39:41,222 [Worker-135: Launching Executing clean in C__Users_syeds_OneDrive_Documents_Desktop_CHUBB_Boot4_FlighBookingWebFluxMongoDB] INFO  o.eclipse.m2e.core.internal.Bundles - 	Entry: C:\Users\syeds\.p2\pool\plugins\org.eclipse.m2e.maven.runtime_3.9.900.20240824-1409\jars\plexus-cipher-2.0.jar
2025-11-24 20:39:41,222 [Worker-135: Launching Executing clean in C__Users_syeds_OneDrive_Documents_Desktop_CHUBB_Boot4_FlighBookingWebFluxMongoDB] INFO  o.eclipse.m2e.core.internal.Bundles - 	Entry: C:\Users\syeds\.p2\pool\plugins\org.eclipse.m2e.maven.runtime_3.9.900.20240824-1409\jars\plexus-classworlds-2.8.0.jar
2025-11-24 20:39:41,222 [Worker-135: Launching Executing clean in C__Users_syeds_OneDrive_Documents_Desktop_CHUBB_Boot4_FlighBookingWebFluxMongoDB] INFO  o.eclipse.m2e.core.internal.Bundles - 	Entry: C:\Users\syeds\.p2\pool\plugins\org.eclipse.m2e.maven.runtime_3.9.900.20240824-1409\jars\plexus-component-annotations-2.1.0.jar
2025-11-24 20:39:41,222 [Worker-135: Launching Executing clean in C__Users_syeds_OneDrive_Documents_Desktop_CHUBB_Boot4_FlighBookingWebFluxMongoDB] INFO  o.eclipse.m2e.core.internal.Bundles - 	Entry: C:\Users\syeds\.p2\pool\plugins\org.eclipse.m2e.maven.runtime_3.9.900.20240824-1409\jars\plexus-interpolation-1.27.jar
2025-11-24 20:39:41,222 [Worker-135: Launching Executing clean in C__Users_syeds_OneDrive_Documents_Desktop_CHUBB_Boot4_FlighBookingWebFluxMongoDB] INFO  o.eclipse.m2e.core.internal.Bundles - 	Entry: C:\Users\syeds\.p2\pool\plugins\org.eclipse.m2e.maven.runtime_3.9.900.20240824-1409\jars\plexus-sec-dispatcher-2.0.jar
2025-11-24 20:39:41,222 [Worker-135: Launching Executing clean in C__Users_syeds_OneDrive_Documents_Desktop_CHUBB_Boot4_FlighBookingWebFluxMongoDB] INFO  o.eclipse.m2e.core.internal.Bundles - 	Entry: C:\Users\syeds\.p2\pool\plugins\org.eclipse.m2e.maven.runtime_3.9.900.20240824-1409\jars\plexus-utils-3.5.1.jar
2025-11-24 20:39:41,222 [Worker-135: Launching Executing clean in C__Users_syeds_OneDrive_Documents_Desktop_CHUBB_Boot4_FlighBookingWebFluxMongoDB] INFO  o.eclipse.m2e.core.internal.Bundles - 	Entry: C:\Users\syeds\.p2\pool\plugins\org.eclipse.m2e.maven.runtime_3.9.900.20240824-1409\jars\plexus-xml-3.0.1.jar
2025-11-24 20:39:41,223 [Worker-135: Launching Executing clean in C__Users_syeds_OneDrive_Documents_Desktop_CHUBB_Boot4_FlighBookingWebFluxMongoDB] INFO  o.eclipse.m2e.core.internal.Bundles - 	Entry: C:\Users\syeds\.p2\pool\plugins\org.eclipse.m2e.maven.runtime_3.9.900.20240824-1409\jars\wagon-file-3.5.3.jar
2025-11-24 20:39:41,223 [Worker-135: Launching Executing clean in C__Users_syeds_OneDrive_Documents_Desktop_CHUBB_Boot4_FlighBookingWebFluxMongoDB] INFO  o.eclipse.m2e.core.internal.Bundles - 	Entry: C:\Users\syeds\.p2\pool\plugins\org.eclipse.m2e.maven.runtime_3.9.900.20240824-1409\jars\wagon-http-3.5.3.jar
2025-11-24 20:39:41,223 [Worker-135: Launching Executing clean in C__Users_syeds_OneDrive_Documents_Desktop_CHUBB_Boot4_FlighBookingWebFluxMongoDB] INFO  o.eclipse.m2e.core.internal.Bundles - 	Entry: C:\Users\syeds\.p2\pool\plugins\org.eclipse.m2e.maven.runtime_3.9.900.20240824-1409\jars\wagon-http-shared-3.5.3.jar
2025-11-24 20:39:41,223 [Worker-135: Launching Executing clean in C__Users_syeds_OneDrive_Documents_Desktop_CHUBB_Boot4_FlighBookingWebFluxMongoDB] INFO  o.eclipse.m2e.core.internal.Bundles - 	Entry: C:\Users\syeds\.p2\pool\plugins\org.eclipse.m2e.maven.runtime_3.9.900.20240824-1409\jars\wagon-provider-api-3.5.3.jar
2025-11-24 20:39:41,223 [Worker-135: Launching Executing clean in C__Users_syeds_OneDrive_Documents_Desktop_CHUBB_Boot4_FlighBookingWebFluxMongoDB] INFO  o.eclipse.m2e.core.internal.Bundles - getClasspathEntries(Bundle=com.google.guava_33.4.8.jre [1030])
2025-11-24 20:39:41,224 [Worker-135: Launching Executing clean in C__Users_syeds_OneDrive_Documents_Desktop_CHUBB_Boot4_FlighBookingWebFluxMongoDB] INFO  o.eclipse.m2e.core.internal.Bundles - 	Entry: C:\Users\syeds\.p2\pool\plugins\com.google.guava_33.4.8.jre.jar
2025-11-24 20:39:41,224 [Worker-135: Launching Executing clean in C__Users_syeds_OneDrive_Documents_Desktop_CHUBB_Boot4_FlighBookingWebFluxMongoDB] INFO  o.eclipse.m2e.core.internal.Bundles - getClasspathEntries(Bundle=slf4j.api_2.0.17 [1007])
2025-11-24 20:39:41,224 [Worker-135: Launching Executing clean in C__Users_syeds_OneDrive_Documents_Desktop_CHUBB_Boot4_FlighBookingWebFluxMongoDB] INFO  o.eclipse.m2e.core.internal.Bundles - 	Entry: C:\Users\syeds\.p2\pool\plugins\slf4j.api_2.0.17.jar
2025-11-24 20:39:41,224 [Worker-135: Launching Executing clean in C__Users_syeds_OneDrive_Documents_Desktop_CHUBB_Boot4_FlighBookingWebFluxMongoDB] INFO  o.eclipse.m2e.core.internal.Bundles - getClasspathEntries(Bundle=javax.inject_1.0.0.v20220405-0441 [1123])
2025-11-24 20:39:41,225 [Worker-135: Launching Executing clean in C__Users_syeds_OneDrive_Documents_Desktop_CHUBB_Boot4_FlighBookingWebFluxMongoDB] INFO  o.eclipse.m2e.core.internal.Bundles - 	Entry: C:\Users\syeds\.p2\pool\plugins\javax.inject_1.0.0.v20220405-0441.jar
2025-11-24 20:39:41,225 [Worker-135: Launching Executing clean in C__Users_syeds_OneDrive_Documents_Desktop_CHUBB_Boot4_FlighBookingWebFluxMongoDB] INFO  o.eclipse.m2e.core.internal.Bundles - getClasspathEntries(Bundle=javax.annotation_1.3.5.v20230504-0748 [1122])
2025-11-24 20:39:41,226 [Worker-135: Launching Executing clean in C__Users_syeds_OneDrive_Documents_Desktop_CHUBB_Boot4_FlighBookingWebFluxMongoDB] INFO  o.eclipse.m2e.core.internal.Bundles - 	Entry: C:\Users\syeds\.p2\pool\plugins\javax.annotation_1.3.5.v20230504-0748.jar
2025-11-24 20:39:41,226 [Worker-135: Launching Executing clean in C__Users_syeds_OneDrive_Documents_Desktop_CHUBB_Boot4_FlighBookingWebFluxMongoDB] INFO  o.eclipse.m2e.core.internal.Bundles - getClasspathEntries(Bundle=org.apache.commons.cli_1.9.0 [78])
2025-11-24 20:39:41,226 [Worker-135: Launching Executing clean in C__Users_syeds_OneDrive_Documents_Desktop_CHUBB_Boot4_FlighBookingWebFluxMongoDB] INFO  o.eclipse.m2e.core.internal.Bundles - 	Entry: C:\Users\syeds\.p2\pool\plugins\org.apache.commons.cli_1.9.0.jar
2025-11-24 20:39:41,226 [Worker-135: Launching Executing clean in C__Users_syeds_OneDrive_Documents_Desktop_CHUBB_Boot4_FlighBookingWebFluxMongoDB] INFO  o.eclipse.m2e.core.internal.Bundles - getClasspathEntries(Bundle=org.apache.commons.commons-codec_1.16.0 [81])
2025-11-24 20:39:41,226 [Worker-135: Launching Executing clean in C__Users_syeds_OneDrive_Documents_Desktop_CHUBB_Boot4_FlighBookingWebFluxMongoDB] INFO  o.eclipse.m2e.core.internal.Bundles - 	Entry: C:\Users\syeds\.p2\pool\plugins\org.apache.commons.commons-codec_1.16.0.jar
2025-11-24 20:39:41,226 [Worker-135: Launching Executing clean in C__Users_syeds_OneDrive_Documents_Desktop_CHUBB_Boot4_FlighBookingWebFluxMongoDB] INFO  o.eclipse.m2e.core.internal.Bundles - getClasspathEntries(Bundle=com.google.guava.failureaccess_1.0.3 [1031])
2025-11-24 20:39:41,227 [Worker-135: Launching Executing clean in C__Users_syeds_OneDrive_Documents_Desktop_CHUBB_Boot4_FlighBookingWebFluxMongoDB] INFO  o.eclipse.m2e.core.internal.Bundles - 	Entry: C:\Users\syeds\.p2\pool\plugins\com.google.guava.failureaccess_1.0.3.jar
2025-11-24 20:39:41,229 [Worker-135: Launching Executing clean in C__Users_syeds_OneDrive_Documents_Desktop_CHUBB_Boot4_FlighBookingWebFluxMongoDB] INFO  o.e.m.i.launch.MavenLaunchDelegate - Run build in "C:\Users\syeds\OneDrive\Documents\Desktop\CHUBB\Boot4_FlighBookingWebFluxMongoDB":
2025-11-24 20:39:41,229 [Worker-135: Launching Executing clean in C__Users_syeds_OneDrive_Documents_Desktop_CHUBB_Boot4_FlighBookingWebFluxMongoDB] INFO  o.e.m.i.launch.MavenLaunchDelegate -  mvn  -Ppom.xml -B -Dstyle.color=always clean
2025-11-24 20:40:00,606 [Worker-135: Launching Executing test in C__Users_syeds_OneDrive_Documents_Desktop_CHUBB_Boot4_FlighBookingWebFluxMongoDB] INFO  o.eclipse.m2e.core.internal.Bundles - getClasspathEntries(Bundle=org.eclipse.m2e.maven.runtime_3.9.900.20240824-1409 [642])
2025-11-24 20:40:00,607 [Worker-135: Launching Executing test in C__Users_syeds_OneDrive_Documents_Desktop_CHUBB_Boot4_FlighBookingWebFluxMongoDB] INFO  o.eclipse.m2e.core.internal.Bundles - 	Entry: C:\Users\syeds\.p2\pool\plugins\org.eclipse.m2e.maven.runtime_3.9.900.20240824-1409
2025-11-24 20:40:00,607 [Worker-135: Launching Executing test in C__Users_syeds_OneDrive_Documents_Desktop_CHUBB_Boot4_FlighBookingWebFluxMongoDB] INFO  o.eclipse.m2e.core.internal.Bundles - 	Entry: C:\Users\syeds\.p2\pool\plugins\org.eclipse.m2e.maven.runtime_3.9.900.20240824-1409\jars\aopalliance-1.0.jar
2025-11-24 20:40:00,607 [Worker-135: Launching Executing test in C__Users_syeds_OneDrive_Documents_Desktop_CHUBB_Boot4_FlighBookingWebFluxMongoDB] INFO  o.eclipse.m2e.core.internal.Bundles - 	Entry: C:\Users\syeds\.p2\pool\plugins\org.eclipse.m2e.maven.runtime_3.9.900.20240824-1409\jars\guice-5.1.0.jar
2025-11-24 20:40:00,607 [Worker-135: Launching Executing test in C__Users_syeds_OneDrive_Documents_Desktop_CHUBB_Boot4_FlighBookingWebFluxMongoDB] INFO  o.eclipse.m2e.core.internal.Bundles - 	Entry: C:\Users\syeds\.p2\pool\plugins\org.eclipse.m2e.maven.runtime_3.9.900.20240824-1409\jars\httpclient-4.5.14.jar
2025-11-24 20:40:00,608 [Worker-135: Launching Executing test in C__Users_syeds_OneDrive_Documents_Desktop_CHUBB_Boot4_FlighBookingWebFluxMongoDB] INFO  o.eclipse.m2e.core.internal.Bundles - 	Entry: C:\Users\syeds\.p2\pool\plugins\org.eclipse.m2e.maven.runtime_3.9.900.20240824-1409\jars\httpcore-4.4.16.jar
2025-11-24 20:40:00,608 [Worker-135: Launching Executing test in C__Users_syeds_OneDrive_Documents_Desktop_CHUBB_Boot4_FlighBookingWebFluxMongoDB] INFO  o.eclipse.m2e.core.internal.Bundles - 	Entry: C:\Users\syeds\.p2\pool\plugins\org.eclipse.m2e.maven.runtime_3.9.900.20240824-1409\jars\jansi-2.4.1.jar
2025-11-24 20:40:00,608 [Worker-135: Launching Executing test in C__Users_syeds_OneDrive_Documents_Desktop_CHUBB_Boot4_FlighBookingWebFluxMongoDB] INFO  o.eclipse.m2e.core.internal.Bundles - 	Entry: C:\Users\syeds\.p2\pool\plugins\org.eclipse.m2e.maven.runtime_3.9.900.20240824-1409\jars\jcl-over-slf4j-1.7.36.jar
2025-11-24 20:40:00,608 [Worker-135: Launching Executing test in C__Users_syeds_OneDrive_Documents_Desktop_CHUBB_Boot4_FlighBookingWebFluxMongoDB] INFO  o.eclipse.m2e.core.internal.Bundles - 	Entry: C:\Users\syeds\.p2\pool\plugins\org.eclipse.m2e.maven.runtime_3.9.900.20240824-1409\jars\maven-artifact-3.9.9.jar
2025-11-24 20:40:00,608 [Worker-135: Launching Executing test in C__Users_syeds_OneDrive_Documents_Desktop_CHUBB_Boot4_FlighBookingWebFluxMongoDB] INFO  o.eclipse.m2e.core.internal.Bundles - 	Entry: C:\Users\syeds\.p2\pool\plugins\org.eclipse.m2e.maven.runtime_3.9.900.20240824-1409\jars\maven-builder-support-3.9.9.jar
2025-11-24 20:40:00,608 [Worker-135: Launching Executing test in C__Users_syeds_OneDrive_Documents_Desktop_CHUBB_Boot4_FlighBookingWebFluxMongoDB] INFO  o.eclipse.m2e.core.internal.Bundles - 	Entry: C:\Users\syeds\.p2\pool\plugins\org.eclipse.m2e.maven.runtime_3.9.900.20240824-1409\jars\maven-compat-3.9.9.jar
2025-11-24 20:40:00,608 [Worker-135: Launching Executing test in C__Users_syeds_OneDrive_Documents_Desktop_CHUBB_Boot4_FlighBookingWebFluxMongoDB] INFO  o.eclipse.m2e.core.internal.Bundles - 	Entry: C:\Users\syeds\.p2\pool\plugins\org.eclipse.m2e.maven.runtime_3.9.900.20240824-1409\jars\maven-core-3.9.9.jar
2025-11-24 20:40:00,609 [Worker-135: Launching Executing test in C__Users_syeds_OneDrive_Documents_Desktop_CHUBB_Boot4_FlighBookingWebFluxMongoDB] INFO  o.eclipse.m2e.core.internal.Bundles - 	Entry: C:\Users\syeds\.p2\pool\plugins\org.eclipse.m2e.maven.runtime_3.9.900.20240824-1409\jars\maven-embedder-3.9.9.jar
2025-11-24 20:40:00,609 [Worker-135: Launching Executing test in C__Users_syeds_OneDrive_Documents_Desktop_CHUBB_Boot4_FlighBookingWebFluxMongoDB] INFO  o.eclipse.m2e.core.internal.Bundles - 	Entry: C:\Users\syeds\.p2\pool\plugins\org.eclipse.m2e.maven.runtime_3.9.900.20240824-1409\jars\maven-model-3.9.9.jar
2025-11-24 20:40:00,609 [Worker-135: Launching Executing test in C__Users_syeds_OneDrive_Documents_Desktop_CHUBB_Boot4_FlighBookingWebFluxMongoDB] INFO  o.eclipse.m2e.core.internal.Bundles - 	Entry: C:\Users\syeds\.p2\pool\plugins\org.eclipse.m2e.maven.runtime_3.9.900.20240824-1409\jars\maven-model-builder-3.9.9.jar
2025-11-24 20:40:00,609 [Worker-135: Launching Executing test in C__Users_syeds_OneDrive_Documents_Desktop_CHUBB_Boot4_FlighBookingWebFluxMongoDB] INFO  o.eclipse.m2e.core.internal.Bundles - 	Entry: C:\Users\syeds\.p2\pool\plugins\org.eclipse.m2e.maven.runtime_3.9.900.20240824-1409\jars\maven-plugin-api-3.9.9.jar
2025-11-24 20:40:00,609 [Worker-135: Launching Executing test in C__Users_syeds_OneDrive_Documents_Desktop_CHUBB_Boot4_FlighBookingWebFluxMongoDB] INFO  o.eclipse.m2e.core.internal.Bundles - 	Entry: C:\Users\syeds\.p2\pool\plugins\org.eclipse.m2e.maven.runtime_3.9.900.20240824-1409\jars\maven-repository-metadata-3.9.9.jar
2025-11-24 20:40:00,609 [Worker-135: Launching Executing test in C__Users_syeds_OneDrive_Documents_Desktop_CHUBB_Boot4_FlighBookingWebFluxMongoDB] INFO  o.eclipse.m2e.core.internal.Bundles - 	Entry: C:\Users\syeds\.p2\pool\plugins\org.eclipse.m2e.maven.runtime_3.9.900.20240824-1409\jars\maven-resolver-api-1.9.22.jar
2025-11-24 20:40:00,609 [Worker-135: Launching Executing test in C__Users_syeds_OneDrive_Documents_Desktop_CHUBB_Boot4_FlighBookingWebFluxMongoDB] INFO  o.eclipse.m2e.core.internal.Bundles - 	Entry: C:\Users\syeds\.p2\pool\plugins\org.eclipse.m2e.maven.runtime_3.9.900.20240824-1409\jars\maven-resolver-connector-basic-1.9.22.jar
2025-11-24 20:40:00,609 [Worker-135: Launching Executing test in C__Users_syeds_OneDrive_Documents_Desktop_CHUBB_Boot4_FlighBookingWebFluxMongoDB] INFO  o.eclipse.m2e.core.internal.Bundles - 	Entry: C:\Users\syeds\.p2\pool\plugins\org.eclipse.m2e.maven.runtime_3.9.900.20240824-1409\jars\maven-resolver-impl-1.9.22.jar
2025-11-24 20:40:00,610 [Worker-135: Launching Executing test in C__Users_syeds_OneDrive_Documents_Desktop_CHUBB_Boot4_FlighBookingWebFluxMongoDB] INFO  o.eclipse.m2e.core.internal.Bundles - 	Entry: C:\Users\syeds\.p2\pool\plugins\org.eclipse.m2e.maven.runtime_3.9.900.20240824-1409\jars\maven-resolver-named-locks-1.9.22.jar
2025-11-24 20:40:00,610 [Worker-135: Launching Executing test in C__Users_syeds_OneDrive_Documents_Desktop_CHUBB_Boot4_FlighBookingWebFluxMongoDB] INFO  o.eclipse.m2e.core.internal.Bundles - 	Entry: C:\Users\syeds\.p2\pool\plugins\org.eclipse.m2e.maven.runtime_3.9.900.20240824-1409\jars\maven-resolver-provider-3.9.9.jar
2025-11-24 20:40:00,610 [Worker-135: Launching Executing test in C__Users_syeds_OneDrive_Documents_Desktop_CHUBB_Boot4_FlighBookingWebFluxMongoDB] INFO  o.eclipse.m2e.core.internal.Bundles - 	Entry: C:\Users\syeds\.p2\pool\plugins\org.eclipse.m2e.maven.runtime_3.9.900.20240824-1409\jars\maven-resolver-spi-1.9.22.jar
2025-11-24 20:40:00,610 [Worker-135: Launching Executing test in C__Users_syeds_OneDrive_Documents_Desktop_CHUBB_Boot4_FlighBookingWebFluxMongoDB] INFO  o.eclipse.m2e.core.internal.Bundles - 	Entry: C:\Users\syeds\.p2\pool\plugins\org.eclipse.m2e.maven.runtime_3.9.900.20240824-1409\jars\maven-resolver-transport-file-1.9.22.jar
2025-11-24 20:40:00,611 [Worker-135: Launching Executing test in C__Users_syeds_OneDrive_Documents_Desktop_CHUBB_Boot4_FlighBookingWebFluxMongoDB] INFO  o.eclipse.m2e.core.internal.Bundles - 	Entry: C:\Users\syeds\.p2\pool\plugins\org.eclipse.m2e.maven.runtime_3.9.900.20240824-1409\jars\maven-resolver-transport-http-1.9.22.jar
2025-11-24 20:40:00,611 [Worker-135: Launching Executing test in C__Users_syeds_OneDrive_Documents_Desktop_CHUBB_Boot4_FlighBookingWebFluxMongoDB] INFO  o.eclipse.m2e.core.internal.Bundles - 	Entry: C:\Users\syeds\.p2\pool\plugins\org.eclipse.m2e.maven.runtime_3.9.900.20240824-1409\jars\maven-resolver-transport-wagon-1.9.22.jar
2025-11-24 20:40:00,611 [Worker-135: Launching Executing test in C__Users_syeds_OneDrive_Documents_Desktop_CHUBB_Boot4_FlighBookingWebFluxMongoDB] INFO  o.eclipse.m2e.core.internal.Bundles - 	Entry: C:\Users\syeds\.p2\pool\plugins\org.eclipse.m2e.maven.runtime_3.9.900.20240824-1409\jars\maven-resolver-util-1.9.22.jar
2025-11-24 20:40:00,611 [Worker-135: Launching Executing test in C__Users_syeds_OneDrive_Documents_Desktop_CHUBB_Boot4_FlighBookingWebFluxMongoDB] INFO  o.eclipse.m2e.core.internal.Bundles - 	Entry: C:\Users\syeds\.p2\pool\plugins\org.eclipse.m2e.maven.runtime_3.9.900.20240824-1409\jars\maven-settings-3.9.9.jar
2025-11-24 20:40:00,611 [Worker-135: Launching Executing test in C__Users_syeds_OneDrive_Documents_Desktop_CHUBB_Boot4_FlighBookingWebFluxMongoDB] INFO  o.eclipse.m2e.core.internal.Bundles - 	Entry: C:\Users\syeds\.p2\pool\plugins\org.eclipse.m2e.maven.runtime_3.9.900.20240824-1409\jars\maven-settings-builder-3.9.9.jar
2025-11-24 20:40:00,611 [Worker-135: Launching Executing test in C__Users_syeds_OneDrive_Documents_Desktop_CHUBB_Boot4_FlighBookingWebFluxMongoDB] INFO  o.eclipse.m2e.core.internal.Bundles - 	Entry: C:\Users\syeds\.p2\pool\plugins\org.eclipse.m2e.maven.runtime_3.9.900.20240824-1409\jars\maven-shared-utils-3.4.2.jar
2025-11-24 20:40:00,612 [Worker-135: Launching Executing test in C__Users_syeds_OneDrive_Documents_Desktop_CHUBB_Boot4_FlighBookingWebFluxMongoDB] INFO  o.eclipse.m2e.core.internal.Bundles - 	Entry: C:\Users\syeds\.p2\pool\plugins\org.eclipse.m2e.maven.runtime_3.9.900.20240824-1409\jars\org.eclipse.sisu.inject-0.9.0.M3.jar
2025-11-24 20:40:00,612 [Worker-135: Launching Executing test in C__Users_syeds_OneDrive_Documents_Desktop_CHUBB_Boot4_FlighBookingWebFluxMongoDB] INFO  o.eclipse.m2e.core.internal.Bundles - 	Entry: C:\Users\syeds\.p2\pool\plugins\org.eclipse.m2e.maven.runtime_3.9.900.20240824-1409\jars\org.eclipse.sisu.plexus-0.9.0.M3.jar
2025-11-24 20:40:00,613 [Worker-135: Launching Executing test in C__Users_syeds_OneDrive_Documents_Desktop_CHUBB_Boot4_FlighBookingWebFluxMongoDB] INFO  o.eclipse.m2e.core.internal.Bundles - 	Entry: C:\Users\syeds\.p2\pool\plugins\org.eclipse.m2e.maven.runtime_3.9.900.20240824-1409\jars\plexus-build-api-0.0.7.jar
2025-11-24 20:40:00,613 [Worker-135: Launching Executing test in C__Users_syeds_OneDrive_Documents_Desktop_CHUBB_Boot4_FlighBookingWebFluxMongoDB] INFO  o.eclipse.m2e.core.internal.Bundles - 	Entry: C:\Users\syeds\.p2\pool\plugins\org.eclipse.m2e.maven.runtime_3.9.900.20240824-1409\jars\plexus-build-api-1.2.0.jar
2025-11-24 20:40:00,613 [Worker-135: Launching Executing test in C__Users_syeds_OneDrive_Documents_Desktop_CHUBB_Boot4_FlighBookingWebFluxMongoDB] INFO  o.eclipse.m2e.core.internal.Bundles - 	Entry: C:\Users\syeds\.p2\pool\plugins\org.eclipse.m2e.maven.runtime_3.9.900.20240824-1409\jars\plexus-cipher-2.0.jar
2025-11-24 20:40:00,613 [Worker-135: Launching Executing test in C__Users_syeds_OneDrive_Documents_Desktop_CHUBB_Boot4_FlighBookingWebFluxMongoDB] INFO  o.eclipse.m2e.core.internal.Bundles - 	Entry: C:\Users\syeds\.p2\pool\plugins\org.eclipse.m2e.maven.runtime_3.9.900.20240824-1409\jars\plexus-classworlds-2.8.0.jar
2025-11-24 20:40:00,613 [Worker-135: Launching Executing test in C__Users_syeds_OneDrive_Documents_Desktop_CHUBB_Boot4_FlighBookingWebFluxMongoDB] INFO  o.eclipse.m2e.core.internal.Bundles - 	Entry: C:\Users\syeds\.p2\pool\plugins\org.eclipse.m2e.maven.runtime_3.9.900.20240824-1409\jars\plexus-component-annotations-2.1.0.jar
2025-11-24 20:40:00,613 [Worker-135: Launching Executing test in C__Users_syeds_OneDrive_Documents_Desktop_CHUBB_Boot4_FlighBookingWebFluxMongoDB] INFO  o.eclipse.m2e.core.internal.Bundles - 	Entry: C:\Users\syeds\.p2\pool\plugins\org.eclipse.m2e.maven.runtime_3.9.900.20240824-1409\jars\plexus-interpolation-1.27.jar
2025-11-24 20:40:00,613 [Worker-135: Launching Executing test in C__Users_syeds_OneDrive_Documents_Desktop_CHUBB_Boot4_FlighBookingWebFluxMongoDB] INFO  o.eclipse.m2e.core.internal.Bundles - 	Entry: C:\Users\syeds\.p2\pool\plugins\org.eclipse.m2e.maven.runtime_3.9.900.20240824-1409\jars\plexus-sec-dispatcher-2.0.jar
2025-11-24 20:40:00,613 [Worker-135: Launching Executing test in C__Users_syeds_OneDrive_Documents_Desktop_CHUBB_Boot4_FlighBookingWebFluxMongoDB] INFO  o.eclipse.m2e.core.internal.Bundles - 	Entry: C:\Users\syeds\.p2\pool\plugins\org.eclipse.m2e.maven.runtime_3.9.900.20240824-1409\jars\plexus-utils-3.5.1.jar
2025-11-24 20:40:00,614 [Worker-135: Launching Executing test in C__Users_syeds_OneDrive_Documents_Desktop_CHUBB_Boot4_FlighBookingWebFluxMongoDB] INFO  o.eclipse.m2e.core.internal.Bundles - 	Entry: C:\Users\syeds\.p2\pool\plugins\org.eclipse.m2e.maven.runtime_3.9.900.20240824-1409\jars\plexus-xml-3.0.1.jar
2025-11-24 20:40:00,614 [Worker-135: Launching Executing test in C__Users_syeds_OneDrive_Documents_Desktop_CHUBB_Boot4_FlighBookingWebFluxMongoDB] INFO  o.eclipse.m2e.core.internal.Bundles - 	Entry: C:\Users\syeds\.p2\pool\plugins\org.eclipse.m2e.maven.runtime_3.9.900.20240824-1409\jars\wagon-file-3.5.3.jar
2025-11-24 20:40:00,614 [Worker-135: Launching Executing test in C__Users_syeds_OneDrive_Documents_Desktop_CHUBB_Boot4_FlighBookingWebFluxMongoDB] INFO  o.eclipse.m2e.core.internal.Bundles - 	Entry: C:\Users\syeds\.p2\pool\plugins\org.eclipse.m2e.maven.runtime_3.9.900.20240824-1409\jars\wagon-http-3.5.3.jar
2025-11-24 20:40:00,614 [Worker-135: Launching Executing test in C__Users_syeds_OneDrive_Documents_Desktop_CHUBB_Boot4_FlighBookingWebFluxMongoDB] INFO  o.eclipse.m2e.core.internal.Bundles - 	Entry: C:\Users\syeds\.p2\pool\plugins\org.eclipse.m2e.maven.runtime_3.9.900.20240824-1409\jars\wagon-http-shared-3.5.3.jar
2025-11-24 20:40:00,614 [Worker-135: Launching Executing test in C__Users_syeds_OneDrive_Documents_Desktop_CHUBB_Boot4_FlighBookingWebFluxMongoDB] INFO  o.eclipse.m2e.core.internal.Bundles - 	Entry: C:\Users\syeds\.p2\pool\plugins\org.eclipse.m2e.maven.runtime_3.9.900.20240824-1409\jars\wagon-provider-api-3.5.3.jar
2025-11-24 20:40:00,614 [Worker-135: Launching Executing test in C__Users_syeds_OneDrive_Documents_Desktop_CHUBB_Boot4_FlighBookingWebFluxMongoDB] INFO  o.eclipse.m2e.core.internal.Bundles - getClasspathEntries(Bundle=com.google.guava_33.4.8.jre [1030])
2025-11-24 20:40:00,615 [Worker-135: Launching Executing test in C__Users_syeds_OneDrive_Documents_Desktop_CHUBB_Boot4_FlighBookingWebFluxMongoDB] INFO  o.eclipse.m2e.core.internal.Bundles - 	Entry: C:\Users\syeds\.p2\pool\plugins\com.google.guava_33.4.8.jre.jar
2025-11-24 20:40:00,615 [Worker-135: Launching Executing test in C__Users_syeds_OneDrive_Documents_Desktop_CHUBB_Boot4_FlighBookingWebFluxMongoDB] INFO  o.eclipse.m2e.core.internal.Bundles - getClasspathEntries(Bundle=slf4j.api_2.0.17 [1007])
2025-11-24 20:40:00,615 [Worker-135: Launching Executing test in C__Users_syeds_OneDrive_Documents_Desktop_CHUBB_Boot4_FlighBookingWebFluxMongoDB] INFO  o.eclipse.m2e.core.internal.Bundles - 	Entry: C:\Users\syeds\.p2\pool\plugins\slf4j.api_2.0.17.jar
2025-11-24 20:40:00,615 [Worker-135: Launching Executing test in C__Users_syeds_OneDrive_Documents_Desktop_CHUBB_Boot4_FlighBookingWebFluxMongoDB] INFO  o.eclipse.m2e.core.internal.Bundles - getClasspathEntries(Bundle=javax.inject_1.0.0.v20220405-0441 [1123])
2025-11-24 20:40:00,616 [Worker-135: Launching Executing test in C__Users_syeds_OneDrive_Documents_Desktop_CHUBB_Boot4_FlighBookingWebFluxMongoDB] INFO  o.eclipse.m2e.core.internal.Bundles - 	Entry: C:\Users\syeds\.p2\pool\plugins\javax.inject_1.0.0.v20220405-0441.jar
2025-11-24 20:40:00,616 [Worker-135: Launching Executing test in C__Users_syeds_OneDrive_Documents_Desktop_CHUBB_Boot4_FlighBookingWebFluxMongoDB] INFO  o.eclipse.m2e.core.internal.Bundles - getClasspathEntries(Bundle=javax.annotation_1.3.5.v20230504-0748 [1122])
2025-11-24 20:40:00,616 [Worker-135: Launching Executing test in C__Users_syeds_OneDrive_Documents_Desktop_CHUBB_Boot4_FlighBookingWebFluxMongoDB] INFO  o.eclipse.m2e.core.internal.Bundles - 	Entry: C:\Users\syeds\.p2\pool\plugins\javax.annotation_1.3.5.v20230504-0748.jar
2025-11-24 20:40:00,616 [Worker-135: Launching Executing test in C__Users_syeds_OneDrive_Documents_Desktop_CHUBB_Boot4_FlighBookingWebFluxMongoDB] INFO  o.eclipse.m2e.core.internal.Bundles - getClasspathEntries(Bundle=org.apache.commons.cli_1.9.0 [78])
2025-11-24 20:40:00,616 [Worker-135: Launching Executing test in C__Users_syeds_OneDrive_Documents_Desktop_CHUBB_Boot4_FlighBookingWebFluxMongoDB] INFO  o.eclipse.m2e.core.internal.Bundles - 	Entry: C:\Users\syeds\.p2\pool\plugins\org.apache.commons.cli_1.9.0.jar
2025-11-24 20:40:00,616 [Worker-135: Launching Executing test in C__Users_syeds_OneDrive_Documents_Desktop_CHUBB_Boot4_FlighBookingWebFluxMongoDB] INFO  o.eclipse.m2e.core.internal.Bundles - getClasspathEntries(Bundle=org.apache.commons.commons-codec_1.16.0 [81])
2025-11-24 20:40:00,616 [Worker-135: Launching Executing test in C__Users_syeds_OneDrive_Documents_Desktop_CHUBB_Boot4_FlighBookingWebFluxMongoDB] INFO  o.eclipse.m2e.core.internal.Bundles - 	Entry: C:\Users\syeds\.p2\pool\plugins\org.apache.commons.commons-codec_1.16.0.jar
2025-11-24 20:40:00,618 [Worker-135: Launching Executing test in C__Users_syeds_OneDrive_Documents_Desktop_CHUBB_Boot4_FlighBookingWebFluxMongoDB] INFO  o.eclipse.m2e.core.internal.Bundles - getClasspathEntries(Bundle=com.google.guava.failureaccess_1.0.3 [1031])
2025-11-24 20:40:00,618 [Worker-135: Launching Executing test in C__Users_syeds_OneDrive_Documents_Desktop_CHUBB_Boot4_FlighBookingWebFluxMongoDB] INFO  o.eclipse.m2e.core.internal.Bundles - 	Entry: C:\Users\syeds\.p2\pool\plugins\com.google.guava.failureaccess_1.0.3.jar
2025-11-24 20:40:00,619 [Worker-135: Launching Executing test in C__Users_syeds_OneDrive_Documents_Desktop_CHUBB_Boot4_FlighBookingWebFluxMongoDB] INFO  o.e.m.i.launch.MavenLaunchDelegate - Run build in "C:\Users\syeds\OneDrive\Documents\Desktop\CHUBB\Boot4_FlighBookingWebFluxMongoDB":
2025-11-24 20:40:00,619 [Worker-135: Launching Executing test in C__Users_syeds_OneDrive_Documents_Desktop_CHUBB_Boot4_FlighBookingWebFluxMongoDB] INFO  o.e.m.i.launch.MavenLaunchDelegate -  mvn  -Ppom.xml -B -Dstyle.color=always test
2025-11-24 20:41:36,422 [main] INFO  o.e.m.jdt.internal.UnitTestSupport - Updating FlightServiceTest from maven configuration
2025-11-24 20:41:38,278 [Worker-145: Launching FlightServiceTest] INFO  o.e.m.c.i.l.LifecycleMappingFactory - Using org.eclipse.m2e.jdt.JarLifecycleMapping lifecycle mapping for MavenProject: com.app:Boot4_FlighBookingWebFluxMongoDB:0.0.1-SNAPSHOT @ C:\Users\syeds\OneDrive\Documents\Desktop\CHUBB\Boot4_FlighBookingWebFluxMongoDB\pom.xml.
2025-11-24 20:41:39,467 [Worker-145: Launching FlightServiceTest] INFO  o.a.m.s.f.DefaultMavenResourcesFiltering - Copying 1 resource from src\main\resources to target\classes
2025-11-24 20:41:39,494 [Worker-145: Launching FlightServiceTest] INFO  o.a.m.s.f.DefaultMavenResourcesFiltering - Copying 0 resource from src\main\resources to target\classes
2025-11-24 20:41:39,500 [Worker-145: Launching FlightServiceTest] INFO  o.a.m.s.f.DefaultMavenResourcesFiltering - skip non existing resourceDirectory C:\Users\syeds\OneDrive\Documents\Desktop\CHUBB\Boot4_FlighBookingWebFluxMongoDB\src\test\resources
2025-11-24 20:41:39,718 [Worker-143: Updating Maven Project] INFO  o.e.m.c.i.p.ProjectConfigurationManager - Update started
2025-11-24 20:41:41,046 [Worker-143: Updating Maven Project] INFO  o.e.m.c.i.l.LifecycleMappingFactory - Using org.eclipse.m2e.jdt.JarLifecycleMapping lifecycle mapping for MavenProject: com.app:Boot4_FlighBookingWebFluxMongoDB:0.0.1-SNAPSHOT @ C:\Users\syeds\OneDrive\Documents\Desktop\CHUBB\Boot4_FlighBookingWebFluxMongoDB\pom.xml.
2025-11-24 20:41:42,332 [Worker-143: Updating Maven Project] INFO  o.e.m.j.i.AbstractJavaProjectConfigurator - Adding source folder /Boot4_FlighBookingWebFluxMongoDB/src/main/java
2025-11-24 20:41:42,333 [Worker-143: Updating Maven Project] INFO  o.e.m.j.i.AbstractJavaProjectConfigurator - Adding resource folder /Boot4_FlighBookingWebFluxMongoDB/src/main/resources
2025-11-24 20:41:42,334 [Worker-143: Updating Maven Project] INFO  o.e.m.j.i.AbstractJavaProjectConfigurator - Adding resource folder /Boot4_FlighBookingWebFluxMongoDB/src/main/resources
2025-11-24 20:41:42,334 [Worker-143: Updating Maven Project] INFO  o.e.m.j.i.AbstractJavaProjectConfigurator - Adding source folder /Boot4_FlighBookingWebFluxMongoDB/src/test/java
2025-11-24 20:41:42,334 [Worker-143: Updating Maven Project] INFO  o.e.m.j.i.AbstractJavaProjectConfigurator - Adding resource folder /Boot4_FlighBookingWebFluxMongoDB/src/test/resources
2025-11-24 20:41:42,582 [Worker-143: Updating Maven Project] INFO  o.e.m.jdt.internal.UnitTestSupport - Reset launch configuration name: FlightServiceTest
2025-11-24 20:41:42,583 [Worker-143: Updating Maven Project] INFO  o.e.m.jdt.internal.UnitTestSupport - Updating FlightServiceTest from maven configuration
2025-11-24 20:41:43,050 [Worker-143: Updating Maven Project] INFO  o.e.m.c.i.p.ProjectConfigurationManager - Update completed for 1 poms: local refresh takes 0.00 sec, refresh facades takes 2.00 sec, update config takes 0.00 sec 
2025-11-24 20:41:59,913 [Worker-140: Launching Boot4FlighBookingWebFluxMongoDbApplication] INFO  o.a.m.s.f.DefaultMavenResourcesFiltering - Copying 1 resource from src\main\resources to target\classes
2025-11-24 20:41:59,936 [Worker-140: Launching Boot4FlighBookingWebFluxMongoDbApplication] INFO  o.a.m.s.f.DefaultMavenResourcesFiltering - Copying 0 resource from src\main\resources to target\classes
2025-11-24 20:41:59,943 [Worker-140: Launching Boot4FlighBookingWebFluxMongoDbApplication] INFO  o.a.m.s.f.DefaultMavenResourcesFiltering - skip non existing resourceDirectory C:\Users\syeds\OneDrive\Documents\Desktop\CHUBB\Boot4_FlighBookingWebFluxMongoDB\src\test\resources
2025-11-24 20:46:53,773 [Worker-141: Launching FlightServiceTest] INFO  o.a.m.s.f.DefaultMavenResourcesFiltering - Copying 1 resource from src\main\resources to target\classes
2025-11-24 20:46:53,780 [Worker-141: Launching FlightServiceTest] INFO  o.a.m.s.f.DefaultMavenResourcesFiltering - Copying 0 resource from src\main\resources to target\classes
2025-11-24 20:46:53,785 [Worker-141: Launching FlightServiceTest] INFO  o.a.m.s.f.DefaultMavenResourcesFiltering - skip non existing resourceDirectory C:\Users\syeds\OneDrive\Documents\Desktop\CHUBB\Boot4_FlighBookingWebFluxMongoDB\src\test\resources
2025-11-24 20:48:18,510 [Worker-140: Updating Maven Project] INFO  o.e.m.c.i.p.ProjectConfigurationManager - Update started
2025-11-24 20:48:19,585 [Worker-140: Updating Maven Project] INFO  o.e.m.c.i.e.AbstractTransferListenerAdapter - Downloading https://repo.maven.apache.org/maven2/org/jacoco/jacoco-maven-plugin/0.8.11/jacoco-maven-plugin-0.8.11.pom
2025-11-24 20:48:19,593 [Worker-140: Updating Maven Project] INFO  o.e.m.c.i.e.AbstractTransferListenerAdapter - Downloaded https://repo.maven.apache.org/maven2/org/jacoco/jacoco-maven-plugin/0.8.11/jacoco-maven-plugin-0.8.11.pom
2025-11-24 20:48:19,675 [Worker-140: Updating Maven Project] INFO  o.e.m.c.i.e.AbstractTransferListenerAdapter - Downloading https://repo.maven.apache.org/maven2/org/jacoco/org.jacoco.build/0.8.11/org.jacoco.build-0.8.11.pom
2025-11-24 20:48:19,684 [Worker-140: Updating Maven Project] INFO  o.e.m.c.i.e.AbstractTransferListenerAdapter - Downloaded https://repo.maven.apache.org/maven2/org/jacoco/org.jacoco.build/0.8.11/org.jacoco.build-0.8.11.pom
2025-11-24 20:48:19,790 [Worker-140: Updating Maven Project] INFO  o.e.m.c.i.e.AbstractTransferListenerAdapter - Downloading https://repo.maven.apache.org/maven2/org/ow2/asm/asm-bom/9.6/asm-bom-9.6.pom
2025-11-24 20:48:19,798 [Worker-140: Updating Maven Project] INFO  o.e.m.c.i.e.AbstractTransferListenerAdapter - Downloaded https://repo.maven.apache.org/maven2/org/ow2/asm/asm-bom/9.6/asm-bom-9.6.pom
2025-11-24 20:48:19,925 [Worker-140: Updating Maven Project] INFO  o.e.m.c.i.e.AbstractTransferListenerAdapter - Downloading https://repo.maven.apache.org/maven2/org/jacoco/jacoco-maven-plugin/0.8.11/jacoco-maven-plugin-0.8.11.jar
2025-11-24 20:48:19,936 [Worker-140: Updating Maven Project] INFO  o.e.m.c.i.e.AbstractTransferListenerAdapter - Downloaded https://repo.maven.apache.org/maven2/org/jacoco/jacoco-maven-plugin/0.8.11/jacoco-maven-plugin-0.8.11.jar
2025-11-24 20:48:20,026 [Worker-140: Updating Maven Project] INFO  o.e.m.c.i.l.LifecycleMappingFactory - Using org.eclipse.m2e.jdt.JarLifecycleMapping lifecycle mapping for MavenProject: com.app:Boot4_FlighBookingWebFluxMongoDB:0.0.1-SNAPSHOT @ C:\Users\syeds\OneDrive\Documents\Desktop\CHUBB\Boot4_FlighBookingWebFluxMongoDB\pom.xml.
2025-11-24 20:48:21,011 [Worker-140: Updating Maven Project] INFO  o.e.m.j.i.AbstractJavaProjectConfigurator - Adding source folder /Boot4_FlighBookingWebFluxMongoDB/src/main/java
2025-11-24 20:48:21,012 [Worker-140: Updating Maven Project] INFO  o.e.m.j.i.AbstractJavaProjectConfigurator - Adding resource folder /Boot4_FlighBookingWebFluxMongoDB/src/main/resources
2025-11-24 20:48:21,014 [Worker-140: Updating Maven Project] INFO  o.e.m.j.i.AbstractJavaProjectConfigurator - Adding resource folder /Boot4_FlighBookingWebFluxMongoDB/src/main/resources
2025-11-24 20:48:21,014 [Worker-140: Updating Maven Project] INFO  o.e.m.j.i.AbstractJavaProjectConfigurator - Adding source folder /Boot4_FlighBookingWebFluxMongoDB/src/test/java
2025-11-24 20:48:21,017 [Worker-140: Updating Maven Project] INFO  o.e.m.j.i.AbstractJavaProjectConfigurator - Adding resource folder /Boot4_FlighBookingWebFluxMongoDB/src/test/resources
2025-11-24 20:48:21,419 [Worker-140: Updating Maven Project] INFO  o.e.m.jdt.internal.UnitTestSupport - Reset launch configuration name: FlightServiceTest
2025-11-24 20:48:21,420 [Worker-140: Updating Maven Project] INFO  o.e.m.jdt.internal.UnitTestSupport - Updating FlightServiceTest from maven configuration
2025-11-24 20:48:21,665 [Worker-140: Updating Maven Project] INFO  o.e.m.c.i.p.ProjectConfigurationManager - Update completed for 1 poms: local refresh takes 0.00 sec, refresh facades takes 2.00 sec, update config takes 0.00 sec 
2025-11-24 20:48:34,939 [main] INFO  o.e.m2e.actions.ExecutePomAction - Creating new launch configuration
2025-11-24 20:48:40,302 [Worker-141: Launching Boot4_FlighBookingWebFluxMongoDB (1)] INFO  o.eclipse.m2e.core.internal.Bundles - getClasspathEntries(Bundle=org.eclipse.m2e.maven.runtime_3.9.900.20240824-1409 [642])
2025-11-24 20:48:40,303 [Worker-141: Launching Boot4_FlighBookingWebFluxMongoDB (1)] INFO  o.eclipse.m2e.core.internal.Bundles - 	Entry: C:\Users\syeds\.p2\pool\plugins\org.eclipse.m2e.maven.runtime_3.9.900.20240824-1409
2025-11-24 20:48:40,303 [Worker-141: Launching Boot4_FlighBookingWebFluxMongoDB (1)] INFO  o.eclipse.m2e.core.internal.Bundles - 	Entry: C:\Users\syeds\.p2\pool\plugins\org.eclipse.m2e.maven.runtime_3.9.900.20240824-1409\jars\aopalliance-1.0.jar
2025-11-24 20:48:40,303 [Worker-141: Launching Boot4_FlighBookingWebFluxMongoDB (1)] INFO  o.eclipse.m2e.core.internal.Bundles - 	Entry: C:\Users\syeds\.p2\pool\plugins\org.eclipse.m2e.maven.runtime_3.9.900.20240824-1409\jars\guice-5.1.0.jar
2025-11-24 20:48:40,303 [Worker-141: Launching Boot4_FlighBookingWebFluxMongoDB (1)] INFO  o.eclipse.m2e.core.internal.Bundles - 	Entry: C:\Users\syeds\.p2\pool\plugins\org.eclipse.m2e.maven.runtime_3.9.900.20240824-1409\jars\httpclient-4.5.14.jar
2025-11-24 20:48:40,303 [Worker-141: Launching Boot4_FlighBookingWebFluxMongoDB (1)] INFO  o.eclipse.m2e.core.internal.Bundles - 	Entry: C:\Users\syeds\.p2\pool\plugins\org.eclipse.m2e.maven.runtime_3.9.900.20240824-1409\jars\httpcore-4.4.16.jar
2025-11-24 20:48:40,303 [Worker-141: Launching Boot4_FlighBookingWebFluxMongoDB (1)] INFO  o.eclipse.m2e.core.internal.Bundles - 	Entry: C:\Users\syeds\.p2\pool\plugins\org.eclipse.m2e.maven.runtime_3.9.900.20240824-1409\jars\jansi-2.4.1.jar
2025-11-24 20:48:40,303 [Worker-141: Launching Boot4_FlighBookingWebFluxMongoDB (1)] INFO  o.eclipse.m2e.core.internal.Bundles - 	Entry: C:\Users\syeds\.p2\pool\plugins\org.eclipse.m2e.maven.runtime_3.9.900.20240824-1409\jars\jcl-over-slf4j-1.7.36.jar
2025-11-24 20:48:40,305 [Worker-141: Launching Boot4_FlighBookingWebFluxMongoDB (1)] INFO  o.eclipse.m2e.core.internal.Bundles - 	Entry: C:\Users\syeds\.p2\pool\plugins\org.eclipse.m2e.maven.runtime_3.9.900.20240824-1409\jars\maven-artifact-3.9.9.jar
2025-11-24 20:48:40,305 [Worker-141: Launching Boot4_FlighBookingWebFluxMongoDB (1)] INFO  o.eclipse.m2e.core.internal.Bundles - 	Entry: C:\Users\syeds\.p2\pool\plugins\org.eclipse.m2e.maven.runtime_3.9.900.20240824-1409\jars\maven-builder-support-3.9.9.jar
2025-11-24 20:48:40,305 [Worker-141: Launching Boot4_FlighBookingWebFluxMongoDB (1)] INFO  o.eclipse.m2e.core.internal.Bundles - 	Entry: C:\Users\syeds\.p2\pool\plugins\org.eclipse.m2e.maven.runtime_3.9.900.20240824-1409\jars\maven-compat-3.9.9.jar
2025-11-24 20:48:40,305 [Worker-141: Launching Boot4_FlighBookingWebFluxMongoDB (1)] INFO  o.eclipse.m2e.core.internal.Bundles - 	Entry: C:\Users\syeds\.p2\pool\plugins\org.eclipse.m2e.maven.runtime_3.9.900.20240824-1409\jars\maven-core-3.9.9.jar
2025-11-24 20:48:40,305 [Worker-141: Launching Boot4_FlighBookingWebFluxMongoDB (1)] INFO  o.eclipse.m2e.core.internal.Bundles - 	Entry: C:\Users\syeds\.p2\pool\plugins\org.eclipse.m2e.maven.runtime_3.9.900.20240824-1409\jars\maven-embedder-3.9.9.jar
2025-11-24 20:48:40,305 [Worker-141: Launching Boot4_FlighBookingWebFluxMongoDB (1)] INFO  o.eclipse.m2e.core.internal.Bundles - 	Entry: C:\Users\syeds\.p2\pool\plugins\org.eclipse.m2e.maven.runtime_3.9.900.20240824-1409\jars\maven-model-3.9.9.jar
2025-11-24 20:48:40,305 [Worker-141: Launching Boot4_FlighBookingWebFluxMongoDB (1)] INFO  o.eclipse.m2e.core.internal.Bundles - 	Entry: C:\Users\syeds\.p2\pool\plugins\org.eclipse.m2e.maven.runtime_3.9.900.20240824-1409\jars\maven-model-builder-3.9.9.jar
2025-11-24 20:48:40,305 [Worker-141: Launching Boot4_FlighBookingWebFluxMongoDB (1)] INFO  o.eclipse.m2e.core.internal.Bundles - 	Entry: C:\Users\syeds\.p2\pool\plugins\org.eclipse.m2e.maven.runtime_3.9.900.20240824-1409\jars\maven-plugin-api-3.9.9.jar
2025-11-24 20:48:40,305 [Worker-141: Launching Boot4_FlighBookingWebFluxMongoDB (1)] INFO  o.eclipse.m2e.core.internal.Bundles - 	Entry: C:\Users\syeds\.p2\pool\plugins\org.eclipse.m2e.maven.runtime_3.9.900.20240824-1409\jars\maven-repository-metadata-3.9.9.jar
2025-11-24 20:48:40,305 [Worker-141: Launching Boot4_FlighBookingWebFluxMongoDB (1)] INFO  o.eclipse.m2e.core.internal.Bundles - 	Entry: C:\Users\syeds\.p2\pool\plugins\org.eclipse.m2e.maven.runtime_3.9.900.20240824-1409\jars\maven-resolver-api-1.9.22.jar
2025-11-24 20:48:40,305 [Worker-141: Launching Boot4_FlighBookingWebFluxMongoDB (1)] INFO  o.eclipse.m2e.core.internal.Bundles - 	Entry: C:\Users\syeds\.p2\pool\plugins\org.eclipse.m2e.maven.runtime_3.9.900.20240824-1409\jars\maven-resolver-connector-basic-1.9.22.jar
2025-11-24 20:48:40,306 [Worker-141: Launching Boot4_FlighBookingWebFluxMongoDB (1)] INFO  o.eclipse.m2e.core.internal.Bundles - 	Entry: C:\Users\syeds\.p2\pool\plugins\org.eclipse.m2e.maven.runtime_3.9.900.20240824-1409\jars\maven-resolver-impl-1.9.22.jar
2025-11-24 20:48:40,306 [Worker-141: Launching Boot4_FlighBookingWebFluxMongoDB (1)] INFO  o.eclipse.m2e.core.internal.Bundles - 	Entry: C:\Users\syeds\.p2\pool\plugins\org.eclipse.m2e.maven.runtime_3.9.900.20240824-1409\jars\maven-resolver-named-locks-1.9.22.jar
2025-11-24 20:48:40,306 [Worker-141: Launching Boot4_FlighBookingWebFluxMongoDB (1)] INFO  o.eclipse.m2e.core.internal.Bundles - 	Entry: C:\Users\syeds\.p2\pool\plugins\org.eclipse.m2e.maven.runtime_3.9.900.20240824-1409\jars\maven-resolver-provider-3.9.9.jar
2025-11-24 20:48:40,306 [Worker-141: Launching Boot4_FlighBookingWebFluxMongoDB (1)] INFO  o.eclipse.m2e.core.internal.Bundles - 	Entry: C:\Users\syeds\.p2\pool\plugins\org.eclipse.m2e.maven.runtime_3.9.900.20240824-1409\jars\maven-resolver-spi-1.9.22.jar
2025-11-24 20:48:40,306 [Worker-141: Launching Boot4_FlighBookingWebFluxMongoDB (1)] INFO  o.eclipse.m2e.core.internal.Bundles - 	Entry: C:\Users\syeds\.p2\pool\plugins\org.eclipse.m2e.maven.runtime_3.9.900.20240824-1409\jars\maven-resolver-transport-file-1.9.22.jar
2025-11-24 20:48:40,306 [Worker-141: Launching Boot4_FlighBookingWebFluxMongoDB (1)] INFO  o.eclipse.m2e.core.internal.Bundles - 	Entry: C:\Users\syeds\.p2\pool\plugins\org.eclipse.m2e.maven.runtime_3.9.900.20240824-1409\jars\maven-resolver-transport-http-1.9.22.jar
2025-11-24 20:48:40,306 [Worker-141: Launching Boot4_FlighBookingWebFluxMongoDB (1)] INFO  o.eclipse.m2e.core.internal.Bundles - 	Entry: C:\Users\syeds\.p2\pool\plugins\org.eclipse.m2e.maven.runtime_3.9.900.20240824-1409\jars\maven-resolver-transport-wagon-1.9.22.jar
2025-11-24 20:48:40,306 [Worker-141: Launching Boot4_FlighBookingWebFluxMongoDB (1)] INFO  o.eclipse.m2e.core.internal.Bundles - 	Entry: C:\Users\syeds\.p2\pool\plugins\org.eclipse.m2e.maven.runtime_3.9.900.20240824-1409\jars\maven-resolver-util-1.9.22.jar
2025-11-24 20:48:40,306 [Worker-141: Launching Boot4_FlighBookingWebFluxMongoDB (1)] INFO  o.eclipse.m2e.core.internal.Bundles - 	Entry: C:\Users\syeds\.p2\pool\plugins\org.eclipse.m2e.maven.runtime_3.9.900.20240824-1409\jars\maven-settings-3.9.9.jar
2025-11-24 20:48:40,306 [Worker-141: Launching Boot4_FlighBookingWebFluxMongoDB (1)] INFO  o.eclipse.m2e.core.internal.Bundles - 	Entry: C:\Users\syeds\.p2\pool\plugins\org.eclipse.m2e.maven.runtime_3.9.900.20240824-1409\jars\maven-settings-builder-3.9.9.jar
2025-11-24 20:48:40,306 [Worker-141: Launching Boot4_FlighBookingWebFluxMongoDB (1)] INFO  o.eclipse.m2e.core.internal.Bundles - 	Entry: C:\Users\syeds\.p2\pool\plugins\org.eclipse.m2e.maven.runtime_3.9.900.20240824-1409\jars\maven-shared-utils-3.4.2.jar
2025-11-24 20:48:40,306 [Worker-141: Launching Boot4_FlighBookingWebFluxMongoDB (1)] INFO  o.eclipse.m2e.core.internal.Bundles - 	Entry: C:\Users\syeds\.p2\pool\plugins\org.eclipse.m2e.maven.runtime_3.9.900.20240824-1409\jars\org.eclipse.sisu.inject-0.9.0.M3.jar
2025-11-24 20:48:40,307 [Worker-141: Launching Boot4_FlighBookingWebFluxMongoDB (1)] INFO  o.eclipse.m2e.core.internal.Bundles - 	Entry: C:\Users\syeds\.p2\pool\plugins\org.eclipse.m2e.maven.runtime_3.9.900.20240824-1409\jars\org.eclipse.sisu.plexus-0.9.0.M3.jar
2025-11-24 20:48:40,307 [Worker-141: Launching Boot4_FlighBookingWebFluxMongoDB (1)] INFO  o.eclipse.m2e.core.internal.Bundles - 	Entry: C:\Users\syeds\.p2\pool\plugins\org.eclipse.m2e.maven.runtime_3.9.900.20240824-1409\jars\plexus-build-api-0.0.7.jar
2025-11-24 20:48:40,307 [Worker-141: Launching Boot4_FlighBookingWebFluxMongoDB (1)] INFO  o.eclipse.m2e.core.internal.Bundles - 	Entry: C:\Users\syeds\.p2\pool\plugins\org.eclipse.m2e.maven.runtime_3.9.900.20240824-1409\jars\plexus-build-api-1.2.0.jar
2025-11-24 20:48:40,307 [Worker-141: Launching Boot4_FlighBookingWebFluxMongoDB (1)] INFO  o.eclipse.m2e.core.internal.Bundles - 	Entry: C:\Users\syeds\.p2\pool\plugins\org.eclipse.m2e.maven.runtime_3.9.900.20240824-1409\jars\plexus-cipher-2.0.jar
2025-11-24 20:48:40,307 [Worker-141: Launching Boot4_FlighBookingWebFluxMongoDB (1)] INFO  o.eclipse.m2e.core.internal.Bundles - 	Entry: C:\Users\syeds\.p2\pool\plugins\org.eclipse.m2e.maven.runtime_3.9.900.20240824-1409\jars\plexus-classworlds-2.8.0.jar
2025-11-24 20:48:40,307 [Worker-141: Launching Boot4_FlighBookingWebFluxMongoDB (1)] INFO  o.eclipse.m2e.core.internal.Bundles - 	Entry: C:\Users\syeds\.p2\pool\plugins\org.eclipse.m2e.maven.runtime_3.9.900.20240824-1409\jars\plexus-component-annotations-2.1.0.jar
2025-11-24 20:48:40,307 [Worker-141: Launching Boot4_FlighBookingWebFluxMongoDB (1)] INFO  o.eclipse.m2e.core.internal.Bundles - 	Entry: C:\Users\syeds\.p2\pool\plugins\org.eclipse.m2e.maven.runtime_3.9.900.20240824-1409\jars\plexus-interpolation-1.27.jar
2025-11-24 20:48:40,307 [Worker-141: Launching Boot4_FlighBookingWebFluxMongoDB (1)] INFO  o.eclipse.m2e.core.internal.Bundles - 	Entry: C:\Users\syeds\.p2\pool\plugins\org.eclipse.m2e.maven.runtime_3.9.900.20240824-1409\jars\plexus-sec-dispatcher-2.0.jar
2025-11-24 20:48:40,307 [Worker-141: Launching Boot4_FlighBookingWebFluxMongoDB (1)] INFO  o.eclipse.m2e.core.internal.Bundles - 	Entry: C:\Users\syeds\.p2\pool\plugins\org.eclipse.m2e.maven.runtime_3.9.900.20240824-1409\jars\plexus-utils-3.5.1.jar
2025-11-24 20:48:40,307 [Worker-141: Launching Boot4_FlighBookingWebFluxMongoDB (1)] INFO  o.eclipse.m2e.core.internal.Bundles - 	Entry: C:\Users\syeds\.p2\pool\plugins\org.eclipse.m2e.maven.runtime_3.9.900.20240824-1409\jars\plexus-xml-3.0.1.jar
2025-11-24 20:48:40,308 [Worker-141: Launching Boot4_FlighBookingWebFluxMongoDB (1)] INFO  o.eclipse.m2e.core.internal.Bundles - 	Entry: C:\Users\syeds\.p2\pool\plugins\org.eclipse.m2e.maven.runtime_3.9.900.20240824-1409\jars\wagon-file-3.5.3.jar
2025-11-24 20:48:40,308 [Worker-141: Launching Boot4_FlighBookingWebFluxMongoDB (1)] INFO  o.eclipse.m2e.core.internal.Bundles - 	Entry: C:\Users\syeds\.p2\pool\plugins\org.eclipse.m2e.maven.runtime_3.9.900.20240824-1409\jars\wagon-http-3.5.3.jar
2025-11-24 20:48:40,308 [Worker-141: Launching Boot4_FlighBookingWebFluxMongoDB (1)] INFO  o.eclipse.m2e.core.internal.Bundles - 	Entry: C:\Users\syeds\.p2\pool\plugins\org.eclipse.m2e.maven.runtime_3.9.900.20240824-1409\jars\wagon-http-shared-3.5.3.jar
2025-11-24 20:48:40,308 [Worker-141: Launching Boot4_FlighBookingWebFluxMongoDB (1)] INFO  o.eclipse.m2e.core.internal.Bundles - 	Entry: C:\Users\syeds\.p2\pool\plugins\org.eclipse.m2e.maven.runtime_3.9.900.20240824-1409\jars\wagon-provider-api-3.5.3.jar
2025-11-24 20:48:40,308 [Worker-141: Launching Boot4_FlighBookingWebFluxMongoDB (1)] INFO  o.eclipse.m2e.core.internal.Bundles - getClasspathEntries(Bundle=com.google.guava_33.4.8.jre [1030])
2025-11-24 20:48:40,309 [Worker-141: Launching Boot4_FlighBookingWebFluxMongoDB (1)] INFO  o.eclipse.m2e.core.internal.Bundles - 	Entry: C:\Users\syeds\.p2\pool\plugins\com.google.guava_33.4.8.jre.jar
2025-11-24 20:48:40,309 [Worker-141: Launching Boot4_FlighBookingWebFluxMongoDB (1)] INFO  o.eclipse.m2e.core.internal.Bundles - getClasspathEntries(Bundle=slf4j.api_2.0.17 [1007])
2025-11-24 20:48:40,309 [Worker-141: Launching Boot4_FlighBookingWebFluxMongoDB (1)] INFO  o.eclipse.m2e.core.internal.Bundles - 	Entry: C:\Users\syeds\.p2\pool\plugins\slf4j.api_2.0.17.jar
2025-11-24 20:48:40,309 [Worker-141: Launching Boot4_FlighBookingWebFluxMongoDB (1)] INFO  o.eclipse.m2e.core.internal.Bundles - getClasspathEntries(Bundle=javax.inject_1.0.0.v20220405-0441 [1123])
2025-11-24 20:48:40,309 [Worker-141: Launching Boot4_FlighBookingWebFluxMongoDB (1)] INFO  o.eclipse.m2e.core.internal.Bundles - 	Entry: C:\Users\syeds\.p2\pool\plugins\javax.inject_1.0.0.v20220405-0441.jar
2025-11-24 20:48:40,309 [Worker-141: Launching Boot4_FlighBookingWebFluxMongoDB (1)] INFO  o.eclipse.m2e.core.internal.Bundles - getClasspathEntries(Bundle=javax.annotation_1.3.5.v20230504-0748 [1122])
2025-11-24 20:48:40,310 [Worker-141: Launching Boot4_FlighBookingWebFluxMongoDB (1)] INFO  o.eclipse.m2e.core.internal.Bundles - 	Entry: C:\Users\syeds\.p2\pool\plugins\javax.annotation_1.3.5.v20230504-0748.jar
2025-11-24 20:48:40,310 [Worker-141: Launching Boot4_FlighBookingWebFluxMongoDB (1)] INFO  o.eclipse.m2e.core.internal.Bundles - getClasspathEntries(Bundle=org.apache.commons.cli_1.9.0 [78])
2025-11-24 20:48:40,310 [Worker-141: Launching Boot4_FlighBookingWebFluxMongoDB (1)] INFO  o.eclipse.m2e.core.internal.Bundles - 	Entry: C:\Users\syeds\.p2\pool\plugins\org.apache.commons.cli_1.9.0.jar
2025-11-24 20:48:40,310 [Worker-141: Launching Boot4_FlighBookingWebFluxMongoDB (1)] INFO  o.eclipse.m2e.core.internal.Bundles - getClasspathEntries(Bundle=org.apache.commons.commons-codec_1.16.0 [81])
2025-11-24 20:48:40,310 [Worker-141: Launching Boot4_FlighBookingWebFluxMongoDB (1)] INFO  o.eclipse.m2e.core.internal.Bundles - 	Entry: C:\Users\syeds\.p2\pool\plugins\org.apache.commons.commons-codec_1.16.0.jar
2025-11-24 20:48:40,310 [Worker-141: Launching Boot4_FlighBookingWebFluxMongoDB (1)] INFO  o.eclipse.m2e.core.internal.Bundles - getClasspathEntries(Bundle=com.google.guava.failureaccess_1.0.3 [1031])
2025-11-24 20:48:40,310 [Worker-141: Launching Boot4_FlighBookingWebFluxMongoDB (1)] INFO  o.eclipse.m2e.core.internal.Bundles - 	Entry: C:\Users\syeds\.p2\pool\plugins\com.google.guava.failureaccess_1.0.3.jar
2025-11-24 20:48:40,312 [Worker-141: Launching Boot4_FlighBookingWebFluxMongoDB (1)] INFO  o.e.m.i.launch.MavenLaunchDelegate - Run build in "C:\Users\syeds\OneDrive\Documents\Desktop\CHUBB\Boot4_FlighBookingWebFluxMongoDB":
2025-11-24 20:48:40,312 [Worker-141: Launching Boot4_FlighBookingWebFluxMongoDB (1)] INFO  o.e.m.i.launch.MavenLaunchDelegate -  mvn  -Ppom.xml -B -Dstyle.color=always clean test
2025-11-24 21:02:18,678 [Worker-147: Launching FlightServiceTest] INFO  o.a.m.s.f.DefaultMavenResourcesFiltering - Copying 1 resource from src\main\resources to target\classes
2025-11-24 21:02:18,688 [Worker-147: Launching FlightServiceTest] INFO  o.a.m.s.f.DefaultMavenResourcesFiltering - Copying 0 resource from src\main\resources to target\classes
2025-11-24 21:02:18,691 [Worker-147: Launching FlightServiceTest] INFO  o.a.m.s.f.DefaultMavenResourcesFiltering - skip non existing resourceDirectory C:\Users\syeds\OneDrive\Documents\Desktop\CHUBB\Boot4_FlighBookingWebFluxMongoDB\src\test\resources
2025-11-24 21:06:24,555 [Worker-158: Updating Maven Project] INFO  o.e.m.c.i.p.ProjectConfigurationManager - Update started
2025-11-24 21:06:24,878 [Worker-158: Updating Maven Project] INFO  o.e.m.c.i.l.LifecycleMappingFactory - Using org.eclipse.m2e.jdt.JarLifecycleMapping lifecycle mapping for MavenProject: com.app:Boot4_FlighBookingWebFluxMongoDB:0.0.1-SNAPSHOT @ C:\Users\syeds\OneDrive\Documents\Desktop\CHUBB\Boot4_FlighBookingWebFluxMongoDB\pom.xml.
2025-11-24 21:06:25,647 [Worker-158: Updating Maven Project] INFO  o.e.m.j.i.AbstractJavaProjectConfigurator - Adding source folder /Boot4_FlighBookingWebFluxMongoDB/src/main/java
2025-11-24 21:06:25,648 [Worker-158: Updating Maven Project] INFO  o.e.m.j.i.AbstractJavaProjectConfigurator - Adding resource folder /Boot4_FlighBookingWebFluxMongoDB/src/main/resources
2025-11-24 21:06:25,648 [Worker-158: Updating Maven Project] INFO  o.e.m.j.i.AbstractJavaProjectConfigurator - Adding resource folder /Boot4_FlighBookingWebFluxMongoDB/src/main/resources
2025-11-24 21:06:25,648 [Worker-158: Updating Maven Project] INFO  o.e.m.j.i.AbstractJavaProjectConfigurator - Adding source folder /Boot4_FlighBookingWebFluxMongoDB/src/test/java
2025-11-24 21:06:25,649 [Worker-158: Updating Maven Project] INFO  o.e.m.j.i.AbstractJavaProjectConfigurator - Adding resource folder /Boot4_FlighBookingWebFluxMongoDB/src/test/resources
2025-11-24 21:06:25,858 [Worker-158: Updating Maven Project] INFO  o.e.m.jdt.internal.UnitTestSupport - Reset launch configuration name: FlightServiceTest
2025-11-24 21:06:25,858 [Worker-158: Updating Maven Project] INFO  o.e.m.jdt.internal.UnitTestSupport - Updating FlightServiceTest from maven configuration
2025-11-24 21:06:26,171 [Worker-158: Updating Maven Project] INFO  o.e.m.c.i.p.ProjectConfigurationManager - Update completed for 1 poms: local refresh takes 0.00 sec, refresh facades takes 1.00 sec, update config takes 0.00 sec 
2025-11-24 21:08:59,572 [Worker-159: Launching FlightServiceTest] INFO  o.a.m.s.f.DefaultMavenResourcesFiltering - Copying 1 resource from src\main\resources to target\classes
2025-11-24 21:08:59,587 [Worker-159: Launching FlightServiceTest] INFO  o.a.m.s.f.DefaultMavenResourcesFiltering - Copying 0 resource from src\main\resources to target\classes
2025-11-24 21:08:59,591 [Worker-159: Launching FlightServiceTest] INFO  o.a.m.s.f.DefaultMavenResourcesFiltering - skip non existing resourceDirectory C:\Users\syeds\OneDrive\Documents\Desktop\CHUBB\Boot4_FlighBookingWebFluxMongoDB\src\test\resources
2025-11-24 21:31:18,856 [Worker-167: Updating Maven Project] INFO  o.e.m.c.i.p.ProjectConfigurationManager - Update started
2025-11-24 21:31:19,147 [Worker-167: Updating Maven Project] INFO  o.e.m.c.i.l.LifecycleMappingFactory - Using org.eclipse.m2e.jdt.JarLifecycleMapping lifecycle mapping for MavenProject: com.app:Boot4_FlighBookingWebFluxMongoDB:0.0.1-SNAPSHOT @ C:\Users\syeds\OneDrive\Documents\Desktop\CHUBB\Boot4_FlighBookingWebFluxMongoDB\pom.xml.
2025-11-24 21:31:19,921 [Worker-167: Updating Maven Project] INFO  o.e.m.j.i.AbstractJavaProjectConfigurator - Adding source folder /Boot4_FlighBookingWebFluxMongoDB/src/main/java
2025-11-24 21:31:19,922 [Worker-167: Updating Maven Project] INFO  o.e.m.j.i.AbstractJavaProjectConfigurator - Adding resource folder /Boot4_FlighBookingWebFluxMongoDB/src/main/resources
2025-11-24 21:31:19,922 [Worker-167: Updating Maven Project] INFO  o.e.m.j.i.AbstractJavaProjectConfigurator - Adding resource folder /Boot4_FlighBookingWebFluxMongoDB/src/main/resources
2025-11-24 21:31:19,922 [Worker-167: Updating Maven Project] INFO  o.e.m.j.i.AbstractJavaProjectConfigurator - Adding source folder /Boot4_FlighBookingWebFluxMongoDB/src/test/java
2025-11-24 21:31:19,923 [Worker-167: Updating Maven Project] INFO  o.e.m.j.i.AbstractJavaProjectConfigurator - Adding resource folder /Boot4_FlighBookingWebFluxMongoDB/src/test/resources
2025-11-24 21:31:20,143 [Worker-167: Updating Maven Project] INFO  o.e.m.jdt.internal.UnitTestSupport - Reset launch configuration name: FlightServiceTest
2025-11-24 21:31:20,143 [Worker-167: Updating Maven Project] INFO  o.e.m.jdt.internal.UnitTestSupport - Updating FlightServiceTest from maven configuration
2025-11-24 21:31:20,471 [Worker-167: Updating Maven Project] INFO  o.e.m.c.i.p.ProjectConfigurationManager - Update completed for 1 poms: local refresh takes 0.00 sec, refresh facades takes 0.00 sec, update config takes 0.00 sec 
2025-11-24 21:33:00,551 [Worker-169: Cleaning all projects] ERROR o.e.m.c.i.p.r.ProjectRegistryManager - Could not read pom.xml
org.eclipse.core.runtime.CoreException: Could not read pom.xml
	at org.eclipse.m2e.core.internal.IMavenToolbox.readModel(IMavenToolbox.java:245)
	at org.eclipse.m2e.core.internal.project.registry.ProjectRegistryManager.refreshPhase2(ProjectRegistryManager.java:591)
	at org.eclipse.m2e.core.internal.project.registry.ProjectRegistryManager.refresh(ProjectRegistryManager.java:491)
	at org.eclipse.m2e.core.internal.project.registry.ProjectRegistryManager.refresh(ProjectRegistryManager.java:370)
	at org.eclipse.m2e.core.internal.project.registry.ProjectRegistryManager.refresh(ProjectRegistryManager.java:322)
	at org.eclipse.m2e.core.internal.builder.MavenBuilder$BuildMethod.getProjectFacade(MavenBuilder.java:146)
	at org.eclipse.m2e.core.internal.builder.MavenBuilder$BuildMethod.lambda$0(MavenBuilder.java:84)
	at org.eclipse.m2e.core.internal.embedder.MavenExecutionContext.executeBare(MavenExecutionContext.java:458)
	at org.eclipse.m2e.core.internal.embedder.MavenExecutionContext.execute(MavenExecutionContext.java:339)
	at org.eclipse.m2e.core.internal.embedder.MavenExecutionContext.execute(MavenExecutionContext.java:278)
	at org.eclipse.m2e.core.internal.builder.MavenBuilder$BuildMethod.execute(MavenBuilder.java:83)
	at org.eclipse.m2e.core.internal.builder.MavenBuilder.clean(MavenBuilder.java:204)
	at org.eclipse.core.internal.events.BuildManager$2.run(BuildManager.java:1082)
	at org.eclipse.core.runtime.SafeRunner.run(SafeRunner.java:47)
	at org.eclipse.core.internal.events.BuildManager.basicBuild(BuildManager.java:296)
	at org.eclipse.core.internal.events.BuildManager.basicBuild(BuildManager.java:352)
	at org.eclipse.core.internal.events.BuildManager$1.run(BuildManager.java:441)
	at org.eclipse.core.runtime.SafeRunner.run(SafeRunner.java:47)
	at org.eclipse.core.internal.events.BuildManager.basicBuild(BuildManager.java:444)
	at org.eclipse.core.internal.events.BuildManager.basicBuildLoop(BuildManager.java:555)
	at org.eclipse.core.internal.events.BuildManager.basicBuildLoop(BuildManager.java:503)
	at org.eclipse.core.internal.events.BuildManager.build(BuildManager.java:585)
	at org.eclipse.core.internal.resources.Workspace.buildInternal(Workspace.java:595)
	at org.eclipse.core.internal.resources.Workspace.build(Workspace.java:484)
	at org.eclipse.ui.internal.ide.dialogs.CleanDialog.doClean(CleanDialog.java:355)
	at org.eclipse.ui.internal.ide.dialogs.CleanDialog$1.runInWorkspace(CleanDialog.java:159)
	at org.eclipse.core.internal.resources.InternalWorkspaceJob.run(InternalWorkspaceJob.java:43)
	at org.eclipse.core.internal.jobs.Worker.run(Worker.java:63)
Caused by: org.apache.maven.model.io.ModelParseException: end tag name </dependencyManagement> must match start tag name <project> from line 2 (position: TEXT seen ...</dependencies>\r\n</dependencyManagement>... @51:24) 
	at org.apache.maven.model.io.DefaultModelReader.read(DefaultModelReader.java:96)
	at org.apache.maven.model.io.DefaultModelReader.read(DefaultModelReader.java:74)
	at org.eclipse.m2e.core.internal.IMavenToolbox.readModel(IMavenToolbox.java:243)
	... 27 common frames omitted
Caused by: org.codehaus.plexus.util.xml.pull.XmlPullParserException: end tag name </dependencyManagement> must match start tag name <project> from line 2 (position: TEXT seen ...</dependencies>\r\n</dependencyManagement>... @51:24) 
	at org.codehaus.plexus.util.xml.pull.MXParser.parseEndTag(MXParser.java:2151)
	at org.codehaus.plexus.util.xml.pull.MXParser.nextImpl(MXParser.java:1418)
	at org.codehaus.plexus.util.xml.pull.MXParser.next(MXParser.java:1375)
	at org.codehaus.plexus.util.xml.pull.MXParser.nextTag(MXParser.java:1360)
	at org.apache.maven.model.io.xpp3.MavenXpp3Reader.parseModel(MavenXpp3Reader.java:2155)
	at org.apache.maven.model.io.xpp3.MavenXpp3Reader.read(MavenXpp3Reader.java:623)
	at org.apache.maven.model.io.xpp3.MavenXpp3Reader.read(MavenXpp3Reader.java:654)
	at org.apache.maven.model.io.DefaultModelReader.read(DefaultModelReader.java:93)
	... 29 common frames omitted
2025-11-24 21:33:00,865 [Worker-172: Building Workspace] WARN  o.a.m.s.f.DefaultMavenResourcesFiltering - Using platform encoding (UTF-8 actually) to copy filtered resources, i.e. build is platform dependent!
2025-11-24 21:33:00,867 [Worker-172: Building Workspace] INFO  o.a.m.s.f.DefaultMavenResourcesFiltering - skip non existing resourceDirectory C:\Users\syeds\OneDrive\Documents\Desktop\CHUBB\Assignment1\src\main\resources
2025-11-24 21:33:00,869 [Worker-172: Building Workspace] WARN  o.a.m.s.f.DefaultMavenResourcesFiltering - Using platform encoding (UTF-8 actually) to copy filtered resources, i.e. build is platform dependent!
2025-11-24 21:33:00,870 [Worker-172: Building Workspace] INFO  o.a.m.s.f.DefaultMavenResourcesFiltering - skip non existing resourceDirectory C:\Users\syeds\OneDrive\Documents\Desktop\CHUBB\Assignment1\src\test\resources
2025-11-24 21:33:01,055 [Worker-172: Building Workspace] INFO  o.a.m.s.f.DefaultMavenResourcesFiltering - Copying 1 resource from src\main\resources to target\classes
2025-11-24 21:33:01,060 [Worker-172: Building Workspace] INFO  o.a.m.s.f.DefaultMavenResourcesFiltering - Copying 0 resource from src\main\resources to target\classes
2025-11-24 21:33:01,065 [Worker-172: Building Workspace] INFO  o.a.m.s.f.DefaultMavenResourcesFiltering - skip non existing resourceDirectory C:\Users\syeds\OneDrive\Documents\Desktop\CHUBB\Boot1_demo\src\test\resources
2025-11-24 21:33:01,252 [Worker-172: Building Workspace] INFO  o.a.m.s.f.DefaultMavenResourcesFiltering - Copying 1 resource from src\main\resources to target\classes
2025-11-24 21:33:01,254 [Worker-172: Building Workspace] INFO  o.a.m.s.f.DefaultMavenResourcesFiltering - Copying 1 resource from src\main\resources to target\classes
2025-11-24 21:33:01,259 [Worker-172: Building Workspace] INFO  o.a.m.s.f.DefaultMavenResourcesFiltering - skip non existing resourceDirectory C:\Users\syeds\OneDrive\Documents\Desktop\CHUBB\Boot2_SpringWebFlux\src\test\resources
2025-11-24 21:33:01,420 [Worker-172: Building Workspace] INFO  o.a.m.s.f.DefaultMavenResourcesFiltering - Copying 1 resource from src\main\resources to target\classes
2025-11-24 21:33:01,422 [Worker-172: Building Workspace] INFO  o.a.m.s.f.DefaultMavenResourcesFiltering - Copying 0 resource from src\main\resources to target\classes
2025-11-24 21:33:01,425 [Worker-172: Building Workspace] INFO  o.a.m.s.f.DefaultMavenResourcesFiltering - skip non existing resourceDirectory C:\Users\syeds\Downloads\demo\demo\src\test\resources
2025-11-24 21:33:01,798 [Worker-172: Building Workspace] INFO  o.a.m.s.f.DefaultMavenResourcesFiltering - Copying 1 resource from src\main\resources to target\classes
2025-11-24 21:33:01,813 [Worker-172: Building Workspace] INFO  o.a.m.s.f.DefaultMavenResourcesFiltering - Copying 0 resource from src\main\resources to target\classes
2025-11-24 21:33:01,818 [Worker-172: Building Workspace] INFO  o.a.m.s.f.DefaultMavenResourcesFiltering - skip non existing resourceDirectory C:\Users\syeds\OneDrive\Documents\Desktop\CHUBB\Boot4_FlighBookingWebFluxMongoDB\src\test\resources
2025-11-24 21:33:02,090 [Worker-172: Building Workspace] ERROR o.e.m.c.i.p.r.ProjectRegistryManager - Could not read pom.xml
org.eclipse.core.runtime.CoreException: Could not read pom.xml
	at org.eclipse.m2e.core.internal.IMavenToolbox.readModel(IMavenToolbox.java:245)
	at org.eclipse.m2e.core.internal.project.registry.ProjectRegistryManager.refreshPhase2(ProjectRegistryManager.java:591)
	at org.eclipse.m2e.core.internal.project.registry.ProjectRegistryManager.refresh(ProjectRegistryManager.java:491)
	at org.eclipse.m2e.core.internal.project.registry.ProjectRegistryManager.refresh(ProjectRegistryManager.java:370)
	at org.eclipse.m2e.core.internal.project.registry.ProjectRegistryManager.refresh(ProjectRegistryManager.java:322)
	at org.eclipse.m2e.core.internal.builder.MavenBuilder$BuildMethod.getProjectFacade(MavenBuilder.java:146)
	at org.eclipse.m2e.core.internal.builder.MavenBuilder$BuildMethod.lambda$0(MavenBuilder.java:84)
	at org.eclipse.m2e.core.internal.embedder.MavenExecutionContext.executeBare(MavenExecutionContext.java:458)
	at org.eclipse.m2e.core.internal.embedder.MavenExecutionContext.execute(MavenExecutionContext.java:339)
	at org.eclipse.m2e.core.internal.embedder.MavenExecutionContext.execute(MavenExecutionContext.java:278)
	at org.eclipse.m2e.core.internal.builder.MavenBuilder$BuildMethod.execute(MavenBuilder.java:83)
	at org.eclipse.m2e.core.internal.builder.MavenBuilder.build(MavenBuilder.java:192)
	at org.eclipse.core.internal.events.BuildManager$2.run(BuildManager.java:1077)
	at org.eclipse.core.runtime.SafeRunner.run(SafeRunner.java:47)
	at org.eclipse.core.internal.events.BuildManager.basicBuild(BuildManager.java:296)
	at org.eclipse.core.internal.events.BuildManager.basicBuild(BuildManager.java:352)
	at org.eclipse.core.internal.events.BuildManager$1.run(BuildManager.java:441)
	at org.eclipse.core.runtime.SafeRunner.run(SafeRunner.java:47)
	at org.eclipse.core.internal.events.BuildManager.basicBuild(BuildManager.java:444)
	at org.eclipse.core.internal.events.BuildManager.basicBuildLoop(BuildManager.java:555)
	at org.eclipse.core.internal.events.BuildManager.basicBuildLoop(BuildManager.java:503)
	at org.eclipse.core.internal.events.BuildManager.build(BuildManager.java:585)
	at org.eclipse.core.internal.resources.Workspace.buildInternal(Workspace.java:595)
	at org.eclipse.core.internal.resources.Workspace.build(Workspace.java:484)
	at org.eclipse.ui.actions.GlobalBuildAction$1.run(GlobalBuildAction.java:180)
	at org.eclipse.core.internal.jobs.Worker.run(Worker.java:63)
Caused by: org.apache.maven.model.io.ModelParseException: end tag name </dependencyManagement> must match start tag name <project> from line 2 (position: TEXT seen ...</dependencies>\r\n</dependencyManagement>... @51:24) 
	at org.apache.maven.model.io.DefaultModelReader.read(DefaultModelReader.java:96)
	at org.apache.maven.model.io.DefaultModelReader.read(DefaultModelReader.java:74)
	at org.eclipse.m2e.core.internal.IMavenToolbox.readModel(IMavenToolbox.java:243)
	... 25 common frames omitted
Caused by: org.codehaus.plexus.util.xml.pull.XmlPullParserException: end tag name </dependencyManagement> must match start tag name <project> from line 2 (position: TEXT seen ...</dependencies>\r\n</dependencyManagement>... @51:24) 
	at org.codehaus.plexus.util.xml.pull.MXParser.parseEndTag(MXParser.java:2151)
	at org.codehaus.plexus.util.xml.pull.MXParser.nextImpl(MXParser.java:1418)
	at org.codehaus.plexus.util.xml.pull.MXParser.next(MXParser.java:1375)
	at org.codehaus.plexus.util.xml.pull.MXParser.nextTag(MXParser.java:1360)
	at org.apache.maven.model.io.xpp3.MavenXpp3Reader.parseModel(MavenXpp3Reader.java:2155)
	at org.apache.maven.model.io.xpp3.MavenXpp3Reader.read(MavenXpp3Reader.java:623)
	at org.apache.maven.model.io.xpp3.MavenXpp3Reader.read(MavenXpp3Reader.java:654)
	at org.apache.maven.model.io.DefaultModelReader.read(DefaultModelReader.java:93)
	... 27 common frames omitted
2025-11-24 21:33:02,189 [Worker-172: Building Workspace] WARN  o.a.m.s.f.DefaultMavenResourcesFiltering - Using platform encoding (UTF-8 actually) to copy filtered resources, i.e. build is platform dependent!
2025-11-24 21:33:02,190 [Worker-172: Building Workspace] INFO  o.a.m.s.f.DefaultMavenResourcesFiltering - skip non existing resourceDirectory C:\Users\syeds\OneDrive\Documents\Desktop\CHUBB\MavenDemo1\src\main\resources
2025-11-24 21:33:02,193 [Worker-172: Building Workspace] WARN  o.a.m.s.f.DefaultMavenResourcesFiltering - Using platform encoding (UTF-8 actually) to copy filtered resources, i.e. build is platform dependent!
2025-11-24 21:33:02,193 [Worker-172: Building Workspace] INFO  o.a.m.s.f.DefaultMavenResourcesFiltering - skip non existing resourceDirectory C:\Users\syeds\OneDrive\Documents\Desktop\CHUBB\MavenDemo1\src\test\resources
2025-11-24 21:33:02,272 [Worker-172: Building Workspace] INFO  o.a.m.s.f.DefaultMavenResourcesFiltering - skip non existing resourceDirectory C:\Users\syeds\OneDrive\Documents\Desktop\CHUBB\MavenDemo2_HotelBooking\src\main\resources
2025-11-24 21:33:02,276 [Worker-172: Building Workspace] INFO  o.a.m.s.f.DefaultMavenResourcesFiltering - skip non existing resourceDirectory C:\Users\syeds\OneDrive\Documents\Desktop\CHUBB\MavenDemo2_HotelBooking\src\test\resources
2025-11-24 21:33:02,317 [Worker-172: Building Workspace] WARN  o.a.m.s.f.DefaultMavenResourcesFiltering - Using platform encoding (UTF-8 actually) to copy filtered resources, i.e. build is platform dependent!
2025-11-24 21:33:02,319 [Worker-172: Building Workspace] INFO  o.a.m.s.f.DefaultMavenResourcesFiltering - Copying 0 resource from src\main\resources to target\classes
2025-11-24 21:33:02,321 [Worker-172: Building Workspace] WARN  o.a.m.s.f.DefaultMavenResourcesFiltering - Using platform encoding (UTF-8 actually) to copy filtered resources, i.e. build is platform dependent!
2025-11-24 21:33:02,324 [Worker-172: Building Workspace] INFO  o.a.m.s.f.DefaultMavenResourcesFiltering - Copying 0 resource from src\test\resources to target\test-classes
2025-11-24 21:33:02,449 [Worker-172: Building Workspace] WARN  o.a.m.s.f.DefaultMavenResourcesFiltering - Using platform encoding (UTF-8 actually) to copy filtered resources, i.e. build is platform dependent!
2025-11-24 21:33:02,450 [Worker-172: Building Workspace] INFO  o.a.m.s.f.DefaultMavenResourcesFiltering - Copying 0 resource from src\main\resources to target\classes
2025-11-24 21:33:02,453 [Worker-172: Building Workspace] WARN  o.a.m.s.f.DefaultMavenResourcesFiltering - Using platform encoding (UTF-8 actually) to copy filtered resources, i.e. build is platform dependent!
2025-11-24 21:33:02,454 [Worker-172: Building Workspace] INFO  o.a.m.s.f.DefaultMavenResourcesFiltering - Copying 0 resource from src\test\resources to target\test-classes
2025-11-24 21:33:02,511 [Worker-172: Building Workspace] WARN  o.a.m.s.f.DefaultMavenResourcesFiltering - Using platform encoding (UTF-8 actually) to copy filtered resources, i.e. build is platform dependent!
2025-11-24 21:33:02,512 [Worker-172: Building Workspace] INFO  o.a.m.s.f.DefaultMavenResourcesFiltering - Copying 0 resource from src\main\resources to target\classes
2025-11-24 21:33:02,514 [Worker-172: Building Workspace] WARN  o.a.m.s.f.DefaultMavenResourcesFiltering - Using platform encoding (UTF-8 actually) to copy filtered resources, i.e. build is platform dependent!
2025-11-24 21:33:02,516 [Worker-172: Building Workspace] INFO  o.a.m.s.f.DefaultMavenResourcesFiltering - Copying 0 resource from src\test\resources to target\test-classes
2025-11-24 21:33:02,577 [Worker-172: Building Workspace] WARN  o.a.m.s.f.DefaultMavenResourcesFiltering - Using platform encoding (UTF-8 actually) to copy filtered resources, i.e. build is platform dependent!
2025-11-24 21:33:02,579 [Worker-172: Building Workspace] INFO  o.a.m.s.f.DefaultMavenResourcesFiltering - Copying 0 resource from src\main\resources to target\classes
2025-11-24 21:33:02,583 [Worker-172: Building Workspace] WARN  o.a.m.s.f.DefaultMavenResourcesFiltering - Using platform encoding (UTF-8 actually) to copy filtered resources, i.e. build is platform dependent!
2025-11-24 21:33:02,585 [Worker-172: Building Workspace] INFO  o.a.m.s.f.DefaultMavenResourcesFiltering - Copying 0 resource from src\test\resources to target\test-classes
2025-11-24 21:33:02,689 [Worker-172: Building Workspace] INFO  o.a.m.s.f.DefaultMavenResourcesFiltering - Copying 0 resource from src\main\resources to target\classes
2025-11-24 21:33:02,692 [Worker-172: Building Workspace] INFO  o.a.m.s.f.DefaultMavenResourcesFiltering - Copying 0 resource from src\test\resources to target\test-classes
2025-11-24 21:33:36,283 [Worker-178: Building] INFO  o.a.m.s.f.DefaultMavenResourcesFiltering - Copying 1 resource from src\main\resources to target\classes
2025-11-24 21:33:36,289 [Worker-178: Building] INFO  o.a.m.s.f.DefaultMavenResourcesFiltering - Copying 0 resource from src\main\resources to target\classes
2025-11-24 21:33:36,293 [Worker-178: Building] INFO  o.a.m.s.f.DefaultMavenResourcesFiltering - skip non existing resourceDirectory C:\Users\syeds\OneDrive\Documents\Desktop\CHUBB\Boot4_FlighBookingWebFluxMongoDB\src\test\resources
2025-11-24 21:34:12,954 [Worker-5: Loading available Gradle versions] INFO  o.e.b.c.i.u.g.PublishedGradleVersions - Gradle version information cache is out-of-date. Trying to update.
2025-11-24 21:36:11,738 [Worker-34: Building] INFO  o.e.m.c.i.l.LifecycleMappingFactory - Using org.eclipse.m2e.jdt.JarLifecycleMapping lifecycle mapping for MavenProject: com.app:Boot4_FlighBookingWebFluxMongoDB:0.0.1-SNAPSHOT @ C:\Users\syeds\OneDrive\Documents\Desktop\CHUBB\Boot4_FlighBookingWebFluxMongoDB\pom.xml.
2025-11-24 21:36:12,086 [SonarLint Client RPC request executor] WARN  o.e.m.c.i.embedder.EclipseLogger - The artifact mysql:mysql-connector-java:jar:8.0.33 has been relocated to com.mysql:mysql-connector-j:jar:8.0.33: MySQL Connector/J artifacts moved to reverse-DNS compliant Maven 2+ coordinates.
2025-11-24 21:36:12,636 [Worker-34: Building] INFO  o.e.m.c.i.e.AbstractTransferListenerAdapter - Downloading https://repo.maven.apache.org/maven2/org/springframework/boot/spring-boot-starter-webmvc/4.0.0/spring-boot-starter-webmvc-4.0.0.pom
2025-11-24 21:36:12,659 [Worker-34: Building] INFO  o.e.m.c.i.e.AbstractTransferListenerAdapter - Downloaded https://repo.maven.apache.org/maven2/org/springframework/boot/spring-boot-starter-webmvc/4.0.0/spring-boot-starter-webmvc-4.0.0.pom
2025-11-24 21:36:12,752 [Worker-34: Building] INFO  o.e.m.c.i.e.AbstractTransferListenerAdapter - Downloading https://repo.maven.apache.org/maven2/org/springframework/boot/spring-boot-starter-tomcat/4.0.0/spring-boot-starter-tomcat-4.0.0.pom
2025-11-24 21:36:12,767 [Worker-34: Building] INFO  o.e.m.c.i.e.AbstractTransferListenerAdapter - Downloaded https://repo.maven.apache.org/maven2/org/springframework/boot/spring-boot-starter-tomcat/4.0.0/spring-boot-starter-tomcat-4.0.0.pom
2025-11-24 21:36:12,862 [Worker-34: Building] INFO  o.e.m.c.i.e.AbstractTransferListenerAdapter - Downloading https://repo.maven.apache.org/maven2/org/springframework/boot/spring-boot-starter-tomcat-runtime/4.0.0/spring-boot-starter-tomcat-runtime-4.0.0.pom
2025-11-24 21:36:13,169 [Worker-34: Building] INFO  o.e.m.c.i.e.AbstractTransferListenerAdapter - Downloaded https://repo.maven.apache.org/maven2/org/springframework/boot/spring-boot-starter-tomcat-runtime/4.0.0/spring-boot-starter-tomcat-runtime-4.0.0.pom
2025-11-24 21:36:13,272 [Worker-34: Building] INFO  o.e.m.c.i.e.AbstractTransferListenerAdapter - Downloading https://repo.maven.apache.org/maven2/org/springframework/boot/spring-boot-tomcat/4.0.0/spring-boot-tomcat-4.0.0.pom
2025-11-24 21:36:13,279 [Worker-34: Building] INFO  o.e.m.c.i.e.AbstractTransferListenerAdapter - Downloaded https://repo.maven.apache.org/maven2/org/springframework/boot/spring-boot-tomcat/4.0.0/spring-boot-tomcat-4.0.0.pom
2025-11-24 21:36:13,373 [Worker-34: Building] INFO  o.e.m.c.i.e.AbstractTransferListenerAdapter - Downloading https://repo.maven.apache.org/maven2/org/apache/tomcat/embed/tomcat-embed-core/11.0.14/tomcat-embed-core-11.0.14.pom
2025-11-24 21:36:13,381 [Worker-34: Building] INFO  o.e.m.c.i.e.AbstractTransferListenerAdapter - Downloaded https://repo.maven.apache.org/maven2/org/apache/tomcat/embed/tomcat-embed-core/11.0.14/tomcat-embed-core-11.0.14.pom
2025-11-24 21:36:13,463 [Worker-34: Building] INFO  o.e.m.c.i.e.AbstractTransferListenerAdapter - Downloading https://repo.maven.apache.org/maven2/org/apache/tomcat/embed/tomcat-embed-websocket/11.0.14/tomcat-embed-websocket-11.0.14.pom
2025-11-24 21:36:13,475 [Worker-34: Building] INFO  o.e.m.c.i.e.AbstractTransferListenerAdapter - Downloaded https://repo.maven.apache.org/maven2/org/apache/tomcat/embed/tomcat-embed-websocket/11.0.14/tomcat-embed-websocket-11.0.14.pom
2025-11-24 21:36:13,566 [Worker-34: Building] INFO  o.e.m.c.i.e.AbstractTransferListenerAdapter - Downloading https://repo.maven.apache.org/maven2/org/springframework/boot/spring-boot-http-converter/4.0.0/spring-boot-http-converter-4.0.0.pom
2025-11-24 21:36:13,574 [Worker-34: Building] INFO  o.e.m.c.i.e.AbstractTransferListenerAdapter - Downloaded https://repo.maven.apache.org/maven2/org/springframework/boot/spring-boot-http-converter/4.0.0/spring-boot-http-converter-4.0.0.pom
2025-11-24 21:36:13,645 [Worker-34: Building] INFO  o.e.m.c.i.e.AbstractTransferListenerAdapter - Downloading https://repo.maven.apache.org/maven2/org/springframework/boot/spring-boot-webmvc/4.0.0/spring-boot-webmvc-4.0.0.pom
2025-11-24 21:36:13,655 [Worker-34: Building] INFO  o.e.m.c.i.e.AbstractTransferListenerAdapter - Downloaded https://repo.maven.apache.org/maven2/org/springframework/boot/spring-boot-webmvc/4.0.0/spring-boot-webmvc-4.0.0.pom
2025-11-24 21:36:13,736 [Worker-34: Building] INFO  o.e.m.c.i.e.AbstractTransferListenerAdapter - Downloading https://repo.maven.apache.org/maven2/org/springframework/boot/spring-boot-servlet/4.0.0/spring-boot-servlet-4.0.0.pom
2025-11-24 21:36:13,748 [Worker-34: Building] INFO  o.e.m.c.i.e.AbstractTransferListenerAdapter - Downloaded https://repo.maven.apache.org/maven2/org/springframework/boot/spring-boot-servlet/4.0.0/spring-boot-servlet-4.0.0.pom
2025-11-24 21:36:13,827 [Worker-34: Building] INFO  o.e.m.c.i.e.AbstractTransferListenerAdapter - Downloading https://repo.maven.apache.org/maven2/org/springframework/spring-webmvc/7.0.1/spring-webmvc-7.0.1.pom
2025-11-24 21:36:13,835 [Worker-34: Building] INFO  o.e.m.c.i.e.AbstractTransferListenerAdapter - Downloaded https://repo.maven.apache.org/maven2/org/springframework/spring-webmvc/7.0.1/spring-webmvc-7.0.1.pom
2025-11-24 21:36:13,921 [Worker-34: Building] INFO  o.e.m.c.i.e.AbstractTransferListenerAdapter - Downloading https://repo.maven.apache.org/maven2/org/springframework/boot/spring-boot-starter-webmvc-test/4.0.0/spring-boot-starter-webmvc-test-4.0.0.pom
2025-11-24 21:36:13,933 [Worker-34: Building] INFO  o.e.m.c.i.e.AbstractTransferListenerAdapter - Downloaded https://repo.maven.apache.org/maven2/org/springframework/boot/spring-boot-starter-webmvc-test/4.0.0/spring-boot-starter-webmvc-test-4.0.0.pom
2025-11-24 21:36:14,023 [Worker-34: Building] INFO  o.e.m.c.i.e.AbstractTransferListenerAdapter - Downloading https://repo.maven.apache.org/maven2/org/springframework/boot/spring-boot-webmvc-test/4.0.0/spring-boot-webmvc-test-4.0.0.pom
2025-11-24 21:36:14,582 [Worker-34: Building] INFO  o.e.m.c.i.e.AbstractTransferListenerAdapter - Downloaded https://repo.maven.apache.org/maven2/org/springframework/boot/spring-boot-webmvc-test/4.0.0/spring-boot-webmvc-test-4.0.0.pom
2025-11-24 21:36:14,801 [Worker-34: Building] INFO  o.e.m.c.i.e.AbstractTransferListenerAdapter - Downloading https://repo.maven.apache.org/maven2/org/springframework/boot/spring-boot-resttestclient/4.0.0/spring-boot-resttestclient-4.0.0.pom
2025-11-24 21:36:14,810 [Worker-34: Building] INFO  o.e.m.c.i.e.AbstractTransferListenerAdapter - Downloaded https://repo.maven.apache.org/maven2/org/springframework/boot/spring-boot-resttestclient/4.0.0/spring-boot-resttestclient-4.0.0.pom
2025-11-24 21:36:14,887 [Worker-34: Building] INFO  o.e.m.c.i.e.AbstractTransferListenerAdapter - Downloading https://repo.maven.apache.org/maven2/org/springframework/boot/spring-boot-restclient/4.0.0/spring-boot-restclient-4.0.0.pom
2025-11-24 21:36:14,895 [Worker-34: Building] INFO  o.e.m.c.i.e.AbstractTransferListenerAdapter - Downloaded https://repo.maven.apache.org/maven2/org/springframework/boot/spring-boot-restclient/4.0.0/spring-boot-restclient-4.0.0.pom
2025-11-24 21:36:14,966 [Worker-34: Building] INFO  o.e.m.c.i.e.AbstractTransferListenerAdapter - Downloading https://repo.maven.apache.org/maven2/org/springframework/boot/spring-boot-http-client/4.0.0/spring-boot-http-client-4.0.0.pom
2025-11-24 21:36:14,977 [Worker-34: Building] INFO  o.e.m.c.i.e.AbstractTransferListenerAdapter - Downloaded https://repo.maven.apache.org/maven2/org/springframework/boot/spring-boot-http-client/4.0.0/spring-boot-http-client-4.0.0.pom
2025-11-24 21:36:15,431 [Worker-34: Building] INFO  o.e.m.c.i.e.AbstractTransferListenerAdapter - Downloading https://repo.maven.apache.org/maven2/org/springframework/boot/spring-boot-starter-webmvc/4.0.0/spring-boot-starter-webmvc-4.0.0.jar
2025-11-24 21:36:15,443 [Worker-34: Building] INFO  o.e.m.c.i.e.AbstractTransferListenerAdapter - Downloaded https://repo.maven.apache.org/maven2/org/springframework/boot/spring-boot-starter-webmvc/4.0.0/spring-boot-starter-webmvc-4.0.0.jar
2025-11-24 21:36:15,516 [BasicRepositoryConnector-repo.maven.apache.org-0-0] INFO  o.e.m.c.i.e.AbstractTransferListenerAdapter - Downloading https://repo.maven.apache.org/maven2/org/springframework/boot/spring-boot-starter-tomcat/4.0.0/spring-boot-starter-tomcat-4.0.0.jar
2025-11-24 21:36:15,523 [BasicRepositoryConnector-repo.maven.apache.org-0-0] INFO  o.e.m.c.i.e.AbstractTransferListenerAdapter - Downloaded https://repo.maven.apache.org/maven2/org/springframework/boot/spring-boot-starter-tomcat/4.0.0/spring-boot-starter-tomcat-4.0.0.jar
2025-11-24 21:36:15,594 [BasicRepositoryConnector-repo.maven.apache.org-0-0] INFO  o.e.m.c.i.e.AbstractTransferListenerAdapter - Downloading https://repo.maven.apache.org/maven2/org/springframework/boot/spring-boot-http-converter/4.0.0/spring-boot-http-converter-4.0.0.jar
2025-11-24 21:36:15,603 [BasicRepositoryConnector-repo.maven.apache.org-0-0] INFO  o.e.m.c.i.e.AbstractTransferListenerAdapter - Downloaded https://repo.maven.apache.org/maven2/org/springframework/boot/spring-boot-http-converter/4.0.0/spring-boot-http-converter-4.0.0.jar
2025-11-24 21:36:15,636 [BasicRepositoryConnector-repo.maven.apache.org-0-4] INFO  o.e.m.c.i.e.AbstractTransferListenerAdapter - Downloading https://repo.maven.apache.org/maven2/org/springframework/boot/spring-boot-tomcat/4.0.0/spring-boot-tomcat-4.0.0.jar
2025-11-24 21:36:15,637 [BasicRepositoryConnector-repo.maven.apache.org-0-2] INFO  o.e.m.c.i.e.AbstractTransferListenerAdapter - Downloading https://repo.maven.apache.org/maven2/org/apache/tomcat/embed/tomcat-embed-core/11.0.14/tomcat-embed-core-11.0.14.jar
2025-11-24 21:36:15,676 [BasicRepositoryConnector-repo.maven.apache.org-0-0] INFO  o.e.m.c.i.e.AbstractTransferListenerAdapter - Downloading https://repo.maven.apache.org/maven2/org/springframework/boot/spring-boot-webmvc/4.0.0/spring-boot-webmvc-4.0.0.jar
2025-11-24 21:36:15,746 [BasicRepositoryConnector-repo.maven.apache.org-0-3] INFO  o.e.m.c.i.e.AbstractTransferListenerAdapter - Downloading https://repo.maven.apache.org/maven2/org/apache/tomcat/embed/tomcat-embed-websocket/11.0.14/tomcat-embed-websocket-11.0.14.jar
2025-11-24 21:36:15,858 [BasicRepositoryConnector-repo.maven.apache.org-0-4] INFO  o.e.m.c.i.e.AbstractTransferListenerAdapter - Downloaded https://repo.maven.apache.org/maven2/org/springframework/boot/spring-boot-tomcat/4.0.0/spring-boot-tomcat-4.0.0.jar
2025-11-24 21:36:15,943 [BasicRepositoryConnector-repo.maven.apache.org-0-4] INFO  o.e.m.c.i.e.AbstractTransferListenerAdapter - Downloading https://repo.maven.apache.org/maven2/org/springframework/boot/spring-boot-servlet/4.0.0/spring-boot-servlet-4.0.0.jar
2025-11-24 21:36:16,051 [BasicRepositoryConnector-repo.maven.apache.org-0-4] INFO  o.e.m.c.i.e.AbstractTransferListenerAdapter - Downloaded https://repo.maven.apache.org/maven2/org/springframework/boot/spring-boot-servlet/4.0.0/spring-boot-servlet-4.0.0.jar
2025-11-24 21:36:16,101 [BasicRepositoryConnector-repo.maven.apache.org-0-3] INFO  o.e.m.c.i.e.AbstractTransferListenerAdapter - Downloaded https://repo.maven.apache.org/maven2/org/apache/tomcat/embed/tomcat-embed-websocket/11.0.14/tomcat-embed-websocket-11.0.14.jar
2025-11-24 21:36:16,265 [BasicRepositoryConnector-repo.maven.apache.org-0-4] INFO  o.e.m.c.i.e.AbstractTransferListenerAdapter - Downloading https://repo.maven.apache.org/maven2/org/springframework/spring-webmvc/7.0.1/spring-webmvc-7.0.1.jar
2025-11-24 21:36:16,300 [BasicRepositoryConnector-repo.maven.apache.org-0-0] INFO  o.e.m.c.i.e.AbstractTransferListenerAdapter - Downloaded https://repo.maven.apache.org/maven2/org/springframework/boot/spring-boot-webmvc/4.0.0/spring-boot-webmvc-4.0.0.jar
2025-11-24 21:36:16,371 [BasicRepositoryConnector-repo.maven.apache.org-0-0] INFO  o.e.m.c.i.e.AbstractTransferListenerAdapter - Downloading https://repo.maven.apache.org/maven2/org/springframework/boot/spring-boot-webmvc-test/4.0.0/spring-boot-webmvc-test-4.0.0.jar
2025-11-24 21:36:16,940 [BasicRepositoryConnector-repo.maven.apache.org-0-0] INFO  o.e.m.c.i.e.AbstractTransferListenerAdapter - Downloaded https://repo.maven.apache.org/maven2/org/springframework/boot/spring-boot-webmvc-test/4.0.0/spring-boot-webmvc-test-4.0.0.jar
2025-11-24 21:36:17,324 [BasicRepositoryConnector-repo.maven.apache.org-0-3] INFO  o.e.m.c.i.e.AbstractTransferListenerAdapter - Downloading https://repo.maven.apache.org/maven2/org/springframework/boot/spring-boot-starter-webmvc-test/4.0.0/spring-boot-starter-webmvc-test-4.0.0.jar
2025-11-24 21:36:17,329 [BasicRepositoryConnector-repo.maven.apache.org-0-3] INFO  o.e.m.c.i.e.AbstractTransferListenerAdapter - Downloaded https://repo.maven.apache.org/maven2/org/springframework/boot/spring-boot-starter-webmvc-test/4.0.0/spring-boot-starter-webmvc-test-4.0.0.jar
2025-11-24 21:36:17,480 [BasicRepositoryConnector-repo.maven.apache.org-0-0] INFO  o.e.m.c.i.e.AbstractTransferListenerAdapter - Downloading https://repo.maven.apache.org/maven2/org/springframework/boot/spring-boot-resttestclient/4.0.0/spring-boot-resttestclient-4.0.0.jar
2025-11-24 21:36:17,480 [BasicRepositoryConnector-repo.maven.apache.org-0-3] INFO  o.e.m.c.i.e.AbstractTransferListenerAdapter - Downloading https://repo.maven.apache.org/maven2/org/springframework/boot/spring-boot-restclient/4.0.0/spring-boot-restclient-4.0.0.jar
2025-11-24 21:36:17,498 [BasicRepositoryConnector-repo.maven.apache.org-0-3] INFO  o.e.m.c.i.e.AbstractTransferListenerAdapter - Downloaded https://repo.maven.apache.org/maven2/org/springframework/boot/spring-boot-restclient/4.0.0/spring-boot-restclient-4.0.0.jar
2025-11-24 21:36:17,537 [BasicRepositoryConnector-repo.maven.apache.org-0-0] INFO  o.e.m.c.i.e.AbstractTransferListenerAdapter - Downloaded https://repo.maven.apache.org/maven2/org/springframework/boot/spring-boot-resttestclient/4.0.0/spring-boot-resttestclient-4.0.0.jar
2025-11-24 21:36:17,561 [BasicRepositoryConnector-repo.maven.apache.org-0-4] INFO  o.e.m.c.i.e.AbstractTransferListenerAdapter - Downloaded https://repo.maven.apache.org/maven2/org/springframework/spring-webmvc/7.0.1/spring-webmvc-7.0.1.jar
2025-11-24 21:36:17,653 [BasicRepositoryConnector-repo.maven.apache.org-0-3] INFO  o.e.m.c.i.e.AbstractTransferListenerAdapter - Downloading https://repo.maven.apache.org/maven2/org/springframework/boot/spring-boot-http-client/4.0.0/spring-boot-http-client-4.0.0.jar
2025-11-24 21:36:17,722 [BasicRepositoryConnector-repo.maven.apache.org-0-1] INFO  o.e.m.c.i.e.AbstractTransferListenerAdapter - Downloading https://repo.maven.apache.org/maven2/org/springframework/boot/spring-boot-starter-tomcat-runtime/4.0.0/spring-boot-starter-tomcat-runtime-4.0.0.jar
2025-11-24 21:36:17,729 [BasicRepositoryConnector-repo.maven.apache.org-0-3] INFO  o.e.m.c.i.e.AbstractTransferListenerAdapter - Downloaded https://repo.maven.apache.org/maven2/org/springframework/boot/spring-boot-http-client/4.0.0/spring-boot-http-client-4.0.0.jar
2025-11-24 21:36:17,731 [BasicRepositoryConnector-repo.maven.apache.org-0-1] INFO  o.e.m.c.i.e.AbstractTransferListenerAdapter - Downloaded https://repo.maven.apache.org/maven2/org/springframework/boot/spring-boot-starter-tomcat-runtime/4.0.0/spring-boot-starter-tomcat-runtime-4.0.0.jar
2025-11-24 21:36:20,619 [BasicRepositoryConnector-repo.maven.apache.org-0-2] INFO  o.e.m.c.i.e.AbstractTransferListenerAdapter - Downloaded https://repo.maven.apache.org/maven2/org/apache/tomcat/embed/tomcat-embed-core/11.0.14/tomcat-embed-core-11.0.14.jar
2025-11-24 21:36:21,145 [Worker-34: Building] INFO  o.a.m.s.f.DefaultMavenResourcesFiltering - Copying 1 resource from src\main\resources to target\classes
2025-11-24 21:36:21,159 [Worker-34: Building] INFO  o.a.m.s.f.DefaultMavenResourcesFiltering - Copying 0 resource from src\main\resources to target\classes
2025-11-24 21:36:21,164 [Worker-34: Building] INFO  o.a.m.s.f.DefaultMavenResourcesFiltering - skip non existing resourceDirectory C:\Users\syeds\OneDrive\Documents\Desktop\CHUBB\Boot4_FlighBookingWebFluxMongoDB\src\test\resources
2025-11-24 21:36:21,733 [Worker-26: Updating Maven Project] INFO  o.e.m.c.i.p.ProjectConfigurationManager - Update started
2025-11-24 21:36:23,481 [Worker-26: Updating Maven Project] INFO  o.e.m.c.i.l.LifecycleMappingFactory - Using org.eclipse.m2e.jdt.JarLifecycleMapping lifecycle mapping for MavenProject: com.app:Boot4_FlighBookingWebFluxMongoDB:0.0.1-SNAPSHOT @ C:\Users\syeds\OneDrive\Documents\Desktop\CHUBB\Boot4_FlighBookingWebFluxMongoDB\pom.xml.
2025-11-24 21:36:23,539 [Worker-23: Download sources and javadoc] INFO  o.e.m.c.i.e.AbstractTransferListenerAdapter - Downloading https://repo.maven.apache.org/maven2/org/springframework/boot/spring-boot-starter-webmvc/4.0.0/spring-boot-starter-webmvc-4.0.0-sources.jar
2025-11-24 21:36:23,563 [Worker-23: Download sources and javadoc] INFO  o.e.m.c.i.e.AbstractTransferListenerAdapter - Downloaded https://repo.maven.apache.org/maven2/org/springframework/boot/spring-boot-starter-webmvc/4.0.0/spring-boot-starter-webmvc-4.0.0-sources.jar
2025-11-24 21:36:23,570 [Worker-23: Download sources and javadoc] INFO  o.e.m.j.internal.DownloadSourcesJob - Downloaded sources for org.springframework.boot:spring-boot-starter-webmvc:4.0.0
2025-11-24 21:36:23,816 [Worker-23: Download sources and javadoc] INFO  o.e.m.c.i.e.AbstractTransferListenerAdapter - Downloading https://repo.maven.apache.org/maven2/org/springframework/boot/spring-boot-starter-tomcat/4.0.0/spring-boot-starter-tomcat-4.0.0-sources.jar
2025-11-24 21:36:23,830 [Worker-23: Download sources and javadoc] INFO  o.e.m.c.i.e.AbstractTransferListenerAdapter - Downloaded https://repo.maven.apache.org/maven2/org/springframework/boot/spring-boot-starter-tomcat/4.0.0/spring-boot-starter-tomcat-4.0.0-sources.jar
2025-11-24 21:36:23,843 [Worker-23: Download sources and javadoc] INFO  o.e.m.j.internal.DownloadSourcesJob - Downloaded sources for org.springframework.boot:spring-boot-starter-tomcat:4.0.0
2025-11-24 21:36:24,161 [Worker-23: Download sources and javadoc] INFO  o.e.m.c.i.e.AbstractTransferListenerAdapter - Downloading https://repo.maven.apache.org/maven2/org/springframework/boot/spring-boot-starter-tomcat-runtime/4.0.0/spring-boot-starter-tomcat-runtime-4.0.0-sources.jar
2025-11-24 21:36:24,170 [Worker-23: Download sources and javadoc] INFO  o.e.m.c.i.e.AbstractTransferListenerAdapter - Downloaded https://repo.maven.apache.org/maven2/org/springframework/boot/spring-boot-starter-tomcat-runtime/4.0.0/spring-boot-starter-tomcat-runtime-4.0.0-sources.jar
2025-11-24 21:36:24,178 [Worker-23: Download sources and javadoc] INFO  o.e.m.j.internal.DownloadSourcesJob - Downloaded sources for org.springframework.boot:spring-boot-starter-tomcat-runtime:4.0.0
2025-11-24 21:36:24,379 [Worker-23: Download sources and javadoc] INFO  o.e.m.c.i.e.AbstractTransferListenerAdapter - Downloading https://repo.maven.apache.org/maven2/org/apache/tomcat/embed/tomcat-embed-core/11.0.14/tomcat-embed-core-11.0.14-sources.jar
2025-11-24 21:36:24,964 [Worker-26: Updating Maven Project] INFO  o.e.m.j.i.AbstractJavaProjectConfigurator - Adding source folder /Boot4_FlighBookingWebFluxMongoDB/src/main/java
2025-11-24 21:36:24,967 [Worker-26: Updating Maven Project] INFO  o.e.m.j.i.AbstractJavaProjectConfigurator - Adding resource folder /Boot4_FlighBookingWebFluxMongoDB/src/main/resources
2025-11-24 21:36:24,969 [Worker-26: Updating Maven Project] INFO  o.e.m.j.i.AbstractJavaProjectConfigurator - Adding resource folder /Boot4_FlighBookingWebFluxMongoDB/src/main/resources
2025-11-24 21:36:24,970 [Worker-26: Updating Maven Project] INFO  o.e.m.j.i.AbstractJavaProjectConfigurator - Adding source folder /Boot4_FlighBookingWebFluxMongoDB/src/test/java
2025-11-24 21:36:24,971 [Worker-26: Updating Maven Project] INFO  o.e.m.j.i.AbstractJavaProjectConfigurator - Adding resource folder /Boot4_FlighBookingWebFluxMongoDB/src/test/resources
2025-11-24 21:36:25,725 [Worker-26: Updating Maven Project] INFO  o.e.m.jdt.internal.UnitTestSupport - Reset launch configuration name: FlightServiceTest
2025-11-24 21:36:25,727 [Worker-26: Updating Maven Project] INFO  o.e.m.jdt.internal.UnitTestSupport - Updating FlightServiceTest from maven configuration
2025-11-24 21:36:27,347 [Worker-26: Updating Maven Project] INFO  o.e.m.c.i.p.ProjectConfigurationManager - Update completed for 1 poms: local refresh takes 0.00 sec, refresh facades takes 2.00 sec, update config takes 2.00 sec 
2025-11-24 21:36:27,654 [Worker-23: Download sources and javadoc] INFO  o.e.m.c.i.e.AbstractTransferListenerAdapter - Downloaded https://repo.maven.apache.org/maven2/org/apache/tomcat/embed/tomcat-embed-core/11.0.14/tomcat-embed-core-11.0.14-sources.jar
2025-11-24 21:36:27,668 [Worker-23: Download sources and javadoc] INFO  o.e.m.j.internal.DownloadSourcesJob - Downloaded sources for org.apache.tomcat.embed:tomcat-embed-core:11.0.14
2025-11-24 21:36:27,886 [Worker-23: Download sources and javadoc] INFO  o.e.m.c.i.e.AbstractTransferListenerAdapter - Downloading https://repo.maven.apache.org/maven2/org/apache/tomcat/embed/tomcat-embed-websocket/11.0.14/tomcat-embed-websocket-11.0.14-sources.jar
2025-11-24 21:36:28,407 [Worker-23: Download sources and javadoc] INFO  o.e.m.c.i.e.AbstractTransferListenerAdapter - Downloaded https://repo.maven.apache.org/maven2/org/apache/tomcat/embed/tomcat-embed-websocket/11.0.14/tomcat-embed-websocket-11.0.14-sources.jar
2025-11-24 21:36:28,424 [Worker-23: Download sources and javadoc] INFO  o.e.m.j.internal.DownloadSourcesJob - Downloaded sources for org.apache.tomcat.embed:tomcat-embed-websocket:11.0.14
2025-11-24 21:36:28,759 [Worker-23: Download sources and javadoc] INFO  o.e.m.c.i.e.AbstractTransferListenerAdapter - Downloading https://repo.maven.apache.org/maven2/org/springframework/boot/spring-boot-tomcat/4.0.0/spring-boot-tomcat-4.0.0-sources.jar
2025-11-24 21:36:28,859 [Worker-23: Download sources and javadoc] INFO  o.e.m.c.i.e.AbstractTransferListenerAdapter - Downloaded https://repo.maven.apache.org/maven2/org/springframework/boot/spring-boot-tomcat/4.0.0/spring-boot-tomcat-4.0.0-sources.jar
2025-11-24 21:36:28,874 [Worker-23: Download sources and javadoc] INFO  o.e.m.j.internal.DownloadSourcesJob - Downloaded sources for org.springframework.boot:spring-boot-tomcat:4.0.0
2025-11-24 21:36:29,105 [Worker-23: Download sources and javadoc] INFO  o.e.m.c.i.e.AbstractTransferListenerAdapter - Downloading https://repo.maven.apache.org/maven2/org/springframework/boot/spring-boot-http-converter/4.0.0/spring-boot-http-converter-4.0.0-sources.jar
2025-11-24 21:36:29,428 [Worker-23: Download sources and javadoc] INFO  o.e.m.c.i.e.AbstractTransferListenerAdapter - Downloaded https://repo.maven.apache.org/maven2/org/springframework/boot/spring-boot-http-converter/4.0.0/spring-boot-http-converter-4.0.0-sources.jar
2025-11-24 21:36:29,442 [Worker-23: Download sources and javadoc] INFO  o.e.m.j.internal.DownloadSourcesJob - Downloaded sources for org.springframework.boot:spring-boot-http-converter:4.0.0
2025-11-24 21:36:29,644 [Worker-23: Download sources and javadoc] INFO  o.e.m.c.i.e.AbstractTransferListenerAdapter - Downloading https://repo.maven.apache.org/maven2/org/springframework/boot/spring-boot-webmvc/4.0.0/spring-boot-webmvc-4.0.0-sources.jar
2025-11-24 21:36:29,753 [Worker-23: Download sources and javadoc] INFO  o.e.m.c.i.e.AbstractTransferListenerAdapter - Downloaded https://repo.maven.apache.org/maven2/org/springframework/boot/spring-boot-webmvc/4.0.0/spring-boot-webmvc-4.0.0-sources.jar
2025-11-24 21:36:29,767 [Worker-23: Download sources and javadoc] INFO  o.e.m.j.internal.DownloadSourcesJob - Downloaded sources for org.springframework.boot:spring-boot-webmvc:4.0.0
2025-11-24 21:36:29,956 [Worker-23: Download sources and javadoc] INFO  o.e.m.c.i.e.AbstractTransferListenerAdapter - Downloading https://repo.maven.apache.org/maven2/org/springframework/boot/spring-boot-servlet/4.0.0/spring-boot-servlet-4.0.0-sources.jar
2025-11-24 21:36:30,048 [Worker-19: Building] INFO  o.a.m.s.f.DefaultMavenResourcesFiltering - Copying 1 resource from src\main\resources to target\classes
2025-11-24 21:36:30,097 [Worker-19: Building] INFO  o.a.m.s.f.DefaultMavenResourcesFiltering - Copying 0 resource from src\main\resources to target\classes
2025-11-24 21:36:30,109 [Worker-19: Building] INFO  o.a.m.s.f.DefaultMavenResourcesFiltering - skip non existing resourceDirectory C:\Users\syeds\OneDrive\Documents\Desktop\CHUBB\Boot4_FlighBookingWebFluxMongoDB\src\test\resources
2025-11-24 21:36:30,383 [Worker-23: Download sources and javadoc] INFO  o.e.m.c.i.e.AbstractTransferListenerAdapter - Downloaded https://repo.maven.apache.org/maven2/org/springframework/boot/spring-boot-servlet/4.0.0/spring-boot-servlet-4.0.0-sources.jar
2025-11-24 21:36:30,388 [Worker-23: Download sources and javadoc] INFO  o.e.m.j.internal.DownloadSourcesJob - Downloaded sources for org.springframework.boot:spring-boot-servlet:4.0.0
2025-11-24 21:36:30,696 [Worker-23: Download sources and javadoc] INFO  o.e.m.c.i.e.AbstractTransferListenerAdapter - Downloading https://repo.maven.apache.org/maven2/org/springframework/spring-webmvc/7.0.1/spring-webmvc-7.0.1-sources.jar
2025-11-24 21:36:31,534 [Worker-23: Download sources and javadoc] INFO  o.e.m.c.i.e.AbstractTransferListenerAdapter - Downloaded https://repo.maven.apache.org/maven2/org/springframework/spring-webmvc/7.0.1/spring-webmvc-7.0.1-sources.jar
2025-11-24 21:36:31,543 [Worker-23: Download sources and javadoc] INFO  o.e.m.j.internal.DownloadSourcesJob - Downloaded sources for org.springframework:spring-webmvc:7.0.1
2025-11-24 21:36:31,796 [Worker-23: Download sources and javadoc] INFO  o.e.m.c.i.e.AbstractTransferListenerAdapter - Downloading https://repo.maven.apache.org/maven2/org/springframework/boot/spring-boot-starter-webmvc-test/4.0.0/spring-boot-starter-webmvc-test-4.0.0-sources.jar
2025-11-24 21:36:31,804 [Worker-23: Download sources and javadoc] INFO  o.e.m.c.i.e.AbstractTransferListenerAdapter - Downloaded https://repo.maven.apache.org/maven2/org/springframework/boot/spring-boot-starter-webmvc-test/4.0.0/spring-boot-starter-webmvc-test-4.0.0-sources.jar
2025-11-24 21:36:31,812 [Worker-23: Download sources and javadoc] INFO  o.e.m.j.internal.DownloadSourcesJob - Downloaded sources for org.springframework.boot:spring-boot-starter-webmvc-test:4.0.0
2025-11-24 21:36:32,006 [Worker-23: Download sources and javadoc] INFO  o.e.m.c.i.e.AbstractTransferListenerAdapter - Downloading https://repo.maven.apache.org/maven2/org/springframework/boot/spring-boot-webmvc-test/4.0.0/spring-boot-webmvc-test-4.0.0-sources.jar
2025-11-24 21:36:32,566 [Worker-23: Download sources and javadoc] INFO  o.e.m.c.i.e.AbstractTransferListenerAdapter - Downloaded https://repo.maven.apache.org/maven2/org/springframework/boot/spring-boot-webmvc-test/4.0.0/spring-boot-webmvc-test-4.0.0-sources.jar
2025-11-24 21:36:32,571 [Worker-23: Download sources and javadoc] INFO  o.e.m.j.internal.DownloadSourcesJob - Downloaded sources for org.springframework.boot:spring-boot-webmvc-test:4.0.0
2025-11-24 21:36:32,771 [Worker-23: Download sources and javadoc] INFO  o.e.m.c.i.e.AbstractTransferListenerAdapter - Downloading https://repo.maven.apache.org/maven2/org/springframework/boot/spring-boot-resttestclient/4.0.0/spring-boot-resttestclient-4.0.0-sources.jar
2025-11-24 21:36:32,843 [Worker-23: Download sources and javadoc] INFO  o.e.m.c.i.e.AbstractTransferListenerAdapter - Downloaded https://repo.maven.apache.org/maven2/org/springframework/boot/spring-boot-resttestclient/4.0.0/spring-boot-resttestclient-4.0.0-sources.jar
2025-11-24 21:36:32,851 [Worker-23: Download sources and javadoc] INFO  o.e.m.j.internal.DownloadSourcesJob - Downloaded sources for org.springframework.boot:spring-boot-resttestclient:4.0.0
2025-11-24 21:36:33,063 [Worker-23: Download sources and javadoc] INFO  o.e.m.c.i.e.AbstractTransferListenerAdapter - Downloading https://repo.maven.apache.org/maven2/org/springframework/boot/spring-boot-restclient/4.0.0/spring-boot-restclient-4.0.0-sources.jar
2025-11-24 21:36:33,156 [Worker-23: Download sources and javadoc] INFO  o.e.m.c.i.e.AbstractTransferListenerAdapter - Downloaded https://repo.maven.apache.org/maven2/org/springframework/boot/spring-boot-restclient/4.0.0/spring-boot-restclient-4.0.0-sources.jar
2025-11-24 21:36:33,163 [Worker-23: Download sources and javadoc] INFO  o.e.m.j.internal.DownloadSourcesJob - Downloaded sources for org.springframework.boot:spring-boot-restclient:4.0.0
2025-11-24 21:36:33,375 [Worker-23: Download sources and javadoc] INFO  o.e.m.c.i.e.AbstractTransferListenerAdapter - Downloading https://repo.maven.apache.org/maven2/org/springframework/boot/spring-boot-http-client/4.0.0/spring-boot-http-client-4.0.0-sources.jar
2025-11-24 21:36:33,862 [Worker-23: Download sources and javadoc] INFO  o.e.m.c.i.e.AbstractTransferListenerAdapter - Downloaded https://repo.maven.apache.org/maven2/org/springframework/boot/spring-boot-http-client/4.0.0/spring-boot-http-client-4.0.0-sources.jar
2025-11-24 21:36:33,871 [Worker-23: Download sources and javadoc] INFO  o.e.m.j.internal.DownloadSourcesJob - Downloaded sources for org.springframework.boot:spring-boot-http-client:4.0.0
2025-11-24 21:37:34,906 [Worker-10: Building] INFO  o.a.m.s.f.DefaultMavenResourcesFiltering - Copying 1 resource from src\main\resources to target\classes
2025-11-24 21:37:34,911 [Worker-10: Building] INFO  o.a.m.s.f.DefaultMavenResourcesFiltering - Copying 0 resource from src\main\resources to target\classes
2025-11-24 21:37:34,917 [Worker-10: Building] INFO  o.a.m.s.f.DefaultMavenResourcesFiltering - skip non existing resourceDirectory C:\Users\syeds\OneDrive\Documents\Desktop\CHUBB\Boot4_FlighBookingWebFluxMongoDB\src\test\resources
2025-11-24 21:46:37,386 [Worker-38: Building] INFO  o.a.m.s.f.DefaultMavenResourcesFiltering - Copying 0 resource from src\main\resources to target\classes
2025-11-24 21:46:37,388 [Worker-38: Building] INFO  o.a.m.s.f.DefaultMavenResourcesFiltering - Copying 0 resource from src\main\resources to target\classes
2025-11-24 21:46:37,391 [Worker-38: Building] INFO  o.a.m.s.f.DefaultMavenResourcesFiltering - skip non existing resourceDirectory C:\Users\syeds\OneDrive\Documents\Desktop\CHUBB\Boot4_FlighBookingWebFluxMongoDB\src\test\resources
2025-11-24 21:47:25,297 [Worker-39: Building] INFO  o.a.m.s.f.DefaultMavenResourcesFiltering - Copying 0 resource from src\main\resources to target\classes
2025-11-24 21:47:25,299 [Worker-39: Building] INFO  o.a.m.s.f.DefaultMavenResourcesFiltering - Copying 0 resource from src\main\resources to target\classes
2025-11-24 21:47:25,302 [Worker-39: Building] INFO  o.a.m.s.f.DefaultMavenResourcesFiltering - skip non existing resourceDirectory C:\Users\syeds\OneDrive\Documents\Desktop\CHUBB\Boot4_FlighBookingWebFluxMongoDB\src\test\resources
2025-11-24 21:48:22,438 [Worker-10: Building] INFO  o.e.m.c.i.l.LifecycleMappingFactory - Using org.eclipse.m2e.jdt.JarLifecycleMapping lifecycle mapping for MavenProject: com.app:Boot4_FlighBookingWebFluxMongoDB:0.0.1-SNAPSHOT @ C:\Users\syeds\OneDrive\Documents\Desktop\CHUBB\Boot4_FlighBookingWebFluxMongoDB\pom.xml.
2025-11-24 21:48:23,708 [Worker-10: Building] INFO  o.a.m.s.f.DefaultMavenResourcesFiltering - Copying 0 resource from src\main\resources to target\classes
2025-11-24 21:48:23,710 [Worker-10: Building] INFO  o.a.m.s.f.DefaultMavenResourcesFiltering - Copying 0 resource from src\main\resources to target\classes
2025-11-24 21:48:23,714 [Worker-10: Building] INFO  o.a.m.s.f.DefaultMavenResourcesFiltering - skip non existing resourceDirectory C:\Users\syeds\OneDrive\Documents\Desktop\CHUBB\Boot4_FlighBookingWebFluxMongoDB\src\test\resources
2025-11-24 21:48:24,515 [Worker-38: Building] INFO  o.a.m.s.f.DefaultMavenResourcesFiltering - Copying 1 resource from src\main\resources to target\classes
2025-11-24 21:48:24,535 [Worker-38: Building] INFO  o.a.m.s.f.DefaultMavenResourcesFiltering - Copying 0 resource from src\main\resources to target\classes
2025-11-24 21:48:24,540 [Worker-38: Building] INFO  o.a.m.s.f.DefaultMavenResourcesFiltering - skip non existing resourceDirectory C:\Users\syeds\OneDrive\Documents\Desktop\CHUBB\Boot4_FlighBookingWebFluxMongoDB\src\test\resources
2025-11-24 21:48:43,407 [Worker-41: Building] INFO  o.e.m.c.i.l.LifecycleMappingFactory - Using org.eclipse.m2e.jdt.JarLifecycleMapping lifecycle mapping for MavenProject: com.app:Boot4_FlighBookingWebFluxMongoDB:0.0.1-SNAPSHOT @ C:\Users\syeds\OneDrive\Documents\Desktop\CHUBB\Boot4_FlighBookingWebFluxMongoDB\pom.xml.
2025-11-24 21:48:44,656 [Worker-41: Building] INFO  o.a.m.s.f.DefaultMavenResourcesFiltering - Copying 0 resource from src\main\resources to target\classes
2025-11-24 21:48:44,657 [Worker-41: Building] INFO  o.a.m.s.f.DefaultMavenResourcesFiltering - Copying 0 resource from src\main\resources to target\classes
2025-11-24 21:48:44,662 [Worker-41: Building] INFO  o.a.m.s.f.DefaultMavenResourcesFiltering - skip non existing resourceDirectory C:\Users\syeds\OneDrive\Documents\Desktop\CHUBB\Boot4_FlighBookingWebFluxMongoDB\src\test\resources
2025-11-24 21:48:57,206 [Worker-35: Building] INFO  o.e.m.c.i.l.LifecycleMappingFactory - Using org.eclipse.m2e.jdt.JarLifecycleMapping lifecycle mapping for MavenProject: com.app:Boot4_FlighBookingWebFluxMongoDB:0.0.1-SNAPSHOT @ C:\Users\syeds\OneDrive\Documents\Desktop\CHUBB\Boot4_FlighBookingWebFluxMongoDB\pom.xml.
2025-11-24 21:48:58,311 [Worker-35: Building] INFO  o.a.m.s.f.DefaultMavenResourcesFiltering - Copying 0 resource from src\main\resources to target\classes
2025-11-24 21:48:58,312 [Worker-35: Building] INFO  o.a.m.s.f.DefaultMavenResourcesFiltering - Copying 0 resource from src\main\resources to target\classes
2025-11-24 21:48:58,317 [Worker-35: Building] INFO  o.a.m.s.f.DefaultMavenResourcesFiltering - skip non existing resourceDirectory C:\Users\syeds\OneDrive\Documents\Desktop\CHUBB\Boot4_FlighBookingWebFluxMongoDB\src\test\resources
2025-11-24 21:48:59,023 [Worker-41: Building] INFO  o.a.m.s.f.DefaultMavenResourcesFiltering - Copying 1 resource from src\main\resources to target\classes
2025-11-24 21:48:59,055 [Worker-41: Building] INFO  o.a.m.s.f.DefaultMavenResourcesFiltering - Copying 0 resource from src\main\resources to target\classes
2025-11-24 21:48:59,062 [Worker-41: Building] INFO  o.a.m.s.f.DefaultMavenResourcesFiltering - skip non existing resourceDirectory C:\Users\syeds\OneDrive\Documents\Desktop\CHUBB\Boot4_FlighBookingWebFluxMongoDB\src\test\resources
2025-11-24 21:49:21,647 [Worker-39: Updating Maven Project] INFO  o.e.m.c.i.p.ProjectConfigurationManager - Update started
2025-11-24 21:49:21,947 [Worker-39: Updating Maven Project] INFO  o.e.m.c.i.l.LifecycleMappingFactory - Using org.eclipse.m2e.jdt.JarLifecycleMapping lifecycle mapping for MavenProject: com.app:Boot4_FlighBookingWebFluxMongoDB:0.0.1-SNAPSHOT @ C:\Users\syeds\OneDrive\Documents\Desktop\CHUBB\Boot4_FlighBookingWebFluxMongoDB\pom.xml.
2025-11-24 21:49:22,774 [Worker-39: Updating Maven Project] INFO  o.e.m.j.i.AbstractJavaProjectConfigurator - Adding source folder /Boot4_FlighBookingWebFluxMongoDB/src/main/java
2025-11-24 21:49:22,776 [Worker-39: Updating Maven Project] INFO  o.e.m.j.i.AbstractJavaProjectConfigurator - Adding resource folder /Boot4_FlighBookingWebFluxMongoDB/src/main/resources
2025-11-24 21:49:22,778 [Worker-39: Updating Maven Project] INFO  o.e.m.j.i.AbstractJavaProjectConfigurator - Adding resource folder /Boot4_FlighBookingWebFluxMongoDB/src/main/resources
2025-11-24 21:49:22,778 [Worker-39: Updating Maven Project] INFO  o.e.m.j.i.AbstractJavaProjectConfigurator - Adding source folder /Boot4_FlighBookingWebFluxMongoDB/src/test/java
2025-11-24 21:49:22,781 [Worker-39: Updating Maven Project] INFO  o.e.m.j.i.AbstractJavaProjectConfigurator - Adding resource folder /Boot4_FlighBookingWebFluxMongoDB/src/test/resources
2025-11-24 21:49:23,079 [Worker-39: Updating Maven Project] INFO  o.e.m.jdt.internal.UnitTestSupport - Reset launch configuration name: FlightServiceTest
2025-11-24 21:49:23,079 [Worker-39: Updating Maven Project] INFO  o.e.m.jdt.internal.UnitTestSupport - Updating FlightServiceTest from maven configuration
2025-11-24 21:49:23,363 [Worker-39: Updating Maven Project] INFO  o.e.m.c.i.p.ProjectConfigurationManager - Update completed for 1 poms: local refresh takes 0.00 sec, refresh facades takes 1.00 sec, update config takes 0.00 sec 
2025-11-24 21:49:24,132 [Worker-40: Building] INFO  o.a.m.s.f.DefaultMavenResourcesFiltering - Copying 1 resource from src\main\resources to target\classes
2025-11-24 21:49:24,161 [Worker-40: Building] INFO  o.a.m.s.f.DefaultMavenResourcesFiltering - Copying 0 resource from src\main\resources to target\classes
2025-11-24 21:49:24,169 [Worker-40: Building] INFO  o.a.m.s.f.DefaultMavenResourcesFiltering - skip non existing resourceDirectory C:\Users\syeds\OneDrive\Documents\Desktop\CHUBB\Boot4_FlighBookingWebFluxMongoDB\src\test\resources
2025-11-24 21:49:56,054 [Worker-37: Building] INFO  o.a.m.s.f.DefaultMavenResourcesFiltering - Copying 0 resource from src\main\resources to target\classes
2025-11-24 21:49:56,056 [Worker-37: Building] INFO  o.a.m.s.f.DefaultMavenResourcesFiltering - Copying 0 resource from src\main\resources to target\classes
2025-11-24 21:49:56,060 [Worker-37: Building] INFO  o.a.m.s.f.DefaultMavenResourcesFiltering - skip non existing resourceDirectory C:\Users\syeds\OneDrive\Documents\Desktop\CHUBB\Boot4_FlighBookingWebFluxMongoDB\src\test\resources
2025-11-24 21:50:45,690 [Worker-6: Loading available Gradle versions] INFO  o.e.b.c.i.u.g.PublishedGradleVersions - Gradle version information cache is up-to-date. Trying to read.
2025-11-24 21:51:08,110 [SonarLint Client RPC request executor] WARN  o.e.m.c.i.embedder.EclipseLogger - The artifact mysql:mysql-connector-java:jar:8.0.33 has been relocated to com.mysql:mysql-connector-j:jar:8.0.33: MySQL Connector/J artifacts moved to reverse-DNS compliant Maven 2+ coordinates.
2025-11-24 22:10:36,519 [Worker-41: reload maven project] ERROR o.e.m.c.i.p.r.ProjectRegistryManager - Failed to read Maven project: Some problems were encountered while processing the POMs:
[FATAL] Non-parseable POM C:\Users\syeds\OneDrive\Documents\Desktop\CHUBB\FundTransferTest\pom.xml: end tag name </dependencyManagement> must match start tag name <project> from line 2 (position: TEXT seen ...</dependencies>\r\n</dependencyManagement>... @51:24)  @ line 51, column 24

org.apache.maven.project.ProjectBuildingException: Some problems were encountered while processing the POMs:
[FATAL] Non-parseable POM C:\Users\syeds\OneDrive\Documents\Desktop\CHUBB\FundTransferTest\pom.xml: end tag name </dependencyManagement> must match start tag name <project> from line 2 (position: TEXT seen ...</dependencies>\r\n</dependencyManagement>... @51:24)  @ line 51, column 24

	at org.eclipse.m2e.core.internal.IMavenToolbox.readMavenProjects(IMavenToolbox.java:140)
	at org.eclipse.m2e.core.internal.project.registry.ProjectRegistryManager.lambda$22(ProjectRegistryManager.java:943)
	at org.eclipse.m2e.core.internal.embedder.MavenExecutionContext.executeBare(MavenExecutionContext.java:458)
	at org.eclipse.m2e.core.internal.embedder.MavenExecutionContext.execute(MavenExecutionContext.java:339)
	at org.eclipse.m2e.core.internal.embedder.MavenExecutionContext.execute(MavenExecutionContext.java:278)
	at org.eclipse.m2e.core.internal.project.registry.ProjectRegistryManager.readProjectsWithDependencies(ProjectRegistryManager.java:939)
	at org.eclipse.m2e.core.internal.project.registry.ProjectRegistryManager.create(ProjectRegistryManager.java:219)
	at org.eclipse.m2e.core.internal.project.registry.MavenProjectManager.create(MavenProjectManager.java:105)
	at org.eclipse.m2e.core.ui.internal.actions.SelectionUtil.getMavenProject(SelectionUtil.java:239)
	at org.eclipse.m2e.editor.pom.MavenPomEditor.readMavenProject(MavenPomEditor.java:709)
	at org.eclipse.m2e.editor.pom.MavenPomEditor$4.run(MavenPomEditor.java:1029)
	at org.eclipse.core.internal.jobs.Worker.run(Worker.java:63)
2025-11-24 22:11:15,115 [Worker-33: Building] INFO  o.e.m.c.i.l.LifecycleMappingFactory - Using org.eclipse.m2e.jdt.JarLifecycleMapping lifecycle mapping for MavenProject: com.app:Boot4_FlighBookingWebFluxMongoDB:0.0.1-SNAPSHOT @ C:\Users\syeds\OneDrive\Documents\Desktop\CHUBB\Boot4_FlighBookingWebFluxMongoDB\pom.xml.
2025-11-24 22:11:16,128 [Worker-33: Building] INFO  o.a.m.s.f.DefaultMavenResourcesFiltering - Copying 1 resource from src\main\resources to target\classes
2025-11-24 22:11:16,148 [Worker-33: Building] INFO  o.a.m.s.f.DefaultMavenResourcesFiltering - Copying 0 resource from src\main\resources to target\classes
2025-11-24 22:11:16,154 [Worker-33: Building] INFO  o.a.m.s.f.DefaultMavenResourcesFiltering - skip non existing resourceDirectory C:\Users\syeds\OneDrive\Documents\Desktop\CHUBB\Boot4_FlighBookingWebFluxMongoDB\src\test\resources
2025-11-24 22:11:18,929 [Worker-41: Building] INFO  o.a.m.s.f.DefaultMavenResourcesFiltering - Copying 1 resource from src\main\resources to target\classes
2025-11-24 22:11:18,943 [Worker-41: Building] INFO  o.a.m.s.f.DefaultMavenResourcesFiltering - Copying 0 resource from src\main\resources to target\classes
2025-11-24 22:11:18,948 [Worker-41: Building] INFO  o.a.m.s.f.DefaultMavenResourcesFiltering - skip non existing resourceDirectory C:\Users\syeds\OneDrive\Documents\Desktop\CHUBB\Boot4_FlighBookingWebFluxMongoDB\src\test\resources
2025-11-24 22:11:26,218 [Worker-40: Updating Maven Project] INFO  o.e.m.c.i.p.ProjectConfigurationManager - Update started
2025-11-24 22:11:26,680 [Worker-40: Updating Maven Project] INFO  o.e.m.c.i.l.LifecycleMappingFactory - Using org.eclipse.m2e.jdt.JarLifecycleMapping lifecycle mapping for MavenProject: com.app:Boot4_FlighBookingWebFluxMongoDB:0.0.1-SNAPSHOT @ C:\Users\syeds\OneDrive\Documents\Desktop\CHUBB\Boot4_FlighBookingWebFluxMongoDB\pom.xml.
2025-11-24 22:11:27,791 [Worker-40: Updating Maven Project] INFO  o.e.m.j.i.AbstractJavaProjectConfigurator - Adding source folder /Boot4_FlighBookingWebFluxMongoDB/src/main/java
2025-11-24 22:11:27,797 [Worker-40: Updating Maven Project] INFO  o.e.m.j.i.AbstractJavaProjectConfigurator - Adding resource folder /Boot4_FlighBookingWebFluxMongoDB/src/main/resources
2025-11-24 22:11:27,799 [Worker-40: Updating Maven Project] INFO  o.e.m.j.i.AbstractJavaProjectConfigurator - Adding resource folder /Boot4_FlighBookingWebFluxMongoDB/src/main/resources
2025-11-24 22:11:27,799 [Worker-40: Updating Maven Project] INFO  o.e.m.j.i.AbstractJavaProjectConfigurator - Adding source folder /Boot4_FlighBookingWebFluxMongoDB/src/test/java
2025-11-24 22:11:27,801 [Worker-40: Updating Maven Project] INFO  o.e.m.j.i.AbstractJavaProjectConfigurator - Adding resource folder /Boot4_FlighBookingWebFluxMongoDB/src/test/resources
2025-11-24 22:11:28,159 [Worker-40: Updating Maven Project] INFO  o.e.m.jdt.internal.UnitTestSupport - Reset launch configuration name: FlightServiceTest
2025-11-24 22:11:28,162 [Worker-40: Updating Maven Project] INFO  o.e.m.jdt.internal.UnitTestSupport - Updating FlightServiceTest from maven configuration
2025-11-24 22:11:28,608 [Worker-40: Updating Maven Project] INFO  o.e.m.c.i.p.ProjectConfigurationManager - Update completed for 1 poms: local refresh takes 0.00 sec, refresh facades takes 1.00 sec, update config takes 0.00 sec 
2025-11-24 22:11:29,538 [Worker-41: Building] INFO  o.a.m.s.f.DefaultMavenResourcesFiltering - Copying 1 resource from src\main\resources to target\classes
2025-11-24 22:11:29,564 [Worker-41: Building] INFO  o.a.m.s.f.DefaultMavenResourcesFiltering - Copying 0 resource from src\main\resources to target\classes
2025-11-24 22:11:29,570 [Worker-41: Building] INFO  o.a.m.s.f.DefaultMavenResourcesFiltering - skip non existing resourceDirectory C:\Users\syeds\OneDrive\Documents\Desktop\CHUBB\Boot4_FlighBookingWebFluxMongoDB\src\test\resources
2025-11-24 22:11:54,445 [Worker-41: Updating Maven Project] INFO  o.e.m.c.i.p.ProjectConfigurationManager - Update started
2025-11-24 22:11:54,789 [Worker-41: Updating Maven Project] INFO  o.e.m.c.i.l.LifecycleMappingFactory - Using org.eclipse.m2e.jdt.JarLifecycleMapping lifecycle mapping for MavenProject: com.app:Boot4_FlighBookingWebFluxMongoDB:0.0.1-SNAPSHOT @ C:\Users\syeds\OneDrive\Documents\Desktop\CHUBB\Boot4_FlighBookingWebFluxMongoDB\pom.xml.
2025-11-24 22:11:55,465 [Worker-41: Updating Maven Project] INFO  o.e.m.j.i.AbstractJavaProjectConfigurator - Adding source folder /Boot4_FlighBookingWebFluxMongoDB/src/main/java
2025-11-24 22:11:55,466 [Worker-41: Updating Maven Project] INFO  o.e.m.j.i.AbstractJavaProjectConfigurator - Adding resource folder /Boot4_FlighBookingWebFluxMongoDB/src/main/resources
2025-11-24 22:11:55,467 [Worker-41: Updating Maven Project] INFO  o.e.m.j.i.AbstractJavaProjectConfigurator - Adding resource folder /Boot4_FlighBookingWebFluxMongoDB/src/main/resources
2025-11-24 22:11:55,467 [Worker-41: Updating Maven Project] INFO  o.e.m.j.i.AbstractJavaProjectConfigurator - Adding source folder /Boot4_FlighBookingWebFluxMongoDB/src/test/java
2025-11-24 22:11:55,467 [Worker-41: Updating Maven Project] INFO  o.e.m.j.i.AbstractJavaProjectConfigurator - Adding resource folder /Boot4_FlighBookingWebFluxMongoDB/src/test/resources
2025-11-24 22:11:55,722 [Worker-41: Updating Maven Project] INFO  o.e.m.jdt.internal.UnitTestSupport - Reset launch configuration name: FlightServiceTest
2025-11-24 22:11:55,722 [Worker-41: Updating Maven Project] INFO  o.e.m.jdt.internal.UnitTestSupport - Updating FlightServiceTest from maven configuration
2025-11-24 22:11:55,990 [Worker-41: Updating Maven Project] INFO  o.e.m.c.i.p.ProjectConfigurationManager - Update completed for 1 poms: local refresh takes 0.00 sec, refresh facades takes 0.00 sec, update config takes 0.00 sec 
2025-11-24 22:11:56,723 [Worker-40: Building] INFO  o.a.m.s.f.DefaultMavenResourcesFiltering - Copying 1 resource from src\main\resources to target\classes
2025-11-24 22:11:56,745 [Worker-40: Building] INFO  o.a.m.s.f.DefaultMavenResourcesFiltering - Copying 0 resource from src\main\resources to target\classes
2025-11-24 22:11:56,753 [Worker-40: Building] INFO  o.a.m.s.f.DefaultMavenResourcesFiltering - skip non existing resourceDirectory C:\Users\syeds\OneDrive\Documents\Desktop\CHUBB\Boot4_FlighBookingWebFluxMongoDB\src\test\resources
2025-11-24 22:12:09,461 [Worker-40: Building] INFO  o.a.m.s.f.DefaultMavenResourcesFiltering - Copying 0 resource from src\main\resources to target\classes
2025-11-24 22:12:09,463 [Worker-40: Building] INFO  o.a.m.s.f.DefaultMavenResourcesFiltering - Copying 0 resource from src\main\resources to target\classes
2025-11-24 22:12:09,466 [Worker-40: Building] INFO  o.a.m.s.f.DefaultMavenResourcesFiltering - skip non existing resourceDirectory C:\Users\syeds\OneDrive\Documents\Desktop\CHUBB\Boot4_FlighBookingWebFluxMongoDB\src\test\resources
2025-11-24 22:12:32,249 [main] INFO  o.e.m2e.actions.ExecutePomAction - Creating new launch configuration
2025-11-24 22:12:56,783 [Worker-40: Updating Maven Project] INFO  o.e.m.c.i.p.ProjectConfigurationManager - Update started
2025-11-24 22:12:57,130 [Worker-40: Updating Maven Project] INFO  o.e.m.c.i.l.LifecycleMappingFactory - Using org.eclipse.m2e.jdt.JarLifecycleMapping lifecycle mapping for MavenProject: com.app:Boot4_FlighBookingWebFluxMongoDB:0.0.1-SNAPSHOT @ C:\Users\syeds\OneDrive\Documents\Desktop\CHUBB\Boot4_FlighBookingWebFluxMongoDB\pom.xml.
2025-11-24 22:12:57,876 [Worker-40: Updating Maven Project] INFO  o.e.m.j.i.AbstractJavaProjectConfigurator - Adding source folder /Boot4_FlighBookingWebFluxMongoDB/src/main/java
2025-11-24 22:12:57,877 [Worker-40: Updating Maven Project] INFO  o.e.m.j.i.AbstractJavaProjectConfigurator - Adding resource folder /Boot4_FlighBookingWebFluxMongoDB/src/main/resources
2025-11-24 22:12:57,878 [Worker-40: Updating Maven Project] INFO  o.e.m.j.i.AbstractJavaProjectConfigurator - Adding resource folder /Boot4_FlighBookingWebFluxMongoDB/src/main/resources
2025-11-24 22:12:57,878 [Worker-40: Updating Maven Project] INFO  o.e.m.j.i.AbstractJavaProjectConfigurator - Adding source folder /Boot4_FlighBookingWebFluxMongoDB/src/test/java
2025-11-24 22:12:57,879 [Worker-40: Updating Maven Project] INFO  o.e.m.j.i.AbstractJavaProjectConfigurator - Adding resource folder /Boot4_FlighBookingWebFluxMongoDB/src/test/resources
2025-11-24 22:12:58,156 [Worker-40: Updating Maven Project] INFO  o.e.m.jdt.internal.UnitTestSupport - Reset launch configuration name: FlightServiceTest
2025-11-24 22:12:58,156 [Worker-40: Updating Maven Project] INFO  o.e.m.jdt.internal.UnitTestSupport - Updating FlightServiceTest from maven configuration
2025-11-24 22:12:58,434 [Worker-40: Updating Maven Project] INFO  o.e.m.c.i.p.ProjectConfigurationManager - Update completed for 1 poms: local refresh takes 0.00 sec, refresh facades takes 1.00 sec, update config takes 0.00 sec 
2025-11-24 22:12:59,153 [Worker-41: Building] INFO  o.a.m.s.f.DefaultMavenResourcesFiltering - Copying 1 resource from src\main\resources to target\classes
2025-11-24 22:12:59,167 [Worker-41: Building] INFO  o.a.m.s.f.DefaultMavenResourcesFiltering - Copying 0 resource from src\main\resources to target\classes
2025-11-24 22:12:59,171 [Worker-41: Building] INFO  o.a.m.s.f.DefaultMavenResourcesFiltering - skip non existing resourceDirectory C:\Users\syeds\OneDrive\Documents\Desktop\CHUBB\Boot4_FlighBookingWebFluxMongoDB\src\test\resources
2025-11-24 22:13:19,196 [main] INFO  o.e.m2e.actions.ExecutePomAction - Creating new launch configuration
2025-11-24 22:13:24,306 [Worker-33: Launching Boot4_FlighBookingWebFluxMongoDB (3)] INFO  o.eclipse.m2e.core.internal.Bundles - getClasspathEntries(Bundle=org.eclipse.m2e.maven.runtime_3.9.900.20240824-1409 [642])
2025-11-24 22:13:24,308 [Worker-33: Launching Boot4_FlighBookingWebFluxMongoDB (3)] INFO  o.eclipse.m2e.core.internal.Bundles - 	Entry: C:\Users\syeds\.p2\pool\plugins\org.eclipse.m2e.maven.runtime_3.9.900.20240824-1409
2025-11-24 22:13:24,308 [Worker-33: Launching Boot4_FlighBookingWebFluxMongoDB (3)] INFO  o.eclipse.m2e.core.internal.Bundles - 	Entry: C:\Users\syeds\.p2\pool\plugins\org.eclipse.m2e.maven.runtime_3.9.900.20240824-1409\jars\aopalliance-1.0.jar
2025-11-24 22:13:24,308 [Worker-33: Launching Boot4_FlighBookingWebFluxMongoDB (3)] INFO  o.eclipse.m2e.core.internal.Bundles - 	Entry: C:\Users\syeds\.p2\pool\plugins\org.eclipse.m2e.maven.runtime_3.9.900.20240824-1409\jars\guice-5.1.0.jar
2025-11-24 22:13:24,309 [Worker-33: Launching Boot4_FlighBookingWebFluxMongoDB (3)] INFO  o.eclipse.m2e.core.internal.Bundles - 	Entry: C:\Users\syeds\.p2\pool\plugins\org.eclipse.m2e.maven.runtime_3.9.900.20240824-1409\jars\httpclient-4.5.14.jar
2025-11-24 22:13:24,309 [Worker-33: Launching Boot4_FlighBookingWebFluxMongoDB (3)] INFO  o.eclipse.m2e.core.internal.Bundles - 	Entry: C:\Users\syeds\.p2\pool\plugins\org.eclipse.m2e.maven.runtime_3.9.900.20240824-1409\jars\httpcore-4.4.16.jar
2025-11-24 22:13:24,309 [Worker-33: Launching Boot4_FlighBookingWebFluxMongoDB (3)] INFO  o.eclipse.m2e.core.internal.Bundles - 	Entry: C:\Users\syeds\.p2\pool\plugins\org.eclipse.m2e.maven.runtime_3.9.900.20240824-1409\jars\jansi-2.4.1.jar
2025-11-24 22:13:24,309 [Worker-33: Launching Boot4_FlighBookingWebFluxMongoDB (3)] INFO  o.eclipse.m2e.core.internal.Bundles - 	Entry: C:\Users\syeds\.p2\pool\plugins\org.eclipse.m2e.maven.runtime_3.9.900.20240824-1409\jars\jcl-over-slf4j-1.7.36.jar
2025-11-24 22:13:24,310 [Worker-33: Launching Boot4_FlighBookingWebFluxMongoDB (3)] INFO  o.eclipse.m2e.core.internal.Bundles - 	Entry: C:\Users\syeds\.p2\pool\plugins\org.eclipse.m2e.maven.runtime_3.9.900.20240824-1409\jars\maven-artifact-3.9.9.jar
2025-11-24 22:13:24,310 [Worker-33: Launching Boot4_FlighBookingWebFluxMongoDB (3)] INFO  o.eclipse.m2e.core.internal.Bundles - 	Entry: C:\Users\syeds\.p2\pool\plugins\org.eclipse.m2e.maven.runtime_3.9.900.20240824-1409\jars\maven-builder-support-3.9.9.jar
2025-11-24 22:13:24,310 [Worker-33: Launching Boot4_FlighBookingWebFluxMongoDB (3)] INFO  o.eclipse.m2e.core.internal.Bundles - 	Entry: C:\Users\syeds\.p2\pool\plugins\org.eclipse.m2e.maven.runtime_3.9.900.20240824-1409\jars\maven-compat-3.9.9.jar
2025-11-24 22:13:24,311 [Worker-33: Launching Boot4_FlighBookingWebFluxMongoDB (3)] INFO  o.eclipse.m2e.core.internal.Bundles - 	Entry: C:\Users\syeds\.p2\pool\plugins\org.eclipse.m2e.maven.runtime_3.9.900.20240824-1409\jars\maven-core-3.9.9.jar
2025-11-24 22:13:24,311 [Worker-33: Launching Boot4_FlighBookingWebFluxMongoDB (3)] INFO  o.eclipse.m2e.core.internal.Bundles - 	Entry: C:\Users\syeds\.p2\pool\plugins\org.eclipse.m2e.maven.runtime_3.9.900.20240824-1409\jars\maven-embedder-3.9.9.jar
2025-11-24 22:13:24,311 [Worker-33: Launching Boot4_FlighBookingWebFluxMongoDB (3)] INFO  o.eclipse.m2e.core.internal.Bundles - 	Entry: C:\Users\syeds\.p2\pool\plugins\org.eclipse.m2e.maven.runtime_3.9.900.20240824-1409\jars\maven-model-3.9.9.jar
2025-11-24 22:13:24,311 [Worker-33: Launching Boot4_FlighBookingWebFluxMongoDB (3)] INFO  o.eclipse.m2e.core.internal.Bundles - 	Entry: C:\Users\syeds\.p2\pool\plugins\org.eclipse.m2e.maven.runtime_3.9.900.20240824-1409\jars\maven-model-builder-3.9.9.jar
2025-11-24 22:13:24,312 [Worker-33: Launching Boot4_FlighBookingWebFluxMongoDB (3)] INFO  o.eclipse.m2e.core.internal.Bundles - 	Entry: C:\Users\syeds\.p2\pool\plugins\org.eclipse.m2e.maven.runtime_3.9.900.20240824-1409\jars\maven-plugin-api-3.9.9.jar
2025-11-24 22:13:24,312 [Worker-33: Launching Boot4_FlighBookingWebFluxMongoDB (3)] INFO  o.eclipse.m2e.core.internal.Bundles - 	Entry: C:\Users\syeds\.p2\pool\plugins\org.eclipse.m2e.maven.runtime_3.9.900.20240824-1409\jars\maven-repository-metadata-3.9.9.jar
2025-11-24 22:13:24,312 [Worker-33: Launching Boot4_FlighBookingWebFluxMongoDB (3)] INFO  o.eclipse.m2e.core.internal.Bundles - 	Entry: C:\Users\syeds\.p2\pool\plugins\org.eclipse.m2e.maven.runtime_3.9.900.20240824-1409\jars\maven-resolver-api-1.9.22.jar
2025-11-24 22:13:24,312 [Worker-33: Launching Boot4_FlighBookingWebFluxMongoDB (3)] INFO  o.eclipse.m2e.core.internal.Bundles - 	Entry: C:\Users\syeds\.p2\pool\plugins\org.eclipse.m2e.maven.runtime_3.9.900.20240824-1409\jars\maven-resolver-connector-basic-1.9.22.jar
2025-11-24 22:13:24,313 [Worker-33: Launching Boot4_FlighBookingWebFluxMongoDB (3)] INFO  o.eclipse.m2e.core.internal.Bundles - 	Entry: C:\Users\syeds\.p2\pool\plugins\org.eclipse.m2e.maven.runtime_3.9.900.20240824-1409\jars\maven-resolver-impl-1.9.22.jar
2025-11-24 22:13:24,313 [Worker-33: Launching Boot4_FlighBookingWebFluxMongoDB (3)] INFO  o.eclipse.m2e.core.internal.Bundles - 	Entry: C:\Users\syeds\.p2\pool\plugins\org.eclipse.m2e.maven.runtime_3.9.900.20240824-1409\jars\maven-resolver-named-locks-1.9.22.jar
2025-11-24 22:13:24,313 [Worker-33: Launching Boot4_FlighBookingWebFluxMongoDB (3)] INFO  o.eclipse.m2e.core.internal.Bundles - 	Entry: C:\Users\syeds\.p2\pool\plugins\org.eclipse.m2e.maven.runtime_3.9.900.20240824-1409\jars\maven-resolver-provider-3.9.9.jar
2025-11-24 22:13:24,313 [Worker-33: Launching Boot4_FlighBookingWebFluxMongoDB (3)] INFO  o.eclipse.m2e.core.internal.Bundles - 	Entry: C:\Users\syeds\.p2\pool\plugins\org.eclipse.m2e.maven.runtime_3.9.900.20240824-1409\jars\maven-resolver-spi-1.9.22.jar
2025-11-24 22:13:24,313 [Worker-33: Launching Boot4_FlighBookingWebFluxMongoDB (3)] INFO  o.eclipse.m2e.core.internal.Bundles - 	Entry: C:\Users\syeds\.p2\pool\plugins\org.eclipse.m2e.maven.runtime_3.9.900.20240824-1409\jars\maven-resolver-transport-file-1.9.22.jar
2025-11-24 22:13:24,313 [Worker-33: Launching Boot4_FlighBookingWebFluxMongoDB (3)] INFO  o.eclipse.m2e.core.internal.Bundles - 	Entry: C:\Users\syeds\.p2\pool\plugins\org.eclipse.m2e.maven.runtime_3.9.900.20240824-1409\jars\maven-resolver-transport-http-1.9.22.jar
2025-11-24 22:13:24,313 [Worker-33: Launching Boot4_FlighBookingWebFluxMongoDB (3)] INFO  o.eclipse.m2e.core.internal.Bundles - 	Entry: C:\Users\syeds\.p2\pool\plugins\org.eclipse.m2e.maven.runtime_3.9.900.20240824-1409\jars\maven-resolver-transport-wagon-1.9.22.jar
2025-11-24 22:13:24,313 [Worker-33: Launching Boot4_FlighBookingWebFluxMongoDB (3)] INFO  o.eclipse.m2e.core.internal.Bundles - 	Entry: C:\Users\syeds\.p2\pool\plugins\org.eclipse.m2e.maven.runtime_3.9.900.20240824-1409\jars\maven-resolver-util-1.9.22.jar
2025-11-24 22:13:24,313 [Worker-33: Launching Boot4_FlighBookingWebFluxMongoDB (3)] INFO  o.eclipse.m2e.core.internal.Bundles - 	Entry: C:\Users\syeds\.p2\pool\plugins\org.eclipse.m2e.maven.runtime_3.9.900.20240824-1409\jars\maven-settings-3.9.9.jar
2025-11-24 22:13:24,313 [Worker-33: Launching Boot4_FlighBookingWebFluxMongoDB (3)] INFO  o.eclipse.m2e.core.internal.Bundles - 	Entry: C:\Users\syeds\.p2\pool\plugins\org.eclipse.m2e.maven.runtime_3.9.900.20240824-1409\jars\maven-settings-builder-3.9.9.jar
2025-11-24 22:13:24,314 [Worker-33: Launching Boot4_FlighBookingWebFluxMongoDB (3)] INFO  o.eclipse.m2e.core.internal.Bundles - 	Entry: C:\Users\syeds\.p2\pool\plugins\org.eclipse.m2e.maven.runtime_3.9.900.20240824-1409\jars\maven-shared-utils-3.4.2.jar
2025-11-24 22:13:24,314 [Worker-33: Launching Boot4_FlighBookingWebFluxMongoDB (3)] INFO  o.eclipse.m2e.core.internal.Bundles - 	Entry: C:\Users\syeds\.p2\pool\plugins\org.eclipse.m2e.maven.runtime_3.9.900.20240824-1409\jars\org.eclipse.sisu.inject-0.9.0.M3.jar
2025-11-24 22:13:24,314 [Worker-33: Launching Boot4_FlighBookingWebFluxMongoDB (3)] INFO  o.eclipse.m2e.core.internal.Bundles - 	Entry: C:\Users\syeds\.p2\pool\plugins\org.eclipse.m2e.maven.runtime_3.9.900.20240824-1409\jars\org.eclipse.sisu.plexus-0.9.0.M3.jar
2025-11-24 22:13:24,314 [Worker-33: Launching Boot4_FlighBookingWebFluxMongoDB (3)] INFO  o.eclipse.m2e.core.internal.Bundles - 	Entry: C:\Users\syeds\.p2\pool\plugins\org.eclipse.m2e.maven.runtime_3.9.900.20240824-1409\jars\plexus-build-api-0.0.7.jar
2025-11-24 22:13:24,314 [Worker-33: Launching Boot4_FlighBookingWebFluxMongoDB (3)] INFO  o.eclipse.m2e.core.internal.Bundles - 	Entry: C:\Users\syeds\.p2\pool\plugins\org.eclipse.m2e.maven.runtime_3.9.900.20240824-1409\jars\plexus-build-api-1.2.0.jar
2025-11-24 22:13:24,314 [Worker-33: Launching Boot4_FlighBookingWebFluxMongoDB (3)] INFO  o.eclipse.m2e.core.internal.Bundles - 	Entry: C:\Users\syeds\.p2\pool\plugins\org.eclipse.m2e.maven.runtime_3.9.900.20240824-1409\jars\plexus-cipher-2.0.jar
2025-11-24 22:13:24,314 [Worker-33: Launching Boot4_FlighBookingWebFluxMongoDB (3)] INFO  o.eclipse.m2e.core.internal.Bundles - 	Entry: C:\Users\syeds\.p2\pool\plugins\org.eclipse.m2e.maven.runtime_3.9.900.20240824-1409\jars\plexus-classworlds-2.8.0.jar
2025-11-24 22:13:24,314 [Worker-33: Launching Boot4_FlighBookingWebFluxMongoDB (3)] INFO  o.eclipse.m2e.core.internal.Bundles - 	Entry: C:\Users\syeds\.p2\pool\plugins\org.eclipse.m2e.maven.runtime_3.9.900.20240824-1409\jars\plexus-component-annotations-2.1.0.jar
2025-11-24 22:13:24,314 [Worker-33: Launching Boot4_FlighBookingWebFluxMongoDB (3)] INFO  o.eclipse.m2e.core.internal.Bundles - 	Entry: C:\Users\syeds\.p2\pool\plugins\org.eclipse.m2e.maven.runtime_3.9.900.20240824-1409\jars\plexus-interpolation-1.27.jar
2025-11-24 22:13:24,314 [Worker-33: Launching Boot4_FlighBookingWebFluxMongoDB (3)] INFO  o.eclipse.m2e.core.internal.Bundles - 	Entry: C:\Users\syeds\.p2\pool\plugins\org.eclipse.m2e.maven.runtime_3.9.900.20240824-1409\jars\plexus-sec-dispatcher-2.0.jar
2025-11-24 22:13:24,314 [Worker-33: Launching Boot4_FlighBookingWebFluxMongoDB (3)] INFO  o.eclipse.m2e.core.internal.Bundles - 	Entry: C:\Users\syeds\.p2\pool\plugins\org.eclipse.m2e.maven.runtime_3.9.900.20240824-1409\jars\plexus-utils-3.5.1.jar
2025-11-24 22:13:24,315 [Worker-33: Launching Boot4_FlighBookingWebFluxMongoDB (3)] INFO  o.eclipse.m2e.core.internal.Bundles - 	Entry: C:\Users\syeds\.p2\pool\plugins\org.eclipse.m2e.maven.runtime_3.9.900.20240824-1409\jars\plexus-xml-3.0.1.jar
2025-11-24 22:13:24,315 [Worker-33: Launching Boot4_FlighBookingWebFluxMongoDB (3)] INFO  o.eclipse.m2e.core.internal.Bundles - 	Entry: C:\Users\syeds\.p2\pool\plugins\org.eclipse.m2e.maven.runtime_3.9.900.20240824-1409\jars\wagon-file-3.5.3.jar
2025-11-24 22:13:24,315 [Worker-33: Launching Boot4_FlighBookingWebFluxMongoDB (3)] INFO  o.eclipse.m2e.core.internal.Bundles - 	Entry: C:\Users\syeds\.p2\pool\plugins\org.eclipse.m2e.maven.runtime_3.9.900.20240824-1409\jars\wagon-http-3.5.3.jar
2025-11-24 22:13:24,315 [Worker-33: Launching Boot4_FlighBookingWebFluxMongoDB (3)] INFO  o.eclipse.m2e.core.internal.Bundles - 	Entry: C:\Users\syeds\.p2\pool\plugins\org.eclipse.m2e.maven.runtime_3.9.900.20240824-1409\jars\wagon-http-shared-3.5.3.jar
2025-11-24 22:13:24,315 [Worker-33: Launching Boot4_FlighBookingWebFluxMongoDB (3)] INFO  o.eclipse.m2e.core.internal.Bundles - 	Entry: C:\Users\syeds\.p2\pool\plugins\org.eclipse.m2e.maven.runtime_3.9.900.20240824-1409\jars\wagon-provider-api-3.5.3.jar
2025-11-24 22:13:24,316 [Worker-33: Launching Boot4_FlighBookingWebFluxMongoDB (3)] INFO  o.eclipse.m2e.core.internal.Bundles - getClasspathEntries(Bundle=com.google.guava_33.4.8.jre [1030])
2025-11-24 22:13:24,317 [Worker-33: Launching Boot4_FlighBookingWebFluxMongoDB (3)] INFO  o.eclipse.m2e.core.internal.Bundles - 	Entry: C:\Users\syeds\.p2\pool\plugins\com.google.guava_33.4.8.jre.jar
2025-11-24 22:13:24,317 [Worker-33: Launching Boot4_FlighBookingWebFluxMongoDB (3)] INFO  o.eclipse.m2e.core.internal.Bundles - getClasspathEntries(Bundle=slf4j.api_2.0.17 [1007])
2025-11-24 22:13:24,317 [Worker-33: Launching Boot4_FlighBookingWebFluxMongoDB (3)] INFO  o.eclipse.m2e.core.internal.Bundles - 	Entry: C:\Users\syeds\.p2\pool\plugins\slf4j.api_2.0.17.jar
2025-11-24 22:13:24,317 [Worker-33: Launching Boot4_FlighBookingWebFluxMongoDB (3)] INFO  o.eclipse.m2e.core.internal.Bundles - getClasspathEntries(Bundle=javax.inject_1.0.0.v20220405-0441 [1123])
2025-11-24 22:13:24,317 [Worker-33: Launching Boot4_FlighBookingWebFluxMongoDB (3)] INFO  o.eclipse.m2e.core.internal.Bundles - 	Entry: C:\Users\syeds\.p2\pool\plugins\javax.inject_1.0.0.v20220405-0441.jar
2025-11-24 22:13:24,317 [Worker-33: Launching Boot4_FlighBookingWebFluxMongoDB (3)] INFO  o.eclipse.m2e.core.internal.Bundles - getClasspathEntries(Bundle=javax.annotation_1.3.5.v20230504-0748 [1122])
2025-11-24 22:13:24,318 [Worker-33: Launching Boot4_FlighBookingWebFluxMongoDB (3)] INFO  o.eclipse.m2e.core.internal.Bundles - 	Entry: C:\Users\syeds\.p2\pool\plugins\javax.annotation_1.3.5.v20230504-0748.jar
2025-11-24 22:13:24,318 [Worker-33: Launching Boot4_FlighBookingWebFluxMongoDB (3)] INFO  o.eclipse.m2e.core.internal.Bundles - getClasspathEntries(Bundle=org.apache.commons.cli_1.9.0 [78])
2025-11-24 22:13:24,319 [Worker-33: Launching Boot4_FlighBookingWebFluxMongoDB (3)] INFO  o.eclipse.m2e.core.internal.Bundles - 	Entry: C:\Users\syeds\.p2\pool\plugins\org.apache.commons.cli_1.9.0.jar
2025-11-24 22:13:24,319 [Worker-33: Launching Boot4_FlighBookingWebFluxMongoDB (3)] INFO  o.eclipse.m2e.core.internal.Bundles - getClasspathEntries(Bundle=org.apache.commons.commons-codec_1.16.0 [81])
2025-11-24 22:13:24,320 [Worker-33: Launching Boot4_FlighBookingWebFluxMongoDB (3)] INFO  o.eclipse.m2e.core.internal.Bundles - 	Entry: C:\Users\syeds\.p2\pool\plugins\org.apache.commons.commons-codec_1.16.0.jar
2025-11-24 22:13:24,320 [Worker-33: Launching Boot4_FlighBookingWebFluxMongoDB (3)] INFO  o.eclipse.m2e.core.internal.Bundles - getClasspathEntries(Bundle=com.google.guava.failureaccess_1.0.3 [1031])
2025-11-24 22:13:24,320 [Worker-33: Launching Boot4_FlighBookingWebFluxMongoDB (3)] INFO  o.eclipse.m2e.core.internal.Bundles - 	Entry: C:\Users\syeds\.p2\pool\plugins\com.google.guava.failureaccess_1.0.3.jar
2025-11-24 22:13:24,323 [Worker-33: Launching Boot4_FlighBookingWebFluxMongoDB (3)] INFO  o.e.m.i.launch.MavenLaunchDelegate - Run build in "C:\Users\syeds\OneDrive\Documents\Desktop\CHUBB\Boot4_FlighBookingWebFluxMongoDB":
2025-11-24 22:13:24,328 [Worker-33: Launching Boot4_FlighBookingWebFluxMongoDB (3)] INFO  o.e.m.i.launch.MavenLaunchDelegate -  mvn  -Ppom.xml -B -Dstyle.color=always clean install
2025-11-24 22:13:42,416 [Worker-44: Building] INFO  o.a.m.s.f.DefaultMavenResourcesFiltering - Copying 1 resource from src\main\resources to target\classes
2025-11-24 22:13:42,417 [Worker-44: Building] INFO  o.a.m.s.f.DefaultMavenResourcesFiltering - Copying 0 resource from src\main\resources to target\classes
2025-11-24 22:13:42,420 [Worker-44: Building] INFO  o.a.m.s.f.DefaultMavenResourcesFiltering - skip non existing resourceDirectory C:\Users\syeds\OneDrive\Documents\Desktop\CHUBB\Boot4_FlighBookingWebFluxMongoDB\src\test\resources
2025-11-24 22:14:54,689 [Worker-33: Updating Maven Project] INFO  o.e.m.c.i.p.ProjectConfigurationManager - Update started
2025-11-24 22:14:54,961 [Worker-33: Updating Maven Project] INFO  o.e.m.c.i.l.LifecycleMappingFactory - Using org.eclipse.m2e.jdt.JarLifecycleMapping lifecycle mapping for MavenProject: com.app:Boot4_FlighBookingWebFluxMongoDB:0.0.1-SNAPSHOT @ C:\Users\syeds\OneDrive\Documents\Desktop\CHUBB\Boot4_FlighBookingWebFluxMongoDB\pom.xml.
2025-11-24 22:14:55,610 [Worker-33: Updating Maven Project] INFO  o.e.m.j.i.AbstractJavaProjectConfigurator - Adding source folder /Boot4_FlighBookingWebFluxMongoDB/src/main/java
2025-11-24 22:14:55,610 [Worker-33: Updating Maven Project] INFO  o.e.m.j.i.AbstractJavaProjectConfigurator - Adding resource folder /Boot4_FlighBookingWebFluxMongoDB/src/main/resources
2025-11-24 22:14:55,611 [Worker-33: Updating Maven Project] INFO  o.e.m.j.i.AbstractJavaProjectConfigurator - Adding resource folder /Boot4_FlighBookingWebFluxMongoDB/src/main/resources
2025-11-24 22:14:55,611 [Worker-33: Updating Maven Project] INFO  o.e.m.j.i.AbstractJavaProjectConfigurator - Adding source folder /Boot4_FlighBookingWebFluxMongoDB/src/test/java
2025-11-24 22:14:55,612 [Worker-33: Updating Maven Project] INFO  o.e.m.j.i.AbstractJavaProjectConfigurator - Adding resource folder /Boot4_FlighBookingWebFluxMongoDB/src/test/resources
2025-11-24 22:14:55,883 [Worker-33: Updating Maven Project] INFO  o.e.m.jdt.internal.UnitTestSupport - Reset launch configuration name: FlightServiceTest
2025-11-24 22:14:55,884 [Worker-33: Updating Maven Project] INFO  o.e.m.jdt.internal.UnitTestSupport - Updating FlightServiceTest from maven configuration
2025-11-24 22:14:56,079 [Worker-33: Updating Maven Project] INFO  o.e.m.c.i.p.ProjectConfigurationManager - Update completed for 1 poms: local refresh takes 0.00 sec, refresh facades takes 0.00 sec, update config takes 0.00 sec 
2025-11-24 22:14:56,762 [Worker-33: Building] INFO  o.a.m.s.f.DefaultMavenResourcesFiltering - Copying 1 resource from src\main\resources to target\classes
2025-11-24 22:14:56,773 [Worker-33: Building] INFO  o.a.m.s.f.DefaultMavenResourcesFiltering - Copying 0 resource from src\main\resources to target\classes
2025-11-24 22:14:56,779 [Worker-33: Building] INFO  o.a.m.s.f.DefaultMavenResourcesFiltering - skip non existing resourceDirectory C:\Users\syeds\OneDrive\Documents\Desktop\CHUBB\Boot4_FlighBookingWebFluxMongoDB\src\test\resources
2025-11-24 22:15:12,540 [Worker-41: Cleaning all projects] ERROR o.e.m.c.i.p.r.ProjectRegistryManager - Could not read pom.xml
org.eclipse.core.runtime.CoreException: Could not read pom.xml
	at org.eclipse.m2e.core.internal.IMavenToolbox.readModel(IMavenToolbox.java:245)
	at org.eclipse.m2e.core.internal.project.registry.ProjectRegistryManager.refreshPhase2(ProjectRegistryManager.java:591)
	at org.eclipse.m2e.core.internal.project.registry.ProjectRegistryManager.refresh(ProjectRegistryManager.java:491)
	at org.eclipse.m2e.core.internal.project.registry.ProjectRegistryManager.refresh(ProjectRegistryManager.java:370)
	at org.eclipse.m2e.core.internal.project.registry.ProjectRegistryManager.refresh(ProjectRegistryManager.java:322)
	at org.eclipse.m2e.core.internal.builder.MavenBuilder$BuildMethod.getProjectFacade(MavenBuilder.java:146)
	at org.eclipse.m2e.core.internal.builder.MavenBuilder$BuildMethod.lambda$0(MavenBuilder.java:84)
	at org.eclipse.m2e.core.internal.embedder.MavenExecutionContext.executeBare(MavenExecutionContext.java:458)
	at org.eclipse.m2e.core.internal.embedder.MavenExecutionContext.execute(MavenExecutionContext.java:339)
	at org.eclipse.m2e.core.internal.embedder.MavenExecutionContext.execute(MavenExecutionContext.java:278)
	at org.eclipse.m2e.core.internal.builder.MavenBuilder$BuildMethod.execute(MavenBuilder.java:83)
	at org.eclipse.m2e.core.internal.builder.MavenBuilder.clean(MavenBuilder.java:204)
	at org.eclipse.core.internal.events.BuildManager$2.run(BuildManager.java:1082)
	at org.eclipse.core.runtime.SafeRunner.run(SafeRunner.java:47)
	at org.eclipse.core.internal.events.BuildManager.basicBuild(BuildManager.java:296)
	at org.eclipse.core.internal.events.BuildManager.basicBuild(BuildManager.java:352)
	at org.eclipse.core.internal.events.BuildManager$1.run(BuildManager.java:441)
	at org.eclipse.core.runtime.SafeRunner.run(SafeRunner.java:47)
	at org.eclipse.core.internal.events.BuildManager.basicBuild(BuildManager.java:444)
	at org.eclipse.core.internal.events.BuildManager.basicBuildLoop(BuildManager.java:555)
	at org.eclipse.core.internal.events.BuildManager.basicBuildLoop(BuildManager.java:503)
	at org.eclipse.core.internal.events.BuildManager.build(BuildManager.java:585)
	at org.eclipse.core.internal.resources.Workspace.buildInternal(Workspace.java:595)
	at org.eclipse.core.internal.resources.Workspace.build(Workspace.java:484)
	at org.eclipse.ui.internal.ide.dialogs.CleanDialog.doClean(CleanDialog.java:355)
	at org.eclipse.ui.internal.ide.dialogs.CleanDialog$1.runInWorkspace(CleanDialog.java:159)
	at org.eclipse.core.internal.resources.InternalWorkspaceJob.run(InternalWorkspaceJob.java:43)
	at org.eclipse.core.internal.jobs.Worker.run(Worker.java:63)
Caused by: org.apache.maven.model.io.ModelParseException: end tag name </dependencyManagement> must match start tag name <project> from line 2 (position: TEXT seen ...</dependencies>\r\n</dependencyManagement>... @51:24) 
	at org.apache.maven.model.io.DefaultModelReader.read(DefaultModelReader.java:96)
	at org.apache.maven.model.io.DefaultModelReader.read(DefaultModelReader.java:74)
	at org.eclipse.m2e.core.internal.IMavenToolbox.readModel(IMavenToolbox.java:243)
	... 27 common frames omitted
Caused by: org.codehaus.plexus.util.xml.pull.XmlPullParserException: end tag name </dependencyManagement> must match start tag name <project> from line 2 (position: TEXT seen ...</dependencies>\r\n</dependencyManagement>... @51:24) 
	at org.codehaus.plexus.util.xml.pull.MXParser.parseEndTag(MXParser.java:2151)
	at org.codehaus.plexus.util.xml.pull.MXParser.nextImpl(MXParser.java:1418)
	at org.codehaus.plexus.util.xml.pull.MXParser.next(MXParser.java:1375)
	at org.codehaus.plexus.util.xml.pull.MXParser.nextTag(MXParser.java:1360)
	at org.apache.maven.model.io.xpp3.MavenXpp3Reader.parseModel(MavenXpp3Reader.java:2155)
	at org.apache.maven.model.io.xpp3.MavenXpp3Reader.read(MavenXpp3Reader.java:623)
	at org.apache.maven.model.io.xpp3.MavenXpp3Reader.read(MavenXpp3Reader.java:654)
	at org.apache.maven.model.io.DefaultModelReader.read(DefaultModelReader.java:93)
	... 29 common frames omitted
2025-11-24 22:15:13,272 [Worker-45: Building Workspace] WARN  o.a.m.s.f.DefaultMavenResourcesFiltering - Using platform encoding (UTF-8 actually) to copy filtered resources, i.e. build is platform dependent!
2025-11-24 22:15:13,280 [Worker-45: Building Workspace] INFO  o.a.m.s.f.DefaultMavenResourcesFiltering - skip non existing resourceDirectory C:\Users\syeds\OneDrive\Documents\Desktop\CHUBB\Assignment1\src\main\resources
2025-11-24 22:15:13,285 [Worker-45: Building Workspace] WARN  o.a.m.s.f.DefaultMavenResourcesFiltering - Using platform encoding (UTF-8 actually) to copy filtered resources, i.e. build is platform dependent!
2025-11-24 22:15:13,287 [Worker-45: Building Workspace] INFO  o.a.m.s.f.DefaultMavenResourcesFiltering - skip non existing resourceDirectory C:\Users\syeds\OneDrive\Documents\Desktop\CHUBB\Assignment1\src\test\resources
2025-11-24 22:15:14,022 [Worker-45: Building Workspace] INFO  o.a.m.s.f.DefaultMavenResourcesFiltering - Copying 1 resource from src\main\resources to target\classes
2025-11-24 22:15:14,042 [Worker-45: Building Workspace] INFO  o.a.m.s.f.DefaultMavenResourcesFiltering - Copying 0 resource from src\main\resources to target\classes
2025-11-24 22:15:14,047 [Worker-45: Building Workspace] INFO  o.a.m.s.f.DefaultMavenResourcesFiltering - skip non existing resourceDirectory C:\Users\syeds\OneDrive\Documents\Desktop\CHUBB\Boot1_demo\src\test\resources
2025-11-24 22:15:14,354 [Worker-45: Building Workspace] INFO  o.a.m.s.f.DefaultMavenResourcesFiltering - Copying 1 resource from src\main\resources to target\classes
2025-11-24 22:15:14,372 [Worker-45: Building Workspace] INFO  o.a.m.s.f.DefaultMavenResourcesFiltering - Copying 1 resource from src\main\resources to target\classes
2025-11-24 22:15:14,384 [Worker-45: Building Workspace] INFO  o.a.m.s.f.DefaultMavenResourcesFiltering - skip non existing resourceDirectory C:\Users\syeds\OneDrive\Documents\Desktop\CHUBB\Boot2_SpringWebFlux\src\test\resources
2025-11-24 22:15:14,658 [Worker-45: Building Workspace] INFO  o.a.m.s.f.DefaultMavenResourcesFiltering - Copying 1 resource from src\main\resources to target\classes
2025-11-24 22:15:14,678 [Worker-45: Building Workspace] INFO  o.a.m.s.f.DefaultMavenResourcesFiltering - Copying 0 resource from src\main\resources to target\classes
2025-11-24 22:15:14,682 [Worker-45: Building Workspace] INFO  o.a.m.s.f.DefaultMavenResourcesFiltering - skip non existing resourceDirectory C:\Users\syeds\Downloads\demo\demo\src\test\resources
2025-11-24 22:15:15,338 [Worker-45: Building Workspace] INFO  o.a.m.s.f.DefaultMavenResourcesFiltering - Copying 1 resource from src\main\resources to target\classes
2025-11-24 22:15:15,340 [Worker-45: Building Workspace] INFO  o.a.m.s.f.DefaultMavenResourcesFiltering - Copying 0 resource from src\main\resources to target\classes
2025-11-24 22:15:15,343 [Worker-45: Building Workspace] INFO  o.a.m.s.f.DefaultMavenResourcesFiltering - skip non existing resourceDirectory C:\Users\syeds\OneDrive\Documents\Desktop\CHUBB\Boot4_FlighBookingWebFluxMongoDB\src\test\resources
2025-11-24 22:15:15,740 [Worker-45: Building Workspace] ERROR o.e.m.c.i.p.r.ProjectRegistryManager - Could not read pom.xml
org.eclipse.core.runtime.CoreException: Could not read pom.xml
	at org.eclipse.m2e.core.internal.IMavenToolbox.readModel(IMavenToolbox.java:245)
	at org.eclipse.m2e.core.internal.project.registry.ProjectRegistryManager.refreshPhase2(ProjectRegistryManager.java:591)
	at org.eclipse.m2e.core.internal.project.registry.ProjectRegistryManager.refresh(ProjectRegistryManager.java:491)
	at org.eclipse.m2e.core.internal.project.registry.ProjectRegistryManager.refresh(ProjectRegistryManager.java:370)
	at org.eclipse.m2e.core.internal.project.registry.ProjectRegistryManager.refresh(ProjectRegistryManager.java:322)
	at org.eclipse.m2e.core.internal.builder.MavenBuilder$BuildMethod.getProjectFacade(MavenBuilder.java:146)
	at org.eclipse.m2e.core.internal.builder.MavenBuilder$BuildMethod.lambda$0(MavenBuilder.java:84)
	at org.eclipse.m2e.core.internal.embedder.MavenExecutionContext.executeBare(MavenExecutionContext.java:458)
	at org.eclipse.m2e.core.internal.embedder.MavenExecutionContext.execute(MavenExecutionContext.java:339)
	at org.eclipse.m2e.core.internal.embedder.MavenExecutionContext.execute(MavenExecutionContext.java:278)
	at org.eclipse.m2e.core.internal.builder.MavenBuilder$BuildMethod.execute(MavenBuilder.java:83)
	at org.eclipse.m2e.core.internal.builder.MavenBuilder.build(MavenBuilder.java:192)
	at org.eclipse.core.internal.events.BuildManager$2.run(BuildManager.java:1077)
	at org.eclipse.core.runtime.SafeRunner.run(SafeRunner.java:47)
	at org.eclipse.core.internal.events.BuildManager.basicBuild(BuildManager.java:296)
	at org.eclipse.core.internal.events.BuildManager.basicBuild(BuildManager.java:352)
	at org.eclipse.core.internal.events.BuildManager$1.run(BuildManager.java:441)
	at org.eclipse.core.runtime.SafeRunner.run(SafeRunner.java:47)
	at org.eclipse.core.internal.events.BuildManager.basicBuild(BuildManager.java:444)
	at org.eclipse.core.internal.events.BuildManager.basicBuildLoop(BuildManager.java:555)
	at org.eclipse.core.internal.events.BuildManager.basicBuildLoop(BuildManager.java:503)
	at org.eclipse.core.internal.events.BuildManager.build(BuildManager.java:585)
	at org.eclipse.core.internal.resources.Workspace.buildInternal(Workspace.java:595)
	at org.eclipse.core.internal.resources.Workspace.build(Workspace.java:484)
	at org.eclipse.ui.actions.GlobalBuildAction$1.run(GlobalBuildAction.java:180)
	at org.eclipse.core.internal.jobs.Worker.run(Worker.java:63)
Caused by: org.apache.maven.model.io.ModelParseException: end tag name </dependencyManagement> must match start tag name <project> from line 2 (position: TEXT seen ...</dependencies>\r\n</dependencyManagement>... @51:24) 
	at org.apache.maven.model.io.DefaultModelReader.read(DefaultModelReader.java:96)
	at org.apache.maven.model.io.DefaultModelReader.read(DefaultModelReader.java:74)
	at org.eclipse.m2e.core.internal.IMavenToolbox.readModel(IMavenToolbox.java:243)
	... 25 common frames omitted
Caused by: org.codehaus.plexus.util.xml.pull.XmlPullParserException: end tag name </dependencyManagement> must match start tag name <project> from line 2 (position: TEXT seen ...</dependencies>\r\n</dependencyManagement>... @51:24) 
	at org.codehaus.plexus.util.xml.pull.MXParser.parseEndTag(MXParser.java:2151)
	at org.codehaus.plexus.util.xml.pull.MXParser.nextImpl(MXParser.java:1418)
	at org.codehaus.plexus.util.xml.pull.MXParser.next(MXParser.java:1375)
	at org.codehaus.plexus.util.xml.pull.MXParser.nextTag(MXParser.java:1360)
	at org.apache.maven.model.io.xpp3.MavenXpp3Reader.parseModel(MavenXpp3Reader.java:2155)
	at org.apache.maven.model.io.xpp3.MavenXpp3Reader.read(MavenXpp3Reader.java:623)
	at org.apache.maven.model.io.xpp3.MavenXpp3Reader.read(MavenXpp3Reader.java:654)
	at org.apache.maven.model.io.DefaultModelReader.read(DefaultModelReader.java:93)
	... 27 common frames omitted
2025-11-24 22:15:16,016 [Worker-45: Building Workspace] WARN  o.a.m.s.f.DefaultMavenResourcesFiltering - Using platform encoding (UTF-8 actually) to copy filtered resources, i.e. build is platform dependent!
2025-11-24 22:15:16,018 [Worker-45: Building Workspace] INFO  o.a.m.s.f.DefaultMavenResourcesFiltering - skip non existing resourceDirectory C:\Users\syeds\OneDrive\Documents\Desktop\CHUBB\MavenDemo1\src\main\resources
2025-11-24 22:15:16,022 [Worker-45: Building Workspace] WARN  o.a.m.s.f.DefaultMavenResourcesFiltering - Using platform encoding (UTF-8 actually) to copy filtered resources, i.e. build is platform dependent!
2025-11-24 22:15:16,023 [Worker-45: Building Workspace] INFO  o.a.m.s.f.DefaultMavenResourcesFiltering - skip non existing resourceDirectory C:\Users\syeds\OneDrive\Documents\Desktop\CHUBB\MavenDemo1\src\test\resources
2025-11-24 22:15:16,182 [Worker-45: Building Workspace] INFO  o.a.m.s.f.DefaultMavenResourcesFiltering - skip non existing resourceDirectory C:\Users\syeds\OneDrive\Documents\Desktop\CHUBB\MavenDemo2_HotelBooking\src\main\resources
2025-11-24 22:15:16,186 [Worker-45: Building Workspace] INFO  o.a.m.s.f.DefaultMavenResourcesFiltering - skip non existing resourceDirectory C:\Users\syeds\OneDrive\Documents\Desktop\CHUBB\MavenDemo2_HotelBooking\src\test\resources
2025-11-24 22:15:16,310 [Worker-45: Building Workspace] WARN  o.a.m.s.f.DefaultMavenResourcesFiltering - Using platform encoding (UTF-8 actually) to copy filtered resources, i.e. build is platform dependent!
2025-11-24 22:15:16,312 [Worker-45: Building Workspace] INFO  o.a.m.s.f.DefaultMavenResourcesFiltering - Copying 0 resource from src\main\resources to target\classes
2025-11-24 22:15:16,315 [Worker-45: Building Workspace] WARN  o.a.m.s.f.DefaultMavenResourcesFiltering - Using platform encoding (UTF-8 actually) to copy filtered resources, i.e. build is platform dependent!
2025-11-24 22:15:16,318 [Worker-45: Building Workspace] INFO  o.a.m.s.f.DefaultMavenResourcesFiltering - Copying 0 resource from src\test\resources to target\test-classes
2025-11-24 22:15:16,413 [Worker-45: Building Workspace] WARN  o.a.m.s.f.DefaultMavenResourcesFiltering - Using platform encoding (UTF-8 actually) to copy filtered resources, i.e. build is platform dependent!
2025-11-24 22:15:16,415 [Worker-45: Building Workspace] INFO  o.a.m.s.f.DefaultMavenResourcesFiltering - Copying 0 resource from src\main\resources to target\classes
2025-11-24 22:15:16,417 [Worker-45: Building Workspace] WARN  o.a.m.s.f.DefaultMavenResourcesFiltering - Using platform encoding (UTF-8 actually) to copy filtered resources, i.e. build is platform dependent!
2025-11-24 22:15:16,419 [Worker-45: Building Workspace] INFO  o.a.m.s.f.DefaultMavenResourcesFiltering - Copying 0 resource from src\test\resources to target\test-classes
2025-11-24 22:15:16,488 [Worker-45: Building Workspace] WARN  o.a.m.s.f.DefaultMavenResourcesFiltering - Using platform encoding (UTF-8 actually) to copy filtered resources, i.e. build is platform dependent!
2025-11-24 22:15:16,490 [Worker-45: Building Workspace] INFO  o.a.m.s.f.DefaultMavenResourcesFiltering - Copying 0 resource from src\main\resources to target\classes
2025-11-24 22:15:16,492 [Worker-45: Building Workspace] WARN  o.a.m.s.f.DefaultMavenResourcesFiltering - Using platform encoding (UTF-8 actually) to copy filtered resources, i.e. build is platform dependent!
2025-11-24 22:15:16,493 [Worker-45: Building Workspace] INFO  o.a.m.s.f.DefaultMavenResourcesFiltering - Copying 0 resource from src\test\resources to target\test-classes
2025-11-24 22:15:16,571 [Worker-45: Building Workspace] WARN  o.a.m.s.f.DefaultMavenResourcesFiltering - Using platform encoding (UTF-8 actually) to copy filtered resources, i.e. build is platform dependent!
2025-11-24 22:15:16,572 [Worker-45: Building Workspace] INFO  o.a.m.s.f.DefaultMavenResourcesFiltering - Copying 0 resource from src\main\resources to target\classes
2025-11-24 22:15:16,576 [Worker-45: Building Workspace] WARN  o.a.m.s.f.DefaultMavenResourcesFiltering - Using platform encoding (UTF-8 actually) to copy filtered resources, i.e. build is platform dependent!
2025-11-24 22:15:16,578 [Worker-45: Building Workspace] INFO  o.a.m.s.f.DefaultMavenResourcesFiltering - Copying 0 resource from src\test\resources to target\test-classes
2025-11-24 22:15:16,807 [Worker-45: Building Workspace] INFO  o.a.m.s.f.DefaultMavenResourcesFiltering - Copying 0 resource from src\main\resources to target\classes
2025-11-24 22:15:16,811 [Worker-45: Building Workspace] INFO  o.a.m.s.f.DefaultMavenResourcesFiltering - Copying 0 resource from src\test\resources to target\test-classes
2025-11-24 22:17:15,528 [main] INFO  o.e.m.jdt.internal.UnitTestSupport - Updating java from maven configuration
2025-11-24 22:17:15,940 [Worker-47: Launching java] INFO  o.a.m.s.f.DefaultMavenResourcesFiltering - Copying 0 resource from src\main\resources to target\classes
2025-11-24 22:17:15,941 [Worker-47: Launching java] INFO  o.a.m.s.f.DefaultMavenResourcesFiltering - Copying 0 resource from src\main\resources to target\classes
2025-11-24 22:17:15,943 [Worker-47: Launching java] INFO  o.a.m.s.f.DefaultMavenResourcesFiltering - skip non existing resourceDirectory C:\Users\syeds\OneDrive\Documents\Desktop\CHUBB\Boot4_FlighBookingWebFluxMongoDB\src\test\resources
2025-11-24 22:18:19,220 [Worker-33: Launching java] INFO  o.a.m.s.f.DefaultMavenResourcesFiltering - Copying 0 resource from src\main\resources to target\classes
2025-11-24 22:18:19,223 [Worker-33: Launching java] INFO  o.a.m.s.f.DefaultMavenResourcesFiltering - Copying 0 resource from src\main\resources to target\classes
2025-11-24 22:18:19,227 [Worker-33: Launching java] INFO  o.a.m.s.f.DefaultMavenResourcesFiltering - skip non existing resourceDirectory C:\Users\syeds\OneDrive\Documents\Desktop\CHUBB\Boot4_FlighBookingWebFluxMongoDB\src\test\resources
2025-11-24 22:31:18,126 [main] INFO  o.e.m.jdt.internal.UnitTestSupport - Updating FlightControllerTest from maven configuration
2025-11-24 22:31:18,544 [Worker-54: Launching FlightControllerTest] INFO  o.a.m.s.f.DefaultMavenResourcesFiltering - Copying 0 resource from src\main\resources to target\classes
2025-11-24 22:31:18,546 [Worker-54: Launching FlightControllerTest] INFO  o.a.m.s.f.DefaultMavenResourcesFiltering - Copying 0 resource from src\main\resources to target\classes
2025-11-24 22:31:18,549 [Worker-54: Launching FlightControllerTest] INFO  o.a.m.s.f.DefaultMavenResourcesFiltering - skip non existing resourceDirectory C:\Users\syeds\OneDrive\Documents\Desktop\CHUBB\Boot4_FlighBookingWebFluxMongoDB\src\test\resources
2025-11-26 15:46:07,697 [Worker-8: Loading available Gradle versions] INFO  o.e.b.c.i.u.g.PublishedGradleVersions - Gradle version information cache is up-to-date. Trying to read.
2025-11-26 15:48:43,874 [SonarLint Client RPC request executor] WARN  o.e.m.c.i.embedder.EclipseLogger - The artifact mysql:mysql-connector-java:jar:8.0.33 has been relocated to com.mysql:mysql-connector-j:jar:8.0.33: MySQL Connector/J artifacts moved to reverse-DNS compliant Maven 2+ coordinates.
2025-11-26 15:48:59,036 [Worker-31: Launching Boot4FlighBookingWebFluxMongoDbApplication] INFO  o.a.m.s.f.DefaultMavenResourcesFiltering - Copying 1 resource from src\main\resources to target\classes
2025-11-26 15:48:59,056 [Worker-31: Launching Boot4FlighBookingWebFluxMongoDbApplication] INFO  o.a.m.s.f.DefaultMavenResourcesFiltering - Copying 0 resource from src\main\resources to target\classes
2025-11-26 15:48:59,063 [Worker-31: Launching Boot4FlighBookingWebFluxMongoDbApplication] INFO  o.a.m.s.f.DefaultMavenResourcesFiltering - skip non existing resourceDirectory C:\Users\syeds\OneDrive\Documents\Desktop\CHUBB\Boot4_FlighBookingWebFluxMongoDB\src\test\resources
2025-11-26 15:50:38,760 [SonarLint Client RPC request executor] INFO  o.e.m.c.i.e.AbstractTransferListenerAdapter - Downloading https://repo.spring.io/snapshot/org/springframework/boot/spring-boot-starter-parent/4.0.1-SNAPSHOT/maven-metadata.xml
2025-11-26 15:50:38,826 [SonarLint Client RPC request executor] INFO  o.e.m.c.i.e.AbstractTransferListenerAdapter - Downloaded https://repo.spring.io/snapshot/org/springframework/boot/spring-boot-starter-parent/4.0.1-SNAPSHOT/maven-metadata.xml
2025-11-26 15:50:39,132 [SonarLint Client RPC request executor] INFO  o.e.m.c.i.e.AbstractTransferListenerAdapter - Downloading https://repo.spring.io/snapshot/org/springframework/boot/spring-boot-starter-parent/4.0.1-SNAPSHOT/spring-boot-starter-parent-4.0.1-20251125.154028-22.pom
2025-11-26 15:50:39,380 [SonarLint Client RPC request executor] INFO  o.e.m.c.i.e.AbstractTransferListenerAdapter - Downloaded https://repo.spring.io/snapshot/org/springframework/boot/spring-boot-starter-parent/4.0.1-SNAPSHOT/spring-boot-starter-parent-4.0.1-20251125.154028-22.pom
2025-11-26 15:50:39,683 [SonarLint Client RPC request executor] INFO  o.e.m.c.i.e.AbstractTransferListenerAdapter - Downloading https://repo.spring.io/snapshot/org/springframework/boot/spring-boot-dependencies/4.0.1-SNAPSHOT/maven-metadata.xml
2025-11-26 15:50:39,697 [SonarLint Client RPC request executor] INFO  o.e.m.c.i.e.AbstractTransferListenerAdapter - Downloaded https://repo.spring.io/snapshot/org/springframework/boot/spring-boot-dependencies/4.0.1-SNAPSHOT/maven-metadata.xml
2025-11-26 15:50:39,959 [SonarLint Client RPC request executor] INFO  o.e.m.c.i.e.AbstractTransferListenerAdapter - Downloading https://repo.spring.io/snapshot/org/springframework/boot/spring-boot-dependencies/4.0.1-SNAPSHOT/spring-boot-dependencies-4.0.1-20251125.154028-22.pom
2025-11-26 15:50:41,880 [SonarLint Client RPC request executor] INFO  o.e.m.c.i.e.AbstractTransferListenerAdapter - Downloaded https://repo.spring.io/snapshot/org/springframework/boot/spring-boot-dependencies/4.0.1-SNAPSHOT/spring-boot-dependencies-4.0.1-20251125.154028-22.pom
2025-11-26 15:50:45,022 [SonarLint Client RPC request executor] INFO  o.e.m.c.i.e.AbstractTransferListenerAdapter - Downloading https://repo.spring.io/snapshot/org/springframework/boot/spring-boot-starter-data-mongodb-reactive/4.0.1-SNAPSHOT/maven-metadata.xml
2025-11-26 15:50:45,046 [SonarLint Client RPC request executor] INFO  o.e.m.c.i.e.AbstractTransferListenerAdapter - Downloaded https://repo.spring.io/snapshot/org/springframework/boot/spring-boot-starter-data-mongodb-reactive/4.0.1-SNAPSHOT/maven-metadata.xml
2025-11-26 15:50:45,455 [SonarLint Client RPC request executor] INFO  o.e.m.c.i.e.AbstractTransferListenerAdapter - Downloading https://repo.spring.io/snapshot/org/springframework/boot/spring-boot-starter-data-mongodb-reactive/4.0.1-SNAPSHOT/spring-boot-starter-data-mongodb-reactive-4.0.1-20251125.154028-22.pom
2025-11-26 15:50:45,475 [SonarLint Client RPC request executor] INFO  o.e.m.c.i.e.AbstractTransferListenerAdapter - Downloaded https://repo.spring.io/snapshot/org/springframework/boot/spring-boot-starter-data-mongodb-reactive/4.0.1-SNAPSHOT/spring-boot-starter-data-mongodb-reactive-4.0.1-20251125.154028-22.pom
2025-11-26 15:50:45,817 [SonarLint Client RPC request executor] INFO  o.e.m.c.i.e.AbstractTransferListenerAdapter - Downloading https://repo.spring.io/snapshot/org/springframework/boot/spring-boot-starter-mongodb/4.0.1-SNAPSHOT/maven-metadata.xml
2025-11-26 15:50:45,840 [SonarLint Client RPC request executor] INFO  o.e.m.c.i.e.AbstractTransferListenerAdapter - Downloaded https://repo.spring.io/snapshot/org/springframework/boot/spring-boot-starter-mongodb/4.0.1-SNAPSHOT/maven-metadata.xml
2025-11-26 15:50:47,766 [SonarLint Client RPC request executor] INFO  o.e.m.c.i.e.AbstractTransferListenerAdapter - Downloading https://repo.spring.io/snapshot/org/springframework/boot/spring-boot-starter-mongodb/4.0.1-SNAPSHOT/spring-boot-starter-mongodb-4.0.1-20251125.154028-22.pom
2025-11-26 15:50:47,816 [SonarLint Client RPC request executor] INFO  o.e.m.c.i.e.AbstractTransferListenerAdapter - Downloaded https://repo.spring.io/snapshot/org/springframework/boot/spring-boot-starter-mongodb/4.0.1-SNAPSHOT/spring-boot-starter-mongodb-4.0.1-20251125.154028-22.pom
2025-11-26 15:50:48,167 [SonarLint Client RPC request executor] INFO  o.e.m.c.i.e.AbstractTransferListenerAdapter - Downloading https://repo.spring.io/snapshot/org/springframework/boot/spring-boot-starter/4.0.1-SNAPSHOT/maven-metadata.xml
2025-11-26 15:50:48,188 [SonarLint Client RPC request executor] INFO  o.e.m.c.i.e.AbstractTransferListenerAdapter - Downloaded https://repo.spring.io/snapshot/org/springframework/boot/spring-boot-starter/4.0.1-SNAPSHOT/maven-metadata.xml
2025-11-26 15:50:48,467 [SonarLint Client RPC request executor] INFO  o.e.m.c.i.e.AbstractTransferListenerAdapter - Downloading https://repo.spring.io/snapshot/org/springframework/boot/spring-boot-starter/4.0.1-SNAPSHOT/spring-boot-starter-4.0.1-20251125.154028-22.pom
2025-11-26 15:50:48,500 [SonarLint Client RPC request executor] INFO  o.e.m.c.i.e.AbstractTransferListenerAdapter - Downloaded https://repo.spring.io/snapshot/org/springframework/boot/spring-boot-starter/4.0.1-SNAPSHOT/spring-boot-starter-4.0.1-20251125.154028-22.pom
2025-11-26 15:50:48,818 [SonarLint Client RPC request executor] INFO  o.e.m.c.i.e.AbstractTransferListenerAdapter - Downloading https://repo.spring.io/snapshot/org/springframework/boot/spring-boot-starter-logging/4.0.1-SNAPSHOT/maven-metadata.xml
2025-11-26 15:50:48,849 [SonarLint Client RPC request executor] INFO  o.e.m.c.i.e.AbstractTransferListenerAdapter - Downloaded https://repo.spring.io/snapshot/org/springframework/boot/spring-boot-starter-logging/4.0.1-SNAPSHOT/maven-metadata.xml
2025-11-26 15:50:49,123 [SonarLint Client RPC request executor] INFO  o.e.m.c.i.e.AbstractTransferListenerAdapter - Downloading https://repo.spring.io/snapshot/org/springframework/boot/spring-boot-starter-logging/4.0.1-SNAPSHOT/spring-boot-starter-logging-4.0.1-20251125.154028-22.pom
2025-11-26 15:50:49,144 [SonarLint Client RPC request executor] INFO  o.e.m.c.i.e.AbstractTransferListenerAdapter - Downloaded https://repo.spring.io/snapshot/org/springframework/boot/spring-boot-starter-logging/4.0.1-SNAPSHOT/spring-boot-starter-logging-4.0.1-20251125.154028-22.pom
2025-11-26 15:50:49,860 [SonarLint Client RPC request executor] INFO  o.e.m.c.i.e.AbstractTransferListenerAdapter - Downloading https://repo.spring.io/snapshot/org/springframework/boot/spring-boot-autoconfigure/4.0.1-SNAPSHOT/maven-metadata.xml
2025-11-26 15:50:49,879 [SonarLint Client RPC request executor] INFO  o.e.m.c.i.e.AbstractTransferListenerAdapter - Downloaded https://repo.spring.io/snapshot/org/springframework/boot/spring-boot-autoconfigure/4.0.1-SNAPSHOT/maven-metadata.xml
2025-11-26 15:50:50,160 [SonarLint Client RPC request executor] INFO  o.e.m.c.i.e.AbstractTransferListenerAdapter - Downloading https://repo.spring.io/snapshot/org/springframework/boot/spring-boot-autoconfigure/4.0.1-SNAPSHOT/spring-boot-autoconfigure-4.0.1-20251125.154028-22.pom
2025-11-26 15:50:50,184 [SonarLint Client RPC request executor] INFO  o.e.m.c.i.e.AbstractTransferListenerAdapter - Downloaded https://repo.spring.io/snapshot/org/springframework/boot/spring-boot-autoconfigure/4.0.1-SNAPSHOT/spring-boot-autoconfigure-4.0.1-20251125.154028-22.pom
2025-11-26 15:50:50,495 [SonarLint Client RPC request executor] INFO  o.e.m.c.i.e.AbstractTransferListenerAdapter - Downloading https://repo.spring.io/snapshot/org/springframework/boot/spring-boot/4.0.1-SNAPSHOT/maven-metadata.xml
2025-11-26 15:50:50,518 [SonarLint Client RPC request executor] INFO  o.e.m.c.i.e.AbstractTransferListenerAdapter - Downloaded https://repo.spring.io/snapshot/org/springframework/boot/spring-boot/4.0.1-SNAPSHOT/maven-metadata.xml
2025-11-26 15:50:50,822 [SonarLint Client RPC request executor] INFO  o.e.m.c.i.e.AbstractTransferListenerAdapter - Downloading https://repo.spring.io/snapshot/org/springframework/boot/spring-boot/4.0.1-SNAPSHOT/spring-boot-4.0.1-20251125.154028-22.pom
2025-11-26 15:50:50,845 [SonarLint Client RPC request executor] INFO  o.e.m.c.i.e.AbstractTransferListenerAdapter - Downloaded https://repo.spring.io/snapshot/org/springframework/boot/spring-boot/4.0.1-SNAPSHOT/spring-boot-4.0.1-20251125.154028-22.pom
2025-11-26 15:50:51,428 [SonarLint Client RPC request executor] INFO  o.e.m.c.i.e.AbstractTransferListenerAdapter - Downloading https://repo.spring.io/snapshot/org/springframework/boot/spring-boot-mongodb/4.0.1-SNAPSHOT/maven-metadata.xml
2025-11-26 15:50:51,502 [SonarLint Client RPC request executor] INFO  o.e.m.c.i.e.AbstractTransferListenerAdapter - Downloaded https://repo.spring.io/snapshot/org/springframework/boot/spring-boot-mongodb/4.0.1-SNAPSHOT/maven-metadata.xml
2025-11-26 15:50:51,782 [SonarLint Client RPC request executor] INFO  o.e.m.c.i.e.AbstractTransferListenerAdapter - Downloading https://repo.spring.io/snapshot/org/springframework/boot/spring-boot-mongodb/4.0.1-SNAPSHOT/spring-boot-mongodb-4.0.1-20251125.154028-22.pom
2025-11-26 15:50:51,800 [SonarLint Client RPC request executor] INFO  o.e.m.c.i.e.AbstractTransferListenerAdapter - Downloaded https://repo.spring.io/snapshot/org/springframework/boot/spring-boot-mongodb/4.0.1-SNAPSHOT/spring-boot-mongodb-4.0.1-20251125.154028-22.pom
2025-11-26 15:50:52,211 [SonarLint Client RPC request executor] INFO  o.e.m.c.i.e.AbstractTransferListenerAdapter - Downloading https://repo.spring.io/snapshot/org/springframework/boot/spring-boot-data-mongodb/4.0.1-SNAPSHOT/maven-metadata.xml
2025-11-26 15:50:52,231 [SonarLint Client RPC request executor] INFO  o.e.m.c.i.e.AbstractTransferListenerAdapter - Downloaded https://repo.spring.io/snapshot/org/springframework/boot/spring-boot-data-mongodb/4.0.1-SNAPSHOT/maven-metadata.xml
2025-11-26 15:50:52,506 [SonarLint Client RPC request executor] INFO  o.e.m.c.i.e.AbstractTransferListenerAdapter - Downloading https://repo.spring.io/snapshot/org/springframework/boot/spring-boot-data-mongodb/4.0.1-SNAPSHOT/spring-boot-data-mongodb-4.0.1-20251125.154028-22.pom
2025-11-26 15:50:52,525 [SonarLint Client RPC request executor] INFO  o.e.m.c.i.e.AbstractTransferListenerAdapter - Downloaded https://repo.spring.io/snapshot/org/springframework/boot/spring-boot-data-mongodb/4.0.1-SNAPSHOT/spring-boot-data-mongodb-4.0.1-20251125.154028-22.pom
2025-11-26 15:50:52,818 [SonarLint Client RPC request executor] INFO  o.e.m.c.i.e.AbstractTransferListenerAdapter - Downloading https://repo.spring.io/snapshot/org/springframework/boot/spring-boot-data-commons/4.0.1-SNAPSHOT/maven-metadata.xml
2025-11-26 15:50:52,836 [SonarLint Client RPC request executor] INFO  o.e.m.c.i.e.AbstractTransferListenerAdapter - Downloaded https://repo.spring.io/snapshot/org/springframework/boot/spring-boot-data-commons/4.0.1-SNAPSHOT/maven-metadata.xml
2025-11-26 15:50:53,108 [SonarLint Client RPC request executor] INFO  o.e.m.c.i.e.AbstractTransferListenerAdapter - Downloading https://repo.spring.io/snapshot/org/springframework/boot/spring-boot-data-commons/4.0.1-SNAPSHOT/spring-boot-data-commons-4.0.1-20251125.154028-22.pom
2025-11-26 15:50:53,124 [SonarLint Client RPC request executor] INFO  o.e.m.c.i.e.AbstractTransferListenerAdapter - Downloaded https://repo.spring.io/snapshot/org/springframework/boot/spring-boot-data-commons/4.0.1-SNAPSHOT/spring-boot-data-commons-4.0.1-20251125.154028-22.pom
2025-11-26 15:50:53,413 [SonarLint Client RPC request executor] INFO  o.e.m.c.i.e.AbstractTransferListenerAdapter - Downloading https://repo.spring.io/snapshot/org/springframework/boot/spring-boot-persistence/4.0.1-SNAPSHOT/maven-metadata.xml
2025-11-26 15:50:53,430 [SonarLint Client RPC request executor] INFO  o.e.m.c.i.e.AbstractTransferListenerAdapter - Downloaded https://repo.spring.io/snapshot/org/springframework/boot/spring-boot-persistence/4.0.1-SNAPSHOT/maven-metadata.xml
2025-11-26 15:50:53,724 [SonarLint Client RPC request executor] INFO  o.e.m.c.i.e.AbstractTransferListenerAdapter - Downloading https://repo.spring.io/snapshot/org/springframework/boot/spring-boot-persistence/4.0.1-SNAPSHOT/spring-boot-persistence-4.0.1-20251125.154028-22.pom
2025-11-26 15:50:53,743 [SonarLint Client RPC request executor] INFO  o.e.m.c.i.e.AbstractTransferListenerAdapter - Downloaded https://repo.spring.io/snapshot/org/springframework/boot/spring-boot-persistence/4.0.1-SNAPSHOT/spring-boot-persistence-4.0.1-20251125.154028-22.pom
2025-11-26 15:50:54,201 [SonarLint Client RPC request executor] INFO  o.e.m.c.i.e.AbstractTransferListenerAdapter - Downloading https://repo.spring.io/snapshot/org/springframework/boot/spring-boot-transaction/4.0.1-SNAPSHOT/maven-metadata.xml
2025-11-26 15:50:54,227 [SonarLint Client RPC request executor] INFO  o.e.m.c.i.e.AbstractTransferListenerAdapter - Downloaded https://repo.spring.io/snapshot/org/springframework/boot/spring-boot-transaction/4.0.1-SNAPSHOT/maven-metadata.xml
2025-11-26 15:50:54,587 [SonarLint Client RPC request executor] INFO  o.e.m.c.i.e.AbstractTransferListenerAdapter - Downloading https://repo.spring.io/snapshot/org/springframework/boot/spring-boot-transaction/4.0.1-SNAPSHOT/spring-boot-transaction-4.0.1-20251125.154028-22.pom
2025-11-26 15:50:54,626 [SonarLint Client RPC request executor] INFO  o.e.m.c.i.e.AbstractTransferListenerAdapter - Downloaded https://repo.spring.io/snapshot/org/springframework/boot/spring-boot-transaction/4.0.1-SNAPSHOT/spring-boot-transaction-4.0.1-20251125.154028-22.pom
2025-11-26 15:50:55,118 [SonarLint Client RPC request executor] INFO  o.e.m.c.i.e.AbstractTransferListenerAdapter - Downloading https://repo.spring.io/snapshot/org/springframework/boot/spring-boot-reactor/4.0.1-SNAPSHOT/maven-metadata.xml
2025-11-26 15:50:55,133 [SonarLint Client RPC request executor] INFO  o.e.m.c.i.e.AbstractTransferListenerAdapter - Downloaded https://repo.spring.io/snapshot/org/springframework/boot/spring-boot-reactor/4.0.1-SNAPSHOT/maven-metadata.xml
2025-11-26 15:50:55,470 [SonarLint Client RPC request executor] INFO  o.e.m.c.i.e.AbstractTransferListenerAdapter - Downloading https://repo.spring.io/snapshot/org/springframework/boot/spring-boot-reactor/4.0.1-SNAPSHOT/spring-boot-reactor-4.0.1-20251125.154028-22.pom
2025-11-26 15:50:55,508 [SonarLint Client RPC request executor] INFO  o.e.m.c.i.e.AbstractTransferListenerAdapter - Downloaded https://repo.spring.io/snapshot/org/springframework/boot/spring-boot-reactor/4.0.1-SNAPSHOT/spring-boot-reactor-4.0.1-20251125.154028-22.pom
2025-11-26 15:50:55,885 [SonarLint Client RPC request executor] INFO  o.e.m.c.i.e.AbstractTransferListenerAdapter - Downloading https://repo.spring.io/snapshot/org/springframework/boot/spring-boot-starter-webflux/4.0.1-SNAPSHOT/maven-metadata.xml
2025-11-26 15:50:55,906 [SonarLint Client RPC request executor] INFO  o.e.m.c.i.e.AbstractTransferListenerAdapter - Downloaded https://repo.spring.io/snapshot/org/springframework/boot/spring-boot-starter-webflux/4.0.1-SNAPSHOT/maven-metadata.xml
2025-11-26 15:50:56,186 [SonarLint Client RPC request executor] INFO  o.e.m.c.i.e.AbstractTransferListenerAdapter - Downloading https://repo.spring.io/snapshot/org/springframework/boot/spring-boot-starter-webflux/4.0.1-SNAPSHOT/spring-boot-starter-webflux-4.0.1-20251125.154028-22.pom
2025-11-26 15:50:56,209 [SonarLint Client RPC request executor] INFO  o.e.m.c.i.e.AbstractTransferListenerAdapter - Downloaded https://repo.spring.io/snapshot/org/springframework/boot/spring-boot-starter-webflux/4.0.1-SNAPSHOT/spring-boot-starter-webflux-4.0.1-20251125.154028-22.pom
2025-11-26 15:50:56,802 [SonarLint Client RPC request executor] INFO  o.e.m.c.i.e.AbstractTransferListenerAdapter - Downloading https://repo.spring.io/snapshot/org/springframework/boot/spring-boot-starter-jackson/4.0.1-SNAPSHOT/maven-metadata.xml
2025-11-26 15:50:56,818 [SonarLint Client RPC request executor] INFO  o.e.m.c.i.e.AbstractTransferListenerAdapter - Downloaded https://repo.spring.io/snapshot/org/springframework/boot/spring-boot-starter-jackson/4.0.1-SNAPSHOT/maven-metadata.xml
2025-11-26 15:50:57,124 [SonarLint Client RPC request executor] INFO  o.e.m.c.i.e.AbstractTransferListenerAdapter - Downloading https://repo.spring.io/snapshot/org/springframework/boot/spring-boot-starter-jackson/4.0.1-SNAPSHOT/spring-boot-starter-jackson-4.0.1-20251125.154028-22.pom
2025-11-26 15:50:57,153 [SonarLint Client RPC request executor] INFO  o.e.m.c.i.e.AbstractTransferListenerAdapter - Downloaded https://repo.spring.io/snapshot/org/springframework/boot/spring-boot-starter-jackson/4.0.1-SNAPSHOT/spring-boot-starter-jackson-4.0.1-20251125.154028-22.pom
2025-11-26 15:50:57,677 [SonarLint Client RPC request executor] INFO  o.e.m.c.i.e.AbstractTransferListenerAdapter - Downloading https://repo.spring.io/snapshot/org/springframework/boot/spring-boot-jackson/4.0.1-SNAPSHOT/maven-metadata.xml
2025-11-26 15:50:57,695 [SonarLint Client RPC request executor] INFO  o.e.m.c.i.e.AbstractTransferListenerAdapter - Downloaded https://repo.spring.io/snapshot/org/springframework/boot/spring-boot-jackson/4.0.1-SNAPSHOT/maven-metadata.xml
2025-11-26 15:50:58,000 [SonarLint Client RPC request executor] INFO  o.e.m.c.i.e.AbstractTransferListenerAdapter - Downloading https://repo.spring.io/snapshot/org/springframework/boot/spring-boot-jackson/4.0.1-SNAPSHOT/spring-boot-jackson-4.0.1-20251125.154028-22.pom
2025-11-26 15:50:58,062 [SonarLint Client RPC request executor] INFO  o.e.m.c.i.e.AbstractTransferListenerAdapter - Downloaded https://repo.spring.io/snapshot/org/springframework/boot/spring-boot-jackson/4.0.1-SNAPSHOT/spring-boot-jackson-4.0.1-20251125.154028-22.pom
2025-11-26 15:50:58,680 [SonarLint Client RPC request executor] INFO  o.e.m.c.i.e.AbstractTransferListenerAdapter - Downloading https://repo.spring.io/snapshot/org/springframework/boot/spring-boot-starter-reactor-netty/4.0.1-SNAPSHOT/maven-metadata.xml
2025-11-26 15:50:58,699 [SonarLint Client RPC request executor] INFO  o.e.m.c.i.e.AbstractTransferListenerAdapter - Downloaded https://repo.spring.io/snapshot/org/springframework/boot/spring-boot-starter-reactor-netty/4.0.1-SNAPSHOT/maven-metadata.xml
2025-11-26 15:50:58,994 [SonarLint Client RPC request executor] INFO  o.e.m.c.i.e.AbstractTransferListenerAdapter - Downloading https://repo.spring.io/snapshot/org/springframework/boot/spring-boot-starter-reactor-netty/4.0.1-SNAPSHOT/spring-boot-starter-reactor-netty-4.0.1-20251125.154028-22.pom
2025-11-26 15:50:59,025 [SonarLint Client RPC request executor] INFO  o.e.m.c.i.e.AbstractTransferListenerAdapter - Downloaded https://repo.spring.io/snapshot/org/springframework/boot/spring-boot-starter-reactor-netty/4.0.1-SNAPSHOT/spring-boot-starter-reactor-netty-4.0.1-20251125.154028-22.pom
2025-11-26 15:50:59,352 [SonarLint Client RPC request executor] INFO  o.e.m.c.i.e.AbstractTransferListenerAdapter - Downloading https://repo.spring.io/snapshot/org/springframework/boot/spring-boot-reactor-netty/4.0.1-SNAPSHOT/maven-metadata.xml
2025-11-26 15:50:59,379 [SonarLint Client RPC request executor] INFO  o.e.m.c.i.e.AbstractTransferListenerAdapter - Downloaded https://repo.spring.io/snapshot/org/springframework/boot/spring-boot-reactor-netty/4.0.1-SNAPSHOT/maven-metadata.xml
2025-11-26 15:50:59,809 [SonarLint Client RPC request executor] INFO  o.e.m.c.i.e.AbstractTransferListenerAdapter - Downloading https://repo.spring.io/snapshot/org/springframework/boot/spring-boot-reactor-netty/4.0.1-SNAPSHOT/spring-boot-reactor-netty-4.0.1-20251125.154028-22.pom
2025-11-26 15:50:59,873 [SonarLint Client RPC request executor] INFO  o.e.m.c.i.e.AbstractTransferListenerAdapter - Downloaded https://repo.spring.io/snapshot/org/springframework/boot/spring-boot-reactor-netty/4.0.1-SNAPSHOT/spring-boot-reactor-netty-4.0.1-20251125.154028-22.pom
2025-11-26 15:51:00,377 [SonarLint Client RPC request executor] INFO  o.e.m.c.i.e.AbstractTransferListenerAdapter - Downloading https://repo.spring.io/snapshot/org/springframework/boot/spring-boot-web-server/4.0.1-SNAPSHOT/maven-metadata.xml
2025-11-26 15:51:00,396 [SonarLint Client RPC request executor] INFO  o.e.m.c.i.e.AbstractTransferListenerAdapter - Downloaded https://repo.spring.io/snapshot/org/springframework/boot/spring-boot-web-server/4.0.1-SNAPSHOT/maven-metadata.xml
2025-11-26 15:51:00,678 [SonarLint Client RPC request executor] INFO  o.e.m.c.i.e.AbstractTransferListenerAdapter - Downloading https://repo.spring.io/snapshot/org/springframework/boot/spring-boot-web-server/4.0.1-SNAPSHOT/spring-boot-web-server-4.0.1-20251125.154028-22.pom
2025-11-26 15:51:00,692 [SonarLint Client RPC request executor] INFO  o.e.m.c.i.e.AbstractTransferListenerAdapter - Downloaded https://repo.spring.io/snapshot/org/springframework/boot/spring-boot-web-server/4.0.1-SNAPSHOT/spring-boot-web-server-4.0.1-20251125.154028-22.pom
2025-11-26 15:51:02,210 [SonarLint Client RPC request executor] INFO  o.e.m.c.i.e.AbstractTransferListenerAdapter - Downloading https://repo.spring.io/snapshot/org/springframework/boot/spring-boot-netty/4.0.1-SNAPSHOT/maven-metadata.xml
2025-11-26 15:51:02,228 [SonarLint Client RPC request executor] INFO  o.e.m.c.i.e.AbstractTransferListenerAdapter - Downloaded https://repo.spring.io/snapshot/org/springframework/boot/spring-boot-netty/4.0.1-SNAPSHOT/maven-metadata.xml
2025-11-26 15:51:02,510 [SonarLint Client RPC request executor] INFO  o.e.m.c.i.e.AbstractTransferListenerAdapter - Downloading https://repo.spring.io/snapshot/org/springframework/boot/spring-boot-netty/4.0.1-SNAPSHOT/spring-boot-netty-4.0.1-20251125.154028-22.pom
2025-11-26 15:51:02,528 [SonarLint Client RPC request executor] INFO  o.e.m.c.i.e.AbstractTransferListenerAdapter - Downloaded https://repo.spring.io/snapshot/org/springframework/boot/spring-boot-netty/4.0.1-SNAPSHOT/spring-boot-netty-4.0.1-20251125.154028-22.pom
2025-11-26 15:51:02,826 [SonarLint Client RPC request executor] INFO  o.e.m.c.i.e.AbstractTransferListenerAdapter - Downloading https://repo.spring.io/snapshot/org/springframework/boot/spring-boot-webflux/4.0.1-SNAPSHOT/maven-metadata.xml
2025-11-26 15:51:02,845 [SonarLint Client RPC request executor] INFO  o.e.m.c.i.e.AbstractTransferListenerAdapter - Downloaded https://repo.spring.io/snapshot/org/springframework/boot/spring-boot-webflux/4.0.1-SNAPSHOT/maven-metadata.xml
2025-11-26 15:51:03,115 [SonarLint Client RPC request executor] INFO  o.e.m.c.i.e.AbstractTransferListenerAdapter - Downloading https://repo.spring.io/snapshot/org/springframework/boot/spring-boot-webflux/4.0.1-SNAPSHOT/spring-boot-webflux-4.0.1-20251125.154028-22.pom
2025-11-26 15:51:03,130 [SonarLint Client RPC request executor] INFO  o.e.m.c.i.e.AbstractTransferListenerAdapter - Downloaded https://repo.spring.io/snapshot/org/springframework/boot/spring-boot-webflux/4.0.1-SNAPSHOT/spring-boot-webflux-4.0.1-20251125.154028-22.pom
2025-11-26 15:51:03,414 [SonarLint Client RPC request executor] INFO  o.e.m.c.i.e.AbstractTransferListenerAdapter - Downloading https://repo.spring.io/snapshot/org/springframework/boot/spring-boot-http-codec/4.0.1-SNAPSHOT/maven-metadata.xml
2025-11-26 15:51:03,427 [SonarLint Client RPC request executor] INFO  o.e.m.c.i.e.AbstractTransferListenerAdapter - Downloaded https://repo.spring.io/snapshot/org/springframework/boot/spring-boot-http-codec/4.0.1-SNAPSHOT/maven-metadata.xml
2025-11-26 15:51:03,705 [SonarLint Client RPC request executor] INFO  o.e.m.c.i.e.AbstractTransferListenerAdapter - Downloading https://repo.spring.io/snapshot/org/springframework/boot/spring-boot-http-codec/4.0.1-SNAPSHOT/spring-boot-http-codec-4.0.1-20251125.154028-22.pom
2025-11-26 15:51:03,719 [SonarLint Client RPC request executor] INFO  o.e.m.c.i.e.AbstractTransferListenerAdapter - Downloaded https://repo.spring.io/snapshot/org/springframework/boot/spring-boot-http-codec/4.0.1-SNAPSHOT/spring-boot-http-codec-4.0.1-20251125.154028-22.pom
2025-11-26 15:51:04,059 [SonarLint Client RPC request executor] INFO  o.e.m.c.i.e.AbstractTransferListenerAdapter - Downloading https://repo.spring.io/snapshot/org/springframework/boot/spring-boot-starter-data-mongodb-reactive-test/4.0.1-SNAPSHOT/maven-metadata.xml
2025-11-26 15:51:04,073 [SonarLint Client RPC request executor] INFO  o.e.m.c.i.e.AbstractTransferListenerAdapter - Downloaded https://repo.spring.io/snapshot/org/springframework/boot/spring-boot-starter-data-mongodb-reactive-test/4.0.1-SNAPSHOT/maven-metadata.xml
2025-11-26 15:51:04,378 [SonarLint Client RPC request executor] INFO  o.e.m.c.i.e.AbstractTransferListenerAdapter - Downloading https://repo.spring.io/snapshot/org/springframework/boot/spring-boot-starter-data-mongodb-reactive-test/4.0.1-SNAPSHOT/spring-boot-starter-data-mongodb-reactive-test-4.0.1-20251125.154028-22.pom
2025-11-26 15:51:04,394 [SonarLint Client RPC request executor] INFO  o.e.m.c.i.e.AbstractTransferListenerAdapter - Downloaded https://repo.spring.io/snapshot/org/springframework/boot/spring-boot-starter-data-mongodb-reactive-test/4.0.1-SNAPSHOT/spring-boot-starter-data-mongodb-reactive-test-4.0.1-20251125.154028-22.pom
2025-11-26 15:51:04,694 [SonarLint Client RPC request executor] INFO  o.e.m.c.i.e.AbstractTransferListenerAdapter - Downloading https://repo.spring.io/snapshot/org/springframework/boot/spring-boot-starter-test/4.0.1-SNAPSHOT/maven-metadata.xml
2025-11-26 15:51:04,706 [SonarLint Client RPC request executor] INFO  o.e.m.c.i.e.AbstractTransferListenerAdapter - Downloaded https://repo.spring.io/snapshot/org/springframework/boot/spring-boot-starter-test/4.0.1-SNAPSHOT/maven-metadata.xml
2025-11-26 15:51:04,968 [SonarLint Client RPC request executor] INFO  o.e.m.c.i.e.AbstractTransferListenerAdapter - Downloading https://repo.spring.io/snapshot/org/springframework/boot/spring-boot-starter-test/4.0.1-SNAPSHOT/spring-boot-starter-test-4.0.1-20251125.154028-22.pom
2025-11-26 15:51:04,982 [SonarLint Client RPC request executor] INFO  o.e.m.c.i.e.AbstractTransferListenerAdapter - Downloaded https://repo.spring.io/snapshot/org/springframework/boot/spring-boot-starter-test/4.0.1-SNAPSHOT/spring-boot-starter-test-4.0.1-20251125.154028-22.pom
2025-11-26 15:51:05,263 [SonarLint Client RPC request executor] INFO  o.e.m.c.i.e.AbstractTransferListenerAdapter - Downloading https://repo.spring.io/snapshot/org/springframework/boot/spring-boot-test/4.0.1-SNAPSHOT/maven-metadata.xml
2025-11-26 15:51:05,276 [SonarLint Client RPC request executor] INFO  o.e.m.c.i.e.AbstractTransferListenerAdapter - Downloaded https://repo.spring.io/snapshot/org/springframework/boot/spring-boot-test/4.0.1-SNAPSHOT/maven-metadata.xml
2025-11-26 15:51:05,543 [SonarLint Client RPC request executor] INFO  o.e.m.c.i.e.AbstractTransferListenerAdapter - Downloading https://repo.spring.io/snapshot/org/springframework/boot/spring-boot-test/4.0.1-SNAPSHOT/spring-boot-test-4.0.1-20251125.154028-22.pom
2025-11-26 15:51:05,557 [SonarLint Client RPC request executor] INFO  o.e.m.c.i.e.AbstractTransferListenerAdapter - Downloaded https://repo.spring.io/snapshot/org/springframework/boot/spring-boot-test/4.0.1-SNAPSHOT/spring-boot-test-4.0.1-20251125.154028-22.pom
2025-11-26 15:51:05,847 [SonarLint Client RPC request executor] INFO  o.e.m.c.i.e.AbstractTransferListenerAdapter - Downloading https://repo.spring.io/snapshot/org/springframework/boot/spring-boot-test-autoconfigure/4.0.1-SNAPSHOT/maven-metadata.xml
2025-11-26 15:51:05,860 [SonarLint Client RPC request executor] INFO  o.e.m.c.i.e.AbstractTransferListenerAdapter - Downloaded https://repo.spring.io/snapshot/org/springframework/boot/spring-boot-test-autoconfigure/4.0.1-SNAPSHOT/maven-metadata.xml
2025-11-26 15:51:06,132 [SonarLint Client RPC request executor] INFO  o.e.m.c.i.e.AbstractTransferListenerAdapter - Downloading https://repo.spring.io/snapshot/org/springframework/boot/spring-boot-test-autoconfigure/4.0.1-SNAPSHOT/spring-boot-test-autoconfigure-4.0.1-20251125.154028-22.pom
2025-11-26 15:51:06,145 [SonarLint Client RPC request executor] INFO  o.e.m.c.i.e.AbstractTransferListenerAdapter - Downloaded https://repo.spring.io/snapshot/org/springframework/boot/spring-boot-test-autoconfigure/4.0.1-SNAPSHOT/spring-boot-test-autoconfigure-4.0.1-20251125.154028-22.pom
2025-11-26 15:51:06,974 [SonarLint Client RPC request executor] INFO  o.e.m.c.i.e.AbstractTransferListenerAdapter - Downloading https://repo.spring.io/snapshot/org/springframework/boot/spring-boot-data-mongodb-test/4.0.1-SNAPSHOT/maven-metadata.xml
2025-11-26 15:51:06,990 [SonarLint Client RPC request executor] INFO  o.e.m.c.i.e.AbstractTransferListenerAdapter - Downloaded https://repo.spring.io/snapshot/org/springframework/boot/spring-boot-data-mongodb-test/4.0.1-SNAPSHOT/maven-metadata.xml
2025-11-26 15:51:07,258 [SonarLint Client RPC request executor] INFO  o.e.m.c.i.e.AbstractTransferListenerAdapter - Downloading https://repo.spring.io/snapshot/org/springframework/boot/spring-boot-data-mongodb-test/4.0.1-SNAPSHOT/spring-boot-data-mongodb-test-4.0.1-20251125.154028-22.pom
2025-11-26 15:51:07,273 [SonarLint Client RPC request executor] INFO  o.e.m.c.i.e.AbstractTransferListenerAdapter - Downloaded https://repo.spring.io/snapshot/org/springframework/boot/spring-boot-data-mongodb-test/4.0.1-SNAPSHOT/spring-boot-data-mongodb-test-4.0.1-20251125.154028-22.pom
2025-11-26 15:51:07,572 [SonarLint Client RPC request executor] INFO  o.e.m.c.i.e.AbstractTransferListenerAdapter - Downloading https://repo.spring.io/snapshot/org/springframework/boot/spring-boot-starter-webflux-test/4.0.1-SNAPSHOT/maven-metadata.xml
2025-11-26 15:51:07,588 [SonarLint Client RPC request executor] INFO  o.e.m.c.i.e.AbstractTransferListenerAdapter - Downloaded https://repo.spring.io/snapshot/org/springframework/boot/spring-boot-starter-webflux-test/4.0.1-SNAPSHOT/maven-metadata.xml
2025-11-26 15:51:07,850 [SonarLint Client RPC request executor] INFO  o.e.m.c.i.e.AbstractTransferListenerAdapter - Downloading https://repo.spring.io/snapshot/org/springframework/boot/spring-boot-starter-webflux-test/4.0.1-SNAPSHOT/spring-boot-starter-webflux-test-4.0.1-20251125.154028-22.pom
2025-11-26 15:51:07,865 [SonarLint Client RPC request executor] INFO  o.e.m.c.i.e.AbstractTransferListenerAdapter - Downloaded https://repo.spring.io/snapshot/org/springframework/boot/spring-boot-starter-webflux-test/4.0.1-SNAPSHOT/spring-boot-starter-webflux-test-4.0.1-20251125.154028-22.pom
2025-11-26 15:51:08,288 [SonarLint Client RPC request executor] INFO  o.e.m.c.i.e.AbstractTransferListenerAdapter - Downloading https://repo.spring.io/snapshot/org/springframework/boot/spring-boot-starter-jackson-test/4.0.1-SNAPSHOT/maven-metadata.xml
2025-11-26 15:51:08,297 [SonarLint Client RPC request executor] INFO  o.e.m.c.i.e.AbstractTransferListenerAdapter - Downloaded https://repo.spring.io/snapshot/org/springframework/boot/spring-boot-starter-jackson-test/4.0.1-SNAPSHOT/maven-metadata.xml
2025-11-26 15:51:08,554 [SonarLint Client RPC request executor] INFO  o.e.m.c.i.e.AbstractTransferListenerAdapter - Downloading https://repo.spring.io/snapshot/org/springframework/boot/spring-boot-starter-jackson-test/4.0.1-SNAPSHOT/spring-boot-starter-jackson-test-4.0.1-20251125.154028-22.pom
2025-11-26 15:51:08,565 [SonarLint Client RPC request executor] INFO  o.e.m.c.i.e.AbstractTransferListenerAdapter - Downloaded https://repo.spring.io/snapshot/org/springframework/boot/spring-boot-starter-jackson-test/4.0.1-SNAPSHOT/spring-boot-starter-jackson-test-4.0.1-20251125.154028-22.pom
2025-11-26 15:51:08,848 [SonarLint Client RPC request executor] INFO  o.e.m.c.i.e.AbstractTransferListenerAdapter - Downloading https://repo.spring.io/snapshot/org/springframework/boot/spring-boot-webflux-test/4.0.1-SNAPSHOT/maven-metadata.xml
2025-11-26 15:51:08,861 [SonarLint Client RPC request executor] INFO  o.e.m.c.i.e.AbstractTransferListenerAdapter - Downloaded https://repo.spring.io/snapshot/org/springframework/boot/spring-boot-webflux-test/4.0.1-SNAPSHOT/maven-metadata.xml
2025-11-26 15:51:09,127 [SonarLint Client RPC request executor] INFO  o.e.m.c.i.e.AbstractTransferListenerAdapter - Downloading https://repo.spring.io/snapshot/org/springframework/boot/spring-boot-webflux-test/4.0.1-SNAPSHOT/spring-boot-webflux-test-4.0.1-20251125.154028-22.pom
2025-11-26 15:51:09,138 [SonarLint Client RPC request executor] INFO  o.e.m.c.i.e.AbstractTransferListenerAdapter - Downloaded https://repo.spring.io/snapshot/org/springframework/boot/spring-boot-webflux-test/4.0.1-SNAPSHOT/spring-boot-webflux-test-4.0.1-20251125.154028-22.pom
2025-11-26 15:51:09,415 [SonarLint Client RPC request executor] INFO  o.e.m.c.i.e.AbstractTransferListenerAdapter - Downloading https://repo.spring.io/snapshot/org/springframework/boot/spring-boot-webtestclient/4.0.1-SNAPSHOT/maven-metadata.xml
2025-11-26 15:51:09,431 [SonarLint Client RPC request executor] INFO  o.e.m.c.i.e.AbstractTransferListenerAdapter - Downloaded https://repo.spring.io/snapshot/org/springframework/boot/spring-boot-webtestclient/4.0.1-SNAPSHOT/maven-metadata.xml
2025-11-26 15:51:09,698 [SonarLint Client RPC request executor] INFO  o.e.m.c.i.e.AbstractTransferListenerAdapter - Downloading https://repo.spring.io/snapshot/org/springframework/boot/spring-boot-webtestclient/4.0.1-SNAPSHOT/spring-boot-webtestclient-4.0.1-20251125.154028-22.pom
2025-11-26 15:51:09,707 [SonarLint Client RPC request executor] INFO  o.e.m.c.i.e.AbstractTransferListenerAdapter - Downloaded https://repo.spring.io/snapshot/org/springframework/boot/spring-boot-webtestclient/4.0.1-SNAPSHOT/spring-boot-webtestclient-4.0.1-20251125.154028-22.pom
2025-11-26 15:51:10,428 [SonarLint Client RPC request executor] INFO  o.e.m.c.i.e.AbstractTransferListenerAdapter - Downloading https://repo.spring.io/snapshot/org/springframework/boot/spring-boot-starter-data-mongodb-reactive/4.0.1-SNAPSHOT/spring-boot-starter-data-mongodb-reactive-4.0.1-20251125.154028-22.jar
2025-11-26 15:51:10,438 [SonarLint Client RPC request executor] INFO  o.e.m.c.i.e.AbstractTransferListenerAdapter - Downloaded https://repo.spring.io/snapshot/org/springframework/boot/spring-boot-starter-data-mongodb-reactive/4.0.1-SNAPSHOT/spring-boot-starter-data-mongodb-reactive-4.0.1-20251125.154028-22.jar
2025-11-26 15:51:10,692 [BasicRepositoryConnector-repo.spring.io-0-1] INFO  o.e.m.c.i.e.AbstractTransferListenerAdapter - Downloading https://repo.spring.io/snapshot/org/springframework/boot/spring-boot-mongodb/4.0.1-SNAPSHOT/spring-boot-mongodb-4.0.1-20251125.154028-22.jar
2025-11-26 15:51:11,173 [BasicRepositoryConnector-repo.spring.io-0-1] INFO  o.e.m.c.i.e.AbstractTransferListenerAdapter - Downloaded https://repo.spring.io/snapshot/org/springframework/boot/spring-boot-mongodb/4.0.1-SNAPSHOT/spring-boot-mongodb-4.0.1-20251125.154028-22.jar
2025-11-26 15:51:11,182 [BasicRepositoryConnector-repo.spring.io-0-0] INFO  o.e.m.c.i.e.AbstractTransferListenerAdapter - Downloading https://repo.spring.io/snapshot/org/springframework/boot/spring-boot-starter-mongodb/4.0.1-SNAPSHOT/spring-boot-starter-mongodb-4.0.1-20251125.154028-22.jar
2025-11-26 15:51:11,187 [BasicRepositoryConnector-repo.spring.io-0-4] INFO  o.e.m.c.i.e.AbstractTransferListenerAdapter - Downloading https://repo.spring.io/snapshot/org/springframework/boot/spring-boot-persistence/4.0.1-SNAPSHOT/spring-boot-persistence-4.0.1-20251125.154028-22.jar
2025-11-26 15:51:11,193 [BasicRepositoryConnector-repo.spring.io-0-0] INFO  o.e.m.c.i.e.AbstractTransferListenerAdapter - Downloaded https://repo.spring.io/snapshot/org/springframework/boot/spring-boot-starter-mongodb/4.0.1-SNAPSHOT/spring-boot-starter-mongodb-4.0.1-20251125.154028-22.jar
2025-11-26 15:51:11,212 [BasicRepositoryConnector-repo.spring.io-0-3] INFO  o.e.m.c.i.e.AbstractTransferListenerAdapter - Downloading https://repo.spring.io/snapshot/org/springframework/boot/spring-boot-data-commons/4.0.1-SNAPSHOT/spring-boot-data-commons-4.0.1-20251125.154028-22.jar
2025-11-26 15:51:11,419 [BasicRepositoryConnector-repo.spring.io-0-4] INFO  o.e.m.c.i.e.AbstractTransferListenerAdapter - Downloaded https://repo.spring.io/snapshot/org/springframework/boot/spring-boot-persistence/4.0.1-SNAPSHOT/spring-boot-persistence-4.0.1-20251125.154028-22.jar
2025-11-26 15:51:11,423 [BasicRepositoryConnector-repo.spring.io-0-1] INFO  o.e.m.c.i.e.AbstractTransferListenerAdapter - Downloading https://repo.spring.io/snapshot/org/springframework/boot/spring-boot-transaction/4.0.1-SNAPSHOT/spring-boot-transaction-4.0.1-20251125.154028-22.jar
2025-11-26 15:51:11,432 [BasicRepositoryConnector-repo.spring.io-0-0] INFO  o.e.m.c.i.e.AbstractTransferListenerAdapter - Downloading https://repo.spring.io/snapshot/org/springframework/boot/spring-boot-reactor/4.0.1-SNAPSHOT/spring-boot-reactor-4.0.1-20251125.154028-22.jar
2025-11-26 15:51:11,434 [BasicRepositoryConnector-repo.spring.io-0-1] INFO  o.e.m.c.i.e.AbstractTransferListenerAdapter - Downloaded https://repo.spring.io/snapshot/org/springframework/boot/spring-boot-transaction/4.0.1-SNAPSHOT/spring-boot-transaction-4.0.1-20251125.154028-22.jar
2025-11-26 15:51:11,442 [BasicRepositoryConnector-repo.spring.io-0-2] INFO  o.e.m.c.i.e.AbstractTransferListenerAdapter - Downloading https://repo.spring.io/snapshot/org/springframework/boot/spring-boot-data-mongodb/4.0.1-SNAPSHOT/spring-boot-data-mongodb-4.0.1-20251125.154028-22.jar
2025-11-26 15:51:11,444 [BasicRepositoryConnector-repo.spring.io-0-0] INFO  o.e.m.c.i.e.AbstractTransferListenerAdapter - Downloaded https://repo.spring.io/snapshot/org/springframework/boot/spring-boot-reactor/4.0.1-SNAPSHOT/spring-boot-reactor-4.0.1-20251125.154028-22.jar
2025-11-26 15:51:11,455 [BasicRepositoryConnector-repo.spring.io-0-3] INFO  o.e.m.c.i.e.AbstractTransferListenerAdapter - Downloaded https://repo.spring.io/snapshot/org/springframework/boot/spring-boot-data-commons/4.0.1-SNAPSHOT/spring-boot-data-commons-4.0.1-20251125.154028-22.jar
2025-11-26 15:51:11,678 [BasicRepositoryConnector-repo.spring.io-0-2] INFO  o.e.m.c.i.e.AbstractTransferListenerAdapter - Downloaded https://repo.spring.io/snapshot/org/springframework/boot/spring-boot-data-mongodb/4.0.1-SNAPSHOT/spring-boot-data-mongodb-4.0.1-20251125.154028-22.jar
2025-11-26 15:51:11,680 [BasicRepositoryConnector-repo.spring.io-0-0] INFO  o.e.m.c.i.e.AbstractTransferListenerAdapter - Downloading https://repo.spring.io/snapshot/org/springframework/boot/spring-boot-starter/4.0.1-SNAPSHOT/spring-boot-starter-4.0.1-20251125.154028-22.jar
2025-11-26 15:51:11,682 [BasicRepositoryConnector-repo.spring.io-0-1] INFO  o.e.m.c.i.e.AbstractTransferListenerAdapter - Downloading https://repo.spring.io/snapshot/org/springframework/boot/spring-boot-starter-webflux/4.0.1-SNAPSHOT/spring-boot-starter-webflux-4.0.1-20251125.154028-22.jar
2025-11-26 15:51:11,690 [BasicRepositoryConnector-repo.spring.io-0-0] INFO  o.e.m.c.i.e.AbstractTransferListenerAdapter - Downloaded https://repo.spring.io/snapshot/org/springframework/boot/spring-boot-starter/4.0.1-SNAPSHOT/spring-boot-starter-4.0.1-20251125.154028-22.jar
2025-11-26 15:51:11,699 [BasicRepositoryConnector-repo.spring.io-0-1] INFO  o.e.m.c.i.e.AbstractTransferListenerAdapter - Downloaded https://repo.spring.io/snapshot/org/springframework/boot/spring-boot-starter-webflux/4.0.1-SNAPSHOT/spring-boot-starter-webflux-4.0.1-20251125.154028-22.jar
2025-11-26 15:51:11,707 [BasicRepositoryConnector-repo.spring.io-0-3] INFO  o.e.m.c.i.e.AbstractTransferListenerAdapter - Downloading https://repo.spring.io/snapshot/org/springframework/boot/spring-boot-starter-logging/4.0.1-SNAPSHOT/spring-boot-starter-logging-4.0.1-20251125.154028-22.jar
2025-11-26 15:51:11,719 [BasicRepositoryConnector-repo.spring.io-0-3] INFO  o.e.m.c.i.e.AbstractTransferListenerAdapter - Downloaded https://repo.spring.io/snapshot/org/springframework/boot/spring-boot-starter-logging/4.0.1-SNAPSHOT/spring-boot-starter-logging-4.0.1-20251125.154028-22.jar
2025-11-26 15:51:11,937 [BasicRepositoryConnector-repo.spring.io-0-0] INFO  o.e.m.c.i.e.AbstractTransferListenerAdapter - Downloading https://repo.spring.io/snapshot/org/springframework/boot/spring-boot-starter-jackson/4.0.1-SNAPSHOT/spring-boot-starter-jackson-4.0.1-20251125.154028-22.jar
2025-11-26 15:51:11,939 [BasicRepositoryConnector-repo.spring.io-0-1] INFO  o.e.m.c.i.e.AbstractTransferListenerAdapter - Downloading https://repo.spring.io/snapshot/org/springframework/boot/spring-boot-jackson/4.0.1-SNAPSHOT/spring-boot-jackson-4.0.1-20251125.154028-22.jar
2025-11-26 15:51:11,949 [BasicRepositoryConnector-repo.spring.io-0-0] INFO  o.e.m.c.i.e.AbstractTransferListenerAdapter - Downloaded https://repo.spring.io/snapshot/org/springframework/boot/spring-boot-starter-jackson/4.0.1-SNAPSHOT/spring-boot-starter-jackson-4.0.1-20251125.154028-22.jar
2025-11-26 15:51:11,967 [BasicRepositoryConnector-repo.spring.io-0-3] INFO  o.e.m.c.i.e.AbstractTransferListenerAdapter - Downloading https://repo.spring.io/snapshot/org/springframework/boot/spring-boot-starter-reactor-netty/4.0.1-SNAPSHOT/spring-boot-starter-reactor-netty-4.0.1-20251125.154028-22.jar
2025-11-26 15:51:11,979 [BasicRepositoryConnector-repo.spring.io-0-3] INFO  o.e.m.c.i.e.AbstractTransferListenerAdapter - Downloaded https://repo.spring.io/snapshot/org/springframework/boot/spring-boot-starter-reactor-netty/4.0.1-SNAPSHOT/spring-boot-starter-reactor-netty-4.0.1-20251125.154028-22.jar
2025-11-26 15:51:12,175 [BasicRepositoryConnector-repo.spring.io-0-1] INFO  o.e.m.c.i.e.AbstractTransferListenerAdapter - Downloaded https://repo.spring.io/snapshot/org/springframework/boot/spring-boot-jackson/4.0.1-SNAPSHOT/spring-boot-jackson-4.0.1-20251125.154028-22.jar
2025-11-26 15:51:12,197 [BasicRepositoryConnector-repo.spring.io-0-0] INFO  o.e.m.c.i.e.AbstractTransferListenerAdapter - Downloading https://repo.spring.io/snapshot/org/springframework/boot/spring-boot-reactor-netty/4.0.1-SNAPSHOT/spring-boot-reactor-netty-4.0.1-20251125.154028-22.jar
2025-11-26 15:51:12,211 [BasicRepositoryConnector-repo.spring.io-0-0] INFO  o.e.m.c.i.e.AbstractTransferListenerAdapter - Downloaded https://repo.spring.io/snapshot/org/springframework/boot/spring-boot-reactor-netty/4.0.1-SNAPSHOT/spring-boot-reactor-netty-4.0.1-20251125.154028-22.jar
2025-11-26 15:51:12,227 [BasicRepositoryConnector-repo.spring.io-0-3] INFO  o.e.m.c.i.e.AbstractTransferListenerAdapter - Downloading https://repo.spring.io/snapshot/org/springframework/boot/spring-boot-netty/4.0.1-SNAPSHOT/spring-boot-netty-4.0.1-20251125.154028-22.jar
2025-11-26 15:51:12,238 [BasicRepositoryConnector-repo.spring.io-0-3] INFO  o.e.m.c.i.e.AbstractTransferListenerAdapter - Downloaded https://repo.spring.io/snapshot/org/springframework/boot/spring-boot-netty/4.0.1-SNAPSHOT/spring-boot-netty-4.0.1-20251125.154028-22.jar
2025-11-26 15:51:12,415 [BasicRepositoryConnector-repo.spring.io-0-1] INFO  o.e.m.c.i.e.AbstractTransferListenerAdapter - Downloading https://repo.spring.io/snapshot/org/springframework/boot/spring-boot-webflux/4.0.1-SNAPSHOT/spring-boot-webflux-4.0.1-20251125.154028-22.jar
2025-11-26 15:51:12,467 [BasicRepositoryConnector-repo.spring.io-0-0] INFO  o.e.m.c.i.e.AbstractTransferListenerAdapter - Downloading https://repo.spring.io/snapshot/org/springframework/boot/spring-boot-http-codec/4.0.1-SNAPSHOT/spring-boot-http-codec-4.0.1-20251125.154028-22.jar
2025-11-26 15:51:12,487 [BasicRepositoryConnector-repo.spring.io-0-3] INFO  o.e.m.c.i.e.AbstractTransferListenerAdapter - Downloading https://repo.spring.io/snapshot/org/springframework/boot/spring-boot-web-server/4.0.1-SNAPSHOT/spring-boot-web-server-4.0.1-20251125.154028-22.jar
2025-11-26 15:51:12,490 [BasicRepositoryConnector-repo.spring.io-0-0] INFO  o.e.m.c.i.e.AbstractTransferListenerAdapter - Downloaded https://repo.spring.io/snapshot/org/springframework/boot/spring-boot-http-codec/4.0.1-SNAPSHOT/spring-boot-http-codec-4.0.1-20251125.154028-22.jar
2025-11-26 15:51:12,659 [BasicRepositoryConnector-repo.spring.io-0-1] INFO  o.e.m.c.i.e.AbstractTransferListenerAdapter - Downloaded https://repo.spring.io/snapshot/org/springframework/boot/spring-boot-webflux/4.0.1-SNAPSHOT/spring-boot-webflux-4.0.1-20251125.154028-22.jar
2025-11-26 15:51:12,704 [BasicRepositoryConnector-repo.spring.io-0-4] INFO  o.e.m.c.i.e.AbstractTransferListenerAdapter - Downloading https://repo.spring.io/snapshot/org/springframework/boot/spring-boot/4.0.1-SNAPSHOT/spring-boot-4.0.1-20251125.154028-22.jar
2025-11-26 15:51:12,773 [BasicRepositoryConnector-repo.spring.io-0-0] INFO  o.e.m.c.i.e.AbstractTransferListenerAdapter - Downloading https://repo.spring.io/snapshot/org/springframework/boot/spring-boot-starter-data-mongodb-reactive-test/4.0.1-SNAPSHOT/spring-boot-starter-data-mongodb-reactive-test-4.0.1-20251125.154028-22.jar
2025-11-26 15:51:12,789 [BasicRepositoryConnector-repo.spring.io-0-0] INFO  o.e.m.c.i.e.AbstractTransferListenerAdapter - Downloaded https://repo.spring.io/snapshot/org/springframework/boot/spring-boot-starter-data-mongodb-reactive-test/4.0.1-SNAPSHOT/spring-boot-starter-data-mongodb-reactive-test-4.0.1-20251125.154028-22.jar
2025-11-26 15:51:12,833 [BasicRepositoryConnector-repo.spring.io-0-2] INFO  o.e.m.c.i.e.AbstractTransferListenerAdapter - Downloading https://repo.spring.io/snapshot/org/springframework/boot/spring-boot-autoconfigure/4.0.1-SNAPSHOT/spring-boot-autoconfigure-4.0.1-20251125.154028-22.jar
2025-11-26 15:51:12,898 [BasicRepositoryConnector-repo.spring.io-0-1] INFO  o.e.m.c.i.e.AbstractTransferListenerAdapter - Downloading https://repo.spring.io/snapshot/org/springframework/boot/spring-boot-starter-test/4.0.1-SNAPSHOT/spring-boot-starter-test-4.0.1-20251125.154028-22.jar
2025-11-26 15:51:12,914 [BasicRepositoryConnector-repo.spring.io-0-1] INFO  o.e.m.c.i.e.AbstractTransferListenerAdapter - Downloaded https://repo.spring.io/snapshot/org/springframework/boot/spring-boot-starter-test/4.0.1-SNAPSHOT/spring-boot-starter-test-4.0.1-20251125.154028-22.jar
2025-11-26 15:51:12,981 [BasicRepositoryConnector-repo.spring.io-0-3] INFO  o.e.m.c.i.e.AbstractTransferListenerAdapter - Downloaded https://repo.spring.io/snapshot/org/springframework/boot/spring-boot-web-server/4.0.1-SNAPSHOT/spring-boot-web-server-4.0.1-20251125.154028-22.jar
2025-11-26 15:51:13,155 [BasicRepositoryConnector-repo.spring.io-0-1] INFO  o.e.m.c.i.e.AbstractTransferListenerAdapter - Downloading https://repo.spring.io/snapshot/org/springframework/boot/spring-boot-test-autoconfigure/4.0.1-SNAPSHOT/spring-boot-test-autoconfigure-4.0.1-20251125.154028-22.jar
2025-11-26 15:51:13,170 [BasicRepositoryConnector-repo.spring.io-0-1] INFO  o.e.m.c.i.e.AbstractTransferListenerAdapter - Downloaded https://repo.spring.io/snapshot/org/springframework/boot/spring-boot-test-autoconfigure/4.0.1-SNAPSHOT/spring-boot-test-autoconfigure-4.0.1-20251125.154028-22.jar
2025-11-26 15:51:13,232 [BasicRepositoryConnector-repo.spring.io-0-3] INFO  o.e.m.c.i.e.AbstractTransferListenerAdapter - Downloading https://repo.spring.io/snapshot/org/springframework/boot/spring-boot-data-mongodb-test/4.0.1-SNAPSHOT/spring-boot-data-mongodb-test-4.0.1-20251125.154028-22.jar
2025-11-26 15:51:13,259 [BasicRepositoryConnector-repo.spring.io-0-3] INFO  o.e.m.c.i.e.AbstractTransferListenerAdapter - Downloaded https://repo.spring.io/snapshot/org/springframework/boot/spring-boot-data-mongodb-test/4.0.1-SNAPSHOT/spring-boot-data-mongodb-test-4.0.1-20251125.154028-22.jar
2025-11-26 15:51:13,418 [BasicRepositoryConnector-repo.spring.io-0-1] INFO  o.e.m.c.i.e.AbstractTransferListenerAdapter - Downloading https://repo.spring.io/snapshot/org/springframework/boot/spring-boot-starter-webflux-test/4.0.1-SNAPSHOT/spring-boot-starter-webflux-test-4.0.1-20251125.154028-22.jar
2025-11-26 15:51:13,426 [BasicRepositoryConnector-repo.spring.io-0-1] INFO  o.e.m.c.i.e.AbstractTransferListenerAdapter - Downloaded https://repo.spring.io/snapshot/org/springframework/boot/spring-boot-starter-webflux-test/4.0.1-SNAPSHOT/spring-boot-starter-webflux-test-4.0.1-20251125.154028-22.jar
2025-11-26 15:51:13,531 [BasicRepositoryConnector-repo.spring.io-0-3] INFO  o.e.m.c.i.e.AbstractTransferListenerAdapter - Downloading https://repo.spring.io/snapshot/org/springframework/boot/spring-boot-starter-jackson-test/4.0.1-SNAPSHOT/spring-boot-starter-jackson-test-4.0.1-20251125.154028-22.jar
2025-11-26 15:51:13,541 [BasicRepositoryConnector-repo.spring.io-0-3] INFO  o.e.m.c.i.e.AbstractTransferListenerAdapter - Downloaded https://repo.spring.io/snapshot/org/springframework/boot/spring-boot-starter-jackson-test/4.0.1-SNAPSHOT/spring-boot-starter-jackson-test-4.0.1-20251125.154028-22.jar
2025-11-26 15:51:13,665 [BasicRepositoryConnector-repo.spring.io-0-1] INFO  o.e.m.c.i.e.AbstractTransferListenerAdapter - Downloading https://repo.spring.io/snapshot/org/springframework/boot/spring-boot-webflux-test/4.0.1-SNAPSHOT/spring-boot-webflux-test-4.0.1-20251125.154028-22.jar
2025-11-26 15:51:13,677 [BasicRepositoryConnector-repo.spring.io-0-1] INFO  o.e.m.c.i.e.AbstractTransferListenerAdapter - Downloaded https://repo.spring.io/snapshot/org/springframework/boot/spring-boot-webflux-test/4.0.1-SNAPSHOT/spring-boot-webflux-test-4.0.1-20251125.154028-22.jar
2025-11-26 15:51:13,804 [BasicRepositoryConnector-repo.spring.io-0-3] INFO  o.e.m.c.i.e.AbstractTransferListenerAdapter - Downloading https://repo.spring.io/snapshot/org/springframework/boot/spring-boot-webtestclient/4.0.1-SNAPSHOT/spring-boot-webtestclient-4.0.1-20251125.154028-22.jar
2025-11-26 15:51:13,815 [BasicRepositoryConnector-repo.spring.io-0-3] INFO  o.e.m.c.i.e.AbstractTransferListenerAdapter - Downloaded https://repo.spring.io/snapshot/org/springframework/boot/spring-boot-webtestclient/4.0.1-SNAPSHOT/spring-boot-webtestclient-4.0.1-20251125.154028-22.jar
2025-11-26 15:51:13,922 [BasicRepositoryConnector-repo.spring.io-0-2] INFO  o.e.m.c.i.e.AbstractTransferListenerAdapter - Downloaded https://repo.spring.io/snapshot/org/springframework/boot/spring-boot-autoconfigure/4.0.1-SNAPSHOT/spring-boot-autoconfigure-4.0.1-20251125.154028-22.jar
2025-11-26 15:51:14,000 [BasicRepositoryConnector-repo.spring.io-0-0] INFO  o.e.m.c.i.e.AbstractTransferListenerAdapter - Downloading https://repo.spring.io/snapshot/org/springframework/boot/spring-boot-test/4.0.1-SNAPSHOT/spring-boot-test-4.0.1-20251125.154028-22.jar
2025-11-26 15:51:14,666 [BasicRepositoryConnector-repo.spring.io-0-4] INFO  o.e.m.c.i.e.AbstractTransferListenerAdapter - Downloaded https://repo.spring.io/snapshot/org/springframework/boot/spring-boot/4.0.1-SNAPSHOT/spring-boot-4.0.1-20251125.154028-22.jar
2025-11-26 15:51:15,098 [BasicRepositoryConnector-repo.spring.io-0-0] INFO  o.e.m.c.i.e.AbstractTransferListenerAdapter - Downloaded https://repo.spring.io/snapshot/org/springframework/boot/spring-boot-test/4.0.1-SNAPSHOT/spring-boot-test-4.0.1-20251125.154028-22.jar
2025-11-26 20:15:19,376 [Worker-6: Loading available Gradle versions] INFO  o.e.b.c.i.u.g.PublishedGradleVersions - Gradle version information cache is up-to-date. Trying to read.
2025-11-26 20:17:22,609 [SonarLint Client RPC request executor] WARN  o.e.m.c.i.embedder.EclipseLogger - The artifact mysql:mysql-connector-java:jar:8.0.33 has been relocated to com.mysql:mysql-connector-j:jar:8.0.33: MySQL Connector/J artifacts moved to reverse-DNS compliant Maven 2+ coordinates.
2025-11-26 20:38:21,790 [Worker-42: Launching Boot4FlighBookingWebFluxMongoDbApplication] INFO  o.a.m.s.f.DefaultMavenResourcesFiltering - Copying 1 resource from src\main\resources to target\classes
2025-11-26 20:38:21,850 [Worker-42: Launching Boot4FlighBookingWebFluxMongoDbApplication] INFO  o.a.m.s.f.DefaultMavenResourcesFiltering - Copying 0 resource from src\main\resources to target\classes
2025-11-26 20:38:21,862 [Worker-42: Launching Boot4FlighBookingWebFluxMongoDbApplication] INFO  o.a.m.s.f.DefaultMavenResourcesFiltering - skip non existing resourceDirectory C:\Users\syeds\OneDrive\Documents\Desktop\CHUBB\Boot4_FlighBookingWebFluxMongoDB\src\test\resources
2025-11-26 20:40:59,396 [Worker-40: Launching Boot4FlighBookingWebFluxMongoDbApplication] INFO  o.a.m.s.f.DefaultMavenResourcesFiltering - Copying 1 resource from src\main\resources to target\classes
2025-11-26 20:40:59,439 [Worker-40: Launching Boot4FlighBookingWebFluxMongoDbApplication] INFO  o.a.m.s.f.DefaultMavenResourcesFiltering - Copying 0 resource from src\main\resources to target\classes
2025-11-26 20:40:59,453 [Worker-40: Launching Boot4FlighBookingWebFluxMongoDbApplication] INFO  o.a.m.s.f.DefaultMavenResourcesFiltering - skip non existing resourceDirectory C:\Users\syeds\OneDrive\Documents\Desktop\CHUBB\Boot4_FlighBookingWebFluxMongoDB\src\test\resources
2025-11-26 20:42:10,632 [Worker-42: Launching FlightServiceTest] INFO  o.a.m.s.f.DefaultMavenResourcesFiltering - Copying 0 resource from src\main\resources to target\classes
2025-11-26 20:42:10,634 [Worker-42: Launching FlightServiceTest] INFO  o.a.m.s.f.DefaultMavenResourcesFiltering - Copying 0 resource from src\main\resources to target\classes
2025-11-26 20:42:10,642 [Worker-42: Launching FlightServiceTest] INFO  o.a.m.s.f.DefaultMavenResourcesFiltering - skip non existing resourceDirectory C:\Users\syeds\OneDrive\Documents\Desktop\CHUBB\Boot4_FlighBookingWebFluxMongoDB\src\test\resources
2025-11-26 20:47:03,440 [Worker-48: Launching Boot4FlighBookingWebFluxMongoDbApplication] INFO  o.a.m.s.f.DefaultMavenResourcesFiltering - Copying 1 resource from src\main\resources to target\classes
2025-11-26 20:47:03,532 [Worker-48: Launching Boot4FlighBookingWebFluxMongoDbApplication] INFO  o.a.m.s.f.DefaultMavenResourcesFiltering - Copying 0 resource from src\main\resources to target\classes
2025-11-26 20:47:03,543 [Worker-48: Launching Boot4FlighBookingWebFluxMongoDbApplication] INFO  o.a.m.s.f.DefaultMavenResourcesFiltering - skip non existing resourceDirectory C:\Users\syeds\OneDrive\Documents\Desktop\CHUBB\Boot4_FlighBookingWebFluxMongoDB\src\test\resources
2025-11-26 20:54:54,126 [Worker-51: Launching Boot4FlighBookingWebFluxMongoDbApplication] INFO  o.a.m.s.f.DefaultMavenResourcesFiltering - Copying 1 resource from src\main\resources to target\classes
2025-11-26 20:54:54,133 [Worker-51: Launching Boot4FlighBookingWebFluxMongoDbApplication] INFO  o.a.m.s.f.DefaultMavenResourcesFiltering - Copying 0 resource from src\main\resources to target\classes
2025-11-26 20:54:54,139 [Worker-51: Launching Boot4FlighBookingWebFluxMongoDbApplication] INFO  o.a.m.s.f.DefaultMavenResourcesFiltering - skip non existing resourceDirectory C:\Users\syeds\OneDrive\Documents\Desktop\CHUBB\Boot4_FlighBookingWebFluxMongoDB\src\test\resources
2025-11-26 20:57:30,731 [Worker-51: Launching Boot4FlighBookingWebFluxMongoDbApplication] INFO  o.a.m.s.f.DefaultMavenResourcesFiltering - Copying 1 resource from src\main\resources to target\classes
2025-11-26 20:57:30,775 [Worker-51: Launching Boot4FlighBookingWebFluxMongoDbApplication] INFO  o.a.m.s.f.DefaultMavenResourcesFiltering - Copying 0 resource from src\main\resources to target\classes
2025-11-26 20:57:30,782 [Worker-51: Launching Boot4FlighBookingWebFluxMongoDbApplication] INFO  o.a.m.s.f.DefaultMavenResourcesFiltering - skip non existing resourceDirectory C:\Users\syeds\OneDrive\Documents\Desktop\CHUBB\Boot4_FlighBookingWebFluxMongoDB\src\test\resources
2025-11-26 20:58:26,983 [Worker-53: Launching Boot4FlighBookingWebFluxMongoDbApplication] INFO  o.a.m.s.f.DefaultMavenResourcesFiltering - Copying 0 resource from src\main\resources to target\classes
2025-11-26 20:58:26,986 [Worker-53: Launching Boot4FlighBookingWebFluxMongoDbApplication] INFO  o.a.m.s.f.DefaultMavenResourcesFiltering - Copying 0 resource from src\main\resources to target\classes
2025-11-26 20:58:26,994 [Worker-53: Launching Boot4FlighBookingWebFluxMongoDbApplication] INFO  o.a.m.s.f.DefaultMavenResourcesFiltering - skip non existing resourceDirectory C:\Users\syeds\OneDrive\Documents\Desktop\CHUBB\Boot4_FlighBookingWebFluxMongoDB\src\test\resources
2025-11-26 21:01:34,966 [Worker-51: Launching Boot4FlighBookingWebFluxMongoDbApplication] INFO  o.a.m.s.f.DefaultMavenResourcesFiltering - Copying 1 resource from src\main\resources to target\classes
2025-11-26 21:01:34,980 [Worker-51: Launching Boot4FlighBookingWebFluxMongoDbApplication] INFO  o.a.m.s.f.DefaultMavenResourcesFiltering - Copying 0 resource from src\main\resources to target\classes
2025-11-26 21:01:34,984 [Worker-51: Launching Boot4FlighBookingWebFluxMongoDbApplication] INFO  o.a.m.s.f.DefaultMavenResourcesFiltering - skip non existing resourceDirectory C:\Users\syeds\OneDrive\Documents\Desktop\CHUBB\Boot4_FlighBookingWebFluxMongoDB\src\test\resources
2025-11-26 21:03:14,282 [Worker-55: Launching Boot4FlighBookingWebFluxMongoDbApplication] INFO  o.a.m.s.f.DefaultMavenResourcesFiltering - Copying 1 resource from src\main\resources to target\classes
2025-11-26 21:03:14,288 [Worker-55: Launching Boot4FlighBookingWebFluxMongoDbApplication] INFO  o.a.m.s.f.DefaultMavenResourcesFiltering - Copying 0 resource from src\main\resources to target\classes
2025-11-26 21:03:14,292 [Worker-55: Launching Boot4FlighBookingWebFluxMongoDbApplication] INFO  o.a.m.s.f.DefaultMavenResourcesFiltering - skip non existing resourceDirectory C:\Users\syeds\OneDrive\Documents\Desktop\CHUBB\Boot4_FlighBookingWebFluxMongoDB\src\test\resources
2025-11-26 21:05:54,572 [Worker-40: Launching Boot4FlighBookingWebFluxMongoDbApplication] INFO  o.a.m.s.f.DefaultMavenResourcesFiltering - Copying 1 resource from src\main\resources to target\classes
2025-11-26 21:05:54,579 [Worker-40: Launching Boot4FlighBookingWebFluxMongoDbApplication] INFO  o.a.m.s.f.DefaultMavenResourcesFiltering - Copying 0 resource from src\main\resources to target\classes
2025-11-26 21:05:54,582 [Worker-40: Launching Boot4FlighBookingWebFluxMongoDbApplication] INFO  o.a.m.s.f.DefaultMavenResourcesFiltering - skip non existing resourceDirectory C:\Users\syeds\OneDrive\Documents\Desktop\CHUBB\Boot4_FlighBookingWebFluxMongoDB\src\test\resources
2025-11-26 21:08:20,594 [Worker-62: Launching Boot4FlighBookingWebFluxMongoDbApplication] INFO  o.a.m.s.f.DefaultMavenResourcesFiltering - Copying 1 resource from src\main\resources to target\classes
2025-11-26 21:08:20,607 [Worker-62: Launching Boot4FlighBookingWebFluxMongoDbApplication] INFO  o.a.m.s.f.DefaultMavenResourcesFiltering - Copying 0 resource from src\main\resources to target\classes
2025-11-26 21:08:20,611 [Worker-62: Launching Boot4FlighBookingWebFluxMongoDbApplication] INFO  o.a.m.s.f.DefaultMavenResourcesFiltering - skip non existing resourceDirectory C:\Users\syeds\OneDrive\Documents\Desktop\CHUBB\Boot4_FlighBookingWebFluxMongoDB\src\test\resources
2025-11-26 21:26:33,886 [Worker-70: Launching Boot4FlighBookingWebFluxMongoDbApplication] INFO  o.a.m.s.f.DefaultMavenResourcesFiltering - Copying 1 resource from src\main\resources to target\classes
2025-11-26 21:26:33,892 [Worker-70: Launching Boot4FlighBookingWebFluxMongoDbApplication] INFO  o.a.m.s.f.DefaultMavenResourcesFiltering - Copying 0 resource from src\main\resources to target\classes
2025-11-26 21:26:33,895 [Worker-70: Launching Boot4FlighBookingWebFluxMongoDbApplication] INFO  o.a.m.s.f.DefaultMavenResourcesFiltering - skip non existing resourceDirectory C:\Users\syeds\OneDrive\Documents\Desktop\CHUBB\Boot4_FlighBookingWebFluxMongoDB\src\test\resources
2025-11-26 21:32:23,644 [Worker-70: Launching Boot4FlighBookingWebFluxMongoDbApplication] INFO  o.a.m.s.f.DefaultMavenResourcesFiltering - Copying 1 resource from src\main\resources to target\classes
2025-11-26 21:32:23,653 [Worker-70: Launching Boot4FlighBookingWebFluxMongoDbApplication] INFO  o.a.m.s.f.DefaultMavenResourcesFiltering - Copying 0 resource from src\main\resources to target\classes
2025-11-26 21:32:23,658 [Worker-70: Launching Boot4FlighBookingWebFluxMongoDbApplication] INFO  o.a.m.s.f.DefaultMavenResourcesFiltering - skip non existing resourceDirectory C:\Users\syeds\OneDrive\Documents\Desktop\CHUBB\Boot4_FlighBookingWebFluxMongoDB\src\test\resources
2025-11-27 16:40:20,647 [Worker-4: Loading available Gradle versions] INFO  o.e.b.c.i.u.g.PublishedGradleVersions - Gradle version information cache is out-of-date. Trying to update.
2025-11-27 16:42:33,890 [SonarLint Client RPC request executor] WARN  o.e.m.c.i.embedder.EclipseLogger - The artifact mysql:mysql-connector-java:jar:8.0.33 has been relocated to com.mysql:mysql-connector-j:jar:8.0.33: MySQL Connector/J artifacts moved to reverse-DNS compliant Maven 2+ coordinates.
2025-11-27 17:02:53,456 [Worker-6: Loading available Gradle versions] INFO  o.e.b.c.i.u.g.PublishedGradleVersions - Gradle version information cache is up-to-date. Trying to read.
2025-11-27 17:03:15,774 [SonarLint Client RPC request executor] WARN  o.e.m.c.i.embedder.EclipseLogger - The artifact mysql:mysql-connector-java:jar:8.0.33 has been relocated to com.mysql:mysql-connector-j:jar:8.0.33: MySQL Connector/J artifacts moved to reverse-DNS compliant Maven 2+ coordinates.
2025-11-27 17:06:38,679 [Worker-7: Loading available Gradle versions] INFO  o.e.b.c.i.u.g.PublishedGradleVersions - Gradle version information cache is up-to-date. Trying to read.
2025-11-27 17:06:55,197 [SonarLint Client RPC request executor] WARN  o.e.m.c.i.embedder.EclipseLogger - The artifact mysql:mysql-connector-java:jar:8.0.33 has been relocated to com.mysql:mysql-connector-j:jar:8.0.33: MySQL Connector/J artifacts moved to reverse-DNS compliant Maven 2+ coordinates.
2025-11-27 17:07:05,479 [SonarLint Client RPC request executor] INFO  o.e.m.c.i.e.AbstractTransferListenerAdapter - Downloading https://repo.spring.io/snapshot/org/springframework/boot/spring-boot-starter-parent/4.0.1-SNAPSHOT/maven-metadata.xml
2025-11-27 17:07:05,495 [SonarLint Client RPC request executor] INFO  o.e.m.c.i.e.AbstractTransferListenerAdapter - Downloaded https://repo.spring.io/snapshot/org/springframework/boot/spring-boot-starter-parent/4.0.1-SNAPSHOT/maven-metadata.xml
2025-11-27 17:07:05,769 [SonarLint Client RPC request executor] INFO  o.e.m.c.i.e.AbstractTransferListenerAdapter - Downloading https://repo.spring.io/snapshot/org/springframework/boot/spring-boot-starter-parent/4.0.1-SNAPSHOT/spring-boot-starter-parent-4.0.1-20251127.092130-27.pom
2025-11-27 17:07:06,022 [SonarLint Client RPC request executor] INFO  o.e.m.c.i.e.AbstractTransferListenerAdapter - Downloaded https://repo.spring.io/snapshot/org/springframework/boot/spring-boot-starter-parent/4.0.1-SNAPSHOT/spring-boot-starter-parent-4.0.1-20251127.092130-27.pom
2025-11-27 17:07:06,315 [SonarLint Client RPC request executor] INFO  o.e.m.c.i.e.AbstractTransferListenerAdapter - Downloading https://repo.spring.io/snapshot/org/springframework/boot/spring-boot-dependencies/4.0.1-SNAPSHOT/maven-metadata.xml
2025-11-27 17:07:06,324 [SonarLint Client RPC request executor] INFO  o.e.m.c.i.e.AbstractTransferListenerAdapter - Downloaded https://repo.spring.io/snapshot/org/springframework/boot/spring-boot-dependencies/4.0.1-SNAPSHOT/maven-metadata.xml
2025-11-27 17:07:06,605 [SonarLint Client RPC request executor] INFO  o.e.m.c.i.e.AbstractTransferListenerAdapter - Downloading https://repo.spring.io/snapshot/org/springframework/boot/spring-boot-dependencies/4.0.1-SNAPSHOT/spring-boot-dependencies-4.0.1-20251127.092130-27.pom
2025-11-27 17:07:07,129 [SonarLint Client RPC request executor] INFO  o.e.m.c.i.e.AbstractTransferListenerAdapter - Downloaded https://repo.spring.io/snapshot/org/springframework/boot/spring-boot-dependencies/4.0.1-SNAPSHOT/spring-boot-dependencies-4.0.1-20251127.092130-27.pom
2025-11-27 17:07:07,673 [SonarLint Client RPC request executor] INFO  o.e.m.c.i.e.AbstractTransferListenerAdapter - Downloading https://repo.spring.io/snapshot/org/springframework/boot/spring-boot-starter-data-mongodb-reactive/4.0.1-SNAPSHOT/maven-metadata.xml
2025-11-27 17:07:07,684 [SonarLint Client RPC request executor] INFO  o.e.m.c.i.e.AbstractTransferListenerAdapter - Downloaded https://repo.spring.io/snapshot/org/springframework/boot/spring-boot-starter-data-mongodb-reactive/4.0.1-SNAPSHOT/maven-metadata.xml
2025-11-27 17:07:07,952 [SonarLint Client RPC request executor] INFO  o.e.m.c.i.e.AbstractTransferListenerAdapter - Downloading https://repo.spring.io/snapshot/org/springframework/boot/spring-boot-starter-data-mongodb-reactive/4.0.1-SNAPSHOT/spring-boot-starter-data-mongodb-reactive-4.0.1-20251127.092130-27.pom
2025-11-27 17:07:07,963 [SonarLint Client RPC request executor] INFO  o.e.m.c.i.e.AbstractTransferListenerAdapter - Downloaded https://repo.spring.io/snapshot/org/springframework/boot/spring-boot-starter-data-mongodb-reactive/4.0.1-SNAPSHOT/spring-boot-starter-data-mongodb-reactive-4.0.1-20251127.092130-27.pom
2025-11-27 17:07:08,240 [SonarLint Client RPC request executor] INFO  o.e.m.c.i.e.AbstractTransferListenerAdapter - Downloading https://repo.spring.io/snapshot/org/springframework/boot/spring-boot-starter-mongodb/4.0.1-SNAPSHOT/maven-metadata.xml
2025-11-27 17:07:08,260 [SonarLint Client RPC request executor] INFO  o.e.m.c.i.e.AbstractTransferListenerAdapter - Downloaded https://repo.spring.io/snapshot/org/springframework/boot/spring-boot-starter-mongodb/4.0.1-SNAPSHOT/maven-metadata.xml
2025-11-27 17:07:08,545 [SonarLint Client RPC request executor] INFO  o.e.m.c.i.e.AbstractTransferListenerAdapter - Downloading https://repo.spring.io/snapshot/org/springframework/boot/spring-boot-starter-mongodb/4.0.1-SNAPSHOT/spring-boot-starter-mongodb-4.0.1-20251127.092130-27.pom
2025-11-27 17:07:08,556 [SonarLint Client RPC request executor] INFO  o.e.m.c.i.e.AbstractTransferListenerAdapter - Downloaded https://repo.spring.io/snapshot/org/springframework/boot/spring-boot-starter-mongodb/4.0.1-SNAPSHOT/spring-boot-starter-mongodb-4.0.1-20251127.092130-27.pom
2025-11-27 17:07:08,840 [SonarLint Client RPC request executor] INFO  o.e.m.c.i.e.AbstractTransferListenerAdapter - Downloading https://repo.spring.io/snapshot/org/springframework/boot/spring-boot-starter/4.0.1-SNAPSHOT/maven-metadata.xml
2025-11-27 17:07:08,847 [SonarLint Client RPC request executor] INFO  o.e.m.c.i.e.AbstractTransferListenerAdapter - Downloaded https://repo.spring.io/snapshot/org/springframework/boot/spring-boot-starter/4.0.1-SNAPSHOT/maven-metadata.xml
2025-11-27 17:07:09,121 [SonarLint Client RPC request executor] INFO  o.e.m.c.i.e.AbstractTransferListenerAdapter - Downloading https://repo.spring.io/snapshot/org/springframework/boot/spring-boot-starter/4.0.1-SNAPSHOT/spring-boot-starter-4.0.1-20251127.092130-27.pom
2025-11-27 17:07:09,131 [SonarLint Client RPC request executor] INFO  o.e.m.c.i.e.AbstractTransferListenerAdapter - Downloaded https://repo.spring.io/snapshot/org/springframework/boot/spring-boot-starter/4.0.1-SNAPSHOT/spring-boot-starter-4.0.1-20251127.092130-27.pom
2025-11-27 17:07:09,417 [SonarLint Client RPC request executor] INFO  o.e.m.c.i.e.AbstractTransferListenerAdapter - Downloading https://repo.spring.io/snapshot/org/springframework/boot/spring-boot-starter-logging/4.0.1-SNAPSHOT/maven-metadata.xml
2025-11-27 17:07:09,441 [SonarLint Client RPC request executor] INFO  o.e.m.c.i.e.AbstractTransferListenerAdapter - Downloaded https://repo.spring.io/snapshot/org/springframework/boot/spring-boot-starter-logging/4.0.1-SNAPSHOT/maven-metadata.xml
2025-11-27 17:07:09,738 [SonarLint Client RPC request executor] INFO  o.e.m.c.i.e.AbstractTransferListenerAdapter - Downloading https://repo.spring.io/snapshot/org/springframework/boot/spring-boot-starter-logging/4.0.1-SNAPSHOT/spring-boot-starter-logging-4.0.1-20251127.092130-27.pom
2025-11-27 17:07:09,747 [SonarLint Client RPC request executor] INFO  o.e.m.c.i.e.AbstractTransferListenerAdapter - Downloaded https://repo.spring.io/snapshot/org/springframework/boot/spring-boot-starter-logging/4.0.1-SNAPSHOT/spring-boot-starter-logging-4.0.1-20251127.092130-27.pom
2025-11-27 17:07:10,058 [SonarLint Client RPC request executor] INFO  o.e.m.c.i.e.AbstractTransferListenerAdapter - Downloading https://repo.spring.io/snapshot/org/springframework/boot/spring-boot-autoconfigure/4.0.1-SNAPSHOT/maven-metadata.xml
2025-11-27 17:07:10,063 [SonarLint Client RPC request executor] INFO  o.e.m.c.i.e.AbstractTransferListenerAdapter - Downloaded https://repo.spring.io/snapshot/org/springframework/boot/spring-boot-autoconfigure/4.0.1-SNAPSHOT/maven-metadata.xml
2025-11-27 17:07:10,329 [SonarLint Client RPC request executor] INFO  o.e.m.c.i.e.AbstractTransferListenerAdapter - Downloading https://repo.spring.io/snapshot/org/springframework/boot/spring-boot-autoconfigure/4.0.1-SNAPSHOT/spring-boot-autoconfigure-4.0.1-20251127.092130-27.pom
2025-11-27 17:07:10,338 [SonarLint Client RPC request executor] INFO  o.e.m.c.i.e.AbstractTransferListenerAdapter - Downloaded https://repo.spring.io/snapshot/org/springframework/boot/spring-boot-autoconfigure/4.0.1-SNAPSHOT/spring-boot-autoconfigure-4.0.1-20251127.092130-27.pom
2025-11-27 17:07:10,612 [SonarLint Client RPC request executor] INFO  o.e.m.c.i.e.AbstractTransferListenerAdapter - Downloading https://repo.spring.io/snapshot/org/springframework/boot/spring-boot/4.0.1-SNAPSHOT/maven-metadata.xml
2025-11-27 17:07:10,622 [SonarLint Client RPC request executor] INFO  o.e.m.c.i.e.AbstractTransferListenerAdapter - Downloaded https://repo.spring.io/snapshot/org/springframework/boot/spring-boot/4.0.1-SNAPSHOT/maven-metadata.xml
2025-11-27 17:07:10,890 [SonarLint Client RPC request executor] INFO  o.e.m.c.i.e.AbstractTransferListenerAdapter - Downloading https://repo.spring.io/snapshot/org/springframework/boot/spring-boot/4.0.1-SNAPSHOT/spring-boot-4.0.1-20251127.092130-27.pom
2025-11-27 17:07:10,901 [SonarLint Client RPC request executor] INFO  o.e.m.c.i.e.AbstractTransferListenerAdapter - Downloaded https://repo.spring.io/snapshot/org/springframework/boot/spring-boot/4.0.1-SNAPSHOT/spring-boot-4.0.1-20251127.092130-27.pom
2025-11-27 17:07:11,196 [SonarLint Client RPC request executor] INFO  o.e.m.c.i.e.AbstractTransferListenerAdapter - Downloading https://repo.spring.io/snapshot/org/springframework/boot/spring-boot-mongodb/4.0.1-SNAPSHOT/maven-metadata.xml
2025-11-27 17:07:11,208 [SonarLint Client RPC request executor] INFO  o.e.m.c.i.e.AbstractTransferListenerAdapter - Downloaded https://repo.spring.io/snapshot/org/springframework/boot/spring-boot-mongodb/4.0.1-SNAPSHOT/maven-metadata.xml
2025-11-27 17:07:11,487 [SonarLint Client RPC request executor] INFO  o.e.m.c.i.e.AbstractTransferListenerAdapter - Downloading https://repo.spring.io/snapshot/org/springframework/boot/spring-boot-mongodb/4.0.1-SNAPSHOT/spring-boot-mongodb-4.0.1-20251127.092130-27.pom
2025-11-27 17:07:11,499 [SonarLint Client RPC request executor] INFO  o.e.m.c.i.e.AbstractTransferListenerAdapter - Downloaded https://repo.spring.io/snapshot/org/springframework/boot/spring-boot-mongodb/4.0.1-SNAPSHOT/spring-boot-mongodb-4.0.1-20251127.092130-27.pom
2025-11-27 17:07:11,832 [SonarLint Client RPC request executor] INFO  o.e.m.c.i.e.AbstractTransferListenerAdapter - Downloading https://repo.spring.io/snapshot/org/springframework/boot/spring-boot-data-mongodb/4.0.1-SNAPSHOT/maven-metadata.xml
2025-11-27 17:07:11,840 [SonarLint Client RPC request executor] INFO  o.e.m.c.i.e.AbstractTransferListenerAdapter - Downloaded https://repo.spring.io/snapshot/org/springframework/boot/spring-boot-data-mongodb/4.0.1-SNAPSHOT/maven-metadata.xml
2025-11-27 17:07:12,116 [SonarLint Client RPC request executor] INFO  o.e.m.c.i.e.AbstractTransferListenerAdapter - Downloading https://repo.spring.io/snapshot/org/springframework/boot/spring-boot-data-mongodb/4.0.1-SNAPSHOT/spring-boot-data-mongodb-4.0.1-20251127.092130-27.pom
2025-11-27 17:07:12,126 [SonarLint Client RPC request executor] INFO  o.e.m.c.i.e.AbstractTransferListenerAdapter - Downloaded https://repo.spring.io/snapshot/org/springframework/boot/spring-boot-data-mongodb/4.0.1-SNAPSHOT/spring-boot-data-mongodb-4.0.1-20251127.092130-27.pom
2025-11-27 17:07:12,422 [SonarLint Client RPC request executor] INFO  o.e.m.c.i.e.AbstractTransferListenerAdapter - Downloading https://repo.spring.io/snapshot/org/springframework/boot/spring-boot-data-commons/4.0.1-SNAPSHOT/maven-metadata.xml
2025-11-27 17:07:12,432 [SonarLint Client RPC request executor] INFO  o.e.m.c.i.e.AbstractTransferListenerAdapter - Downloaded https://repo.spring.io/snapshot/org/springframework/boot/spring-boot-data-commons/4.0.1-SNAPSHOT/maven-metadata.xml
2025-11-27 17:07:12,712 [SonarLint Client RPC request executor] INFO  o.e.m.c.i.e.AbstractTransferListenerAdapter - Downloading https://repo.spring.io/snapshot/org/springframework/boot/spring-boot-data-commons/4.0.1-SNAPSHOT/spring-boot-data-commons-4.0.1-20251127.092130-27.pom
2025-11-27 17:07:12,721 [SonarLint Client RPC request executor] INFO  o.e.m.c.i.e.AbstractTransferListenerAdapter - Downloaded https://repo.spring.io/snapshot/org/springframework/boot/spring-boot-data-commons/4.0.1-SNAPSHOT/spring-boot-data-commons-4.0.1-20251127.092130-27.pom
2025-11-27 17:07:12,998 [SonarLint Client RPC request executor] INFO  o.e.m.c.i.e.AbstractTransferListenerAdapter - Downloading https://repo.spring.io/snapshot/org/springframework/boot/spring-boot-persistence/4.0.1-SNAPSHOT/maven-metadata.xml
2025-11-27 17:07:13,005 [SonarLint Client RPC request executor] INFO  o.e.m.c.i.e.AbstractTransferListenerAdapter - Downloaded https://repo.spring.io/snapshot/org/springframework/boot/spring-boot-persistence/4.0.1-SNAPSHOT/maven-metadata.xml
2025-11-27 17:07:13,289 [SonarLint Client RPC request executor] INFO  o.e.m.c.i.e.AbstractTransferListenerAdapter - Downloading https://repo.spring.io/snapshot/org/springframework/boot/spring-boot-persistence/4.0.1-SNAPSHOT/spring-boot-persistence-4.0.1-20251127.092130-27.pom
2025-11-27 17:07:13,307 [SonarLint Client RPC request executor] INFO  o.e.m.c.i.e.AbstractTransferListenerAdapter - Downloaded https://repo.spring.io/snapshot/org/springframework/boot/spring-boot-persistence/4.0.1-SNAPSHOT/spring-boot-persistence-4.0.1-20251127.092130-27.pom
2025-11-27 17:07:13,623 [SonarLint Client RPC request executor] INFO  o.e.m.c.i.e.AbstractTransferListenerAdapter - Downloading https://repo.spring.io/snapshot/org/springframework/boot/spring-boot-transaction/4.0.1-SNAPSHOT/maven-metadata.xml
2025-11-27 17:07:13,633 [SonarLint Client RPC request executor] INFO  o.e.m.c.i.e.AbstractTransferListenerAdapter - Downloaded https://repo.spring.io/snapshot/org/springframework/boot/spring-boot-transaction/4.0.1-SNAPSHOT/maven-metadata.xml
2025-11-27 17:07:13,904 [SonarLint Client RPC request executor] INFO  o.e.m.c.i.e.AbstractTransferListenerAdapter - Downloading https://repo.spring.io/snapshot/org/springframework/boot/spring-boot-transaction/4.0.1-SNAPSHOT/spring-boot-transaction-4.0.1-20251127.092130-27.pom
2025-11-27 17:07:13,914 [SonarLint Client RPC request executor] INFO  o.e.m.c.i.e.AbstractTransferListenerAdapter - Downloaded https://repo.spring.io/snapshot/org/springframework/boot/spring-boot-transaction/4.0.1-SNAPSHOT/spring-boot-transaction-4.0.1-20251127.092130-27.pom
2025-11-27 17:07:14,214 [SonarLint Client RPC request executor] INFO  o.e.m.c.i.e.AbstractTransferListenerAdapter - Downloading https://repo.spring.io/snapshot/org/springframework/boot/spring-boot-reactor/4.0.1-SNAPSHOT/maven-metadata.xml
2025-11-27 17:07:14,221 [SonarLint Client RPC request executor] INFO  o.e.m.c.i.e.AbstractTransferListenerAdapter - Downloaded https://repo.spring.io/snapshot/org/springframework/boot/spring-boot-reactor/4.0.1-SNAPSHOT/maven-metadata.xml
2025-11-27 17:07:14,492 [SonarLint Client RPC request executor] INFO  o.e.m.c.i.e.AbstractTransferListenerAdapter - Downloading https://repo.spring.io/snapshot/org/springframework/boot/spring-boot-reactor/4.0.1-SNAPSHOT/spring-boot-reactor-4.0.1-20251127.092130-27.pom
2025-11-27 17:07:14,501 [SonarLint Client RPC request executor] INFO  o.e.m.c.i.e.AbstractTransferListenerAdapter - Downloaded https://repo.spring.io/snapshot/org/springframework/boot/spring-boot-reactor/4.0.1-SNAPSHOT/spring-boot-reactor-4.0.1-20251127.092130-27.pom
2025-11-27 17:07:14,799 [SonarLint Client RPC request executor] INFO  o.e.m.c.i.e.AbstractTransferListenerAdapter - Downloading https://repo.spring.io/snapshot/org/springframework/boot/spring-boot-starter-webflux/4.0.1-SNAPSHOT/maven-metadata.xml
2025-11-27 17:07:14,812 [SonarLint Client RPC request executor] INFO  o.e.m.c.i.e.AbstractTransferListenerAdapter - Downloaded https://repo.spring.io/snapshot/org/springframework/boot/spring-boot-starter-webflux/4.0.1-SNAPSHOT/maven-metadata.xml
2025-11-27 17:07:15,087 [SonarLint Client RPC request executor] INFO  o.e.m.c.i.e.AbstractTransferListenerAdapter - Downloading https://repo.spring.io/snapshot/org/springframework/boot/spring-boot-starter-webflux/4.0.1-SNAPSHOT/spring-boot-starter-webflux-4.0.1-20251127.092130-27.pom
2025-11-27 17:07:15,099 [SonarLint Client RPC request executor] INFO  o.e.m.c.i.e.AbstractTransferListenerAdapter - Downloaded https://repo.spring.io/snapshot/org/springframework/boot/spring-boot-starter-webflux/4.0.1-SNAPSHOT/spring-boot-starter-webflux-4.0.1-20251127.092130-27.pom
2025-11-27 17:07:15,392 [SonarLint Client RPC request executor] INFO  o.e.m.c.i.e.AbstractTransferListenerAdapter - Downloading https://repo.spring.io/snapshot/org/springframework/boot/spring-boot-starter-jackson/4.0.1-SNAPSHOT/maven-metadata.xml
2025-11-27 17:07:15,401 [SonarLint Client RPC request executor] INFO  o.e.m.c.i.e.AbstractTransferListenerAdapter - Downloaded https://repo.spring.io/snapshot/org/springframework/boot/spring-boot-starter-jackson/4.0.1-SNAPSHOT/maven-metadata.xml
2025-11-27 17:07:15,671 [SonarLint Client RPC request executor] INFO  o.e.m.c.i.e.AbstractTransferListenerAdapter - Downloading https://repo.spring.io/snapshot/org/springframework/boot/spring-boot-starter-jackson/4.0.1-SNAPSHOT/spring-boot-starter-jackson-4.0.1-20251127.092130-27.pom
2025-11-27 17:07:15,683 [SonarLint Client RPC request executor] INFO  o.e.m.c.i.e.AbstractTransferListenerAdapter - Downloaded https://repo.spring.io/snapshot/org/springframework/boot/spring-boot-starter-jackson/4.0.1-SNAPSHOT/spring-boot-starter-jackson-4.0.1-20251127.092130-27.pom
2025-11-27 17:07:15,978 [SonarLint Client RPC request executor] INFO  o.e.m.c.i.e.AbstractTransferListenerAdapter - Downloading https://repo.spring.io/snapshot/org/springframework/boot/spring-boot-jackson/4.0.1-SNAPSHOT/maven-metadata.xml
2025-11-27 17:07:15,982 [SonarLint Client RPC request executor] INFO  o.e.m.c.i.e.AbstractTransferListenerAdapter - Downloaded https://repo.spring.io/snapshot/org/springframework/boot/spring-boot-jackson/4.0.1-SNAPSHOT/maven-metadata.xml
2025-11-27 17:07:16,255 [SonarLint Client RPC request executor] INFO  o.e.m.c.i.e.AbstractTransferListenerAdapter - Downloading https://repo.spring.io/snapshot/org/springframework/boot/spring-boot-jackson/4.0.1-SNAPSHOT/spring-boot-jackson-4.0.1-20251127.092130-27.pom
2025-11-27 17:07:16,264 [SonarLint Client RPC request executor] INFO  o.e.m.c.i.e.AbstractTransferListenerAdapter - Downloaded https://repo.spring.io/snapshot/org/springframework/boot/spring-boot-jackson/4.0.1-SNAPSHOT/spring-boot-jackson-4.0.1-20251127.092130-27.pom
2025-11-27 17:07:16,561 [SonarLint Client RPC request executor] INFO  o.e.m.c.i.e.AbstractTransferListenerAdapter - Downloading https://repo.spring.io/snapshot/org/springframework/boot/spring-boot-starter-reactor-netty/4.0.1-SNAPSHOT/maven-metadata.xml
2025-11-27 17:07:16,566 [SonarLint Client RPC request executor] INFO  o.e.m.c.i.e.AbstractTransferListenerAdapter - Downloaded https://repo.spring.io/snapshot/org/springframework/boot/spring-boot-starter-reactor-netty/4.0.1-SNAPSHOT/maven-metadata.xml
2025-11-27 17:07:16,850 [SonarLint Client RPC request executor] INFO  o.e.m.c.i.e.AbstractTransferListenerAdapter - Downloading https://repo.spring.io/snapshot/org/springframework/boot/spring-boot-starter-reactor-netty/4.0.1-SNAPSHOT/spring-boot-starter-reactor-netty-4.0.1-20251127.092130-27.pom
2025-11-27 17:07:16,861 [SonarLint Client RPC request executor] INFO  o.e.m.c.i.e.AbstractTransferListenerAdapter - Downloaded https://repo.spring.io/snapshot/org/springframework/boot/spring-boot-starter-reactor-netty/4.0.1-SNAPSHOT/spring-boot-starter-reactor-netty-4.0.1-20251127.092130-27.pom
2025-11-27 17:07:17,135 [SonarLint Client RPC request executor] INFO  o.e.m.c.i.e.AbstractTransferListenerAdapter - Downloading https://repo.spring.io/snapshot/org/springframework/boot/spring-boot-reactor-netty/4.0.1-SNAPSHOT/maven-metadata.xml
2025-11-27 17:07:17,150 [SonarLint Client RPC request executor] INFO  o.e.m.c.i.e.AbstractTransferListenerAdapter - Downloaded https://repo.spring.io/snapshot/org/springframework/boot/spring-boot-reactor-netty/4.0.1-SNAPSHOT/maven-metadata.xml
2025-11-27 17:07:17,415 [SonarLint Client RPC request executor] INFO  o.e.m.c.i.e.AbstractTransferListenerAdapter - Downloading https://repo.spring.io/snapshot/org/springframework/boot/spring-boot-reactor-netty/4.0.1-SNAPSHOT/spring-boot-reactor-netty-4.0.1-20251127.092130-27.pom
2025-11-27 17:07:17,427 [SonarLint Client RPC request executor] INFO  o.e.m.c.i.e.AbstractTransferListenerAdapter - Downloaded https://repo.spring.io/snapshot/org/springframework/boot/spring-boot-reactor-netty/4.0.1-SNAPSHOT/spring-boot-reactor-netty-4.0.1-20251127.092130-27.pom
2025-11-27 17:07:17,717 [SonarLint Client RPC request executor] INFO  o.e.m.c.i.e.AbstractTransferListenerAdapter - Downloading https://repo.spring.io/snapshot/org/springframework/boot/spring-boot-web-server/4.0.1-SNAPSHOT/maven-metadata.xml
2025-11-27 17:07:17,726 [SonarLint Client RPC request executor] INFO  o.e.m.c.i.e.AbstractTransferListenerAdapter - Downloaded https://repo.spring.io/snapshot/org/springframework/boot/spring-boot-web-server/4.0.1-SNAPSHOT/maven-metadata.xml
2025-11-27 17:07:17,993 [SonarLint Client RPC request executor] INFO  o.e.m.c.i.e.AbstractTransferListenerAdapter - Downloading https://repo.spring.io/snapshot/org/springframework/boot/spring-boot-web-server/4.0.1-SNAPSHOT/spring-boot-web-server-4.0.1-20251127.092130-27.pom
2025-11-27 17:07:18,016 [SonarLint Client RPC request executor] INFO  o.e.m.c.i.e.AbstractTransferListenerAdapter - Downloaded https://repo.spring.io/snapshot/org/springframework/boot/spring-boot-web-server/4.0.1-SNAPSHOT/spring-boot-web-server-4.0.1-20251127.092130-27.pom
2025-11-27 17:07:18,362 [SonarLint Client RPC request executor] INFO  o.e.m.c.i.e.AbstractTransferListenerAdapter - Downloading https://repo.spring.io/snapshot/org/springframework/boot/spring-boot-netty/4.0.1-SNAPSHOT/maven-metadata.xml
2025-11-27 17:07:18,369 [SonarLint Client RPC request executor] INFO  o.e.m.c.i.e.AbstractTransferListenerAdapter - Downloaded https://repo.spring.io/snapshot/org/springframework/boot/spring-boot-netty/4.0.1-SNAPSHOT/maven-metadata.xml
2025-11-27 17:07:18,644 [SonarLint Client RPC request executor] INFO  o.e.m.c.i.e.AbstractTransferListenerAdapter - Downloading https://repo.spring.io/snapshot/org/springframework/boot/spring-boot-netty/4.0.1-SNAPSHOT/spring-boot-netty-4.0.1-20251127.092130-27.pom
2025-11-27 17:07:18,654 [SonarLint Client RPC request executor] INFO  o.e.m.c.i.e.AbstractTransferListenerAdapter - Downloaded https://repo.spring.io/snapshot/org/springframework/boot/spring-boot-netty/4.0.1-SNAPSHOT/spring-boot-netty-4.0.1-20251127.092130-27.pom
2025-11-27 17:07:18,936 [SonarLint Client RPC request executor] INFO  o.e.m.c.i.e.AbstractTransferListenerAdapter - Downloading https://repo.spring.io/snapshot/org/springframework/boot/spring-boot-webflux/4.0.1-SNAPSHOT/maven-metadata.xml
2025-11-27 17:07:18,946 [SonarLint Client RPC request executor] INFO  o.e.m.c.i.e.AbstractTransferListenerAdapter - Downloaded https://repo.spring.io/snapshot/org/springframework/boot/spring-boot-webflux/4.0.1-SNAPSHOT/maven-metadata.xml
2025-11-27 17:07:19,234 [SonarLint Client RPC request executor] INFO  o.e.m.c.i.e.AbstractTransferListenerAdapter - Downloading https://repo.spring.io/snapshot/org/springframework/boot/spring-boot-webflux/4.0.1-SNAPSHOT/spring-boot-webflux-4.0.1-20251127.092130-27.pom
2025-11-27 17:07:19,244 [SonarLint Client RPC request executor] INFO  o.e.m.c.i.e.AbstractTransferListenerAdapter - Downloaded https://repo.spring.io/snapshot/org/springframework/boot/spring-boot-webflux/4.0.1-SNAPSHOT/spring-boot-webflux-4.0.1-20251127.092130-27.pom
2025-11-27 17:07:19,519 [SonarLint Client RPC request executor] INFO  o.e.m.c.i.e.AbstractTransferListenerAdapter - Downloading https://repo.spring.io/snapshot/org/springframework/boot/spring-boot-http-codec/4.0.1-SNAPSHOT/maven-metadata.xml
2025-11-27 17:07:19,526 [SonarLint Client RPC request executor] INFO  o.e.m.c.i.e.AbstractTransferListenerAdapter - Downloaded https://repo.spring.io/snapshot/org/springframework/boot/spring-boot-http-codec/4.0.1-SNAPSHOT/maven-metadata.xml
2025-11-27 17:07:19,790 [SonarLint Client RPC request executor] INFO  o.e.m.c.i.e.AbstractTransferListenerAdapter - Downloading https://repo.spring.io/snapshot/org/springframework/boot/spring-boot-http-codec/4.0.1-SNAPSHOT/spring-boot-http-codec-4.0.1-20251127.092130-27.pom
2025-11-27 17:07:19,795 [SonarLint Client RPC request executor] INFO  o.e.m.c.i.e.AbstractTransferListenerAdapter - Downloaded https://repo.spring.io/snapshot/org/springframework/boot/spring-boot-http-codec/4.0.1-SNAPSHOT/spring-boot-http-codec-4.0.1-20251127.092130-27.pom
2025-11-27 17:07:20,121 [SonarLint Client RPC request executor] INFO  o.e.m.c.i.e.AbstractTransferListenerAdapter - Downloading https://repo.spring.io/snapshot/org/springframework/boot/spring-boot-starter-data-mongodb-reactive-test/4.0.1-SNAPSHOT/maven-metadata.xml
2025-11-27 17:07:20,136 [SonarLint Client RPC request executor] INFO  o.e.m.c.i.e.AbstractTransferListenerAdapter - Downloaded https://repo.spring.io/snapshot/org/springframework/boot/spring-boot-starter-data-mongodb-reactive-test/4.0.1-SNAPSHOT/maven-metadata.xml
2025-11-27 17:07:20,422 [SonarLint Client RPC request executor] INFO  o.e.m.c.i.e.AbstractTransferListenerAdapter - Downloading https://repo.spring.io/snapshot/org/springframework/boot/spring-boot-starter-data-mongodb-reactive-test/4.0.1-SNAPSHOT/spring-boot-starter-data-mongodb-reactive-test-4.0.1-20251127.092130-27.pom
2025-11-27 17:07:20,434 [SonarLint Client RPC request executor] INFO  o.e.m.c.i.e.AbstractTransferListenerAdapter - Downloaded https://repo.spring.io/snapshot/org/springframework/boot/spring-boot-starter-data-mongodb-reactive-test/4.0.1-SNAPSHOT/spring-boot-starter-data-mongodb-reactive-test-4.0.1-20251127.092130-27.pom
2025-11-27 17:07:20,712 [SonarLint Client RPC request executor] INFO  o.e.m.c.i.e.AbstractTransferListenerAdapter - Downloading https://repo.spring.io/snapshot/org/springframework/boot/spring-boot-starter-test/4.0.1-SNAPSHOT/maven-metadata.xml
2025-11-27 17:07:20,724 [SonarLint Client RPC request executor] INFO  o.e.m.c.i.e.AbstractTransferListenerAdapter - Downloaded https://repo.spring.io/snapshot/org/springframework/boot/spring-boot-starter-test/4.0.1-SNAPSHOT/maven-metadata.xml
2025-11-27 17:07:21,003 [SonarLint Client RPC request executor] INFO  o.e.m.c.i.e.AbstractTransferListenerAdapter - Downloading https://repo.spring.io/snapshot/org/springframework/boot/spring-boot-starter-test/4.0.1-SNAPSHOT/spring-boot-starter-test-4.0.1-20251127.092130-27.pom
2025-11-27 17:07:21,010 [SonarLint Client RPC request executor] INFO  o.e.m.c.i.e.AbstractTransferListenerAdapter - Downloaded https://repo.spring.io/snapshot/org/springframework/boot/spring-boot-starter-test/4.0.1-SNAPSHOT/spring-boot-starter-test-4.0.1-20251127.092130-27.pom
2025-11-27 17:07:21,283 [SonarLint Client RPC request executor] INFO  o.e.m.c.i.e.AbstractTransferListenerAdapter - Downloading https://repo.spring.io/snapshot/org/springframework/boot/spring-boot-test/4.0.1-SNAPSHOT/maven-metadata.xml
2025-11-27 17:07:21,293 [SonarLint Client RPC request executor] INFO  o.e.m.c.i.e.AbstractTransferListenerAdapter - Downloaded https://repo.spring.io/snapshot/org/springframework/boot/spring-boot-test/4.0.1-SNAPSHOT/maven-metadata.xml
2025-11-27 17:07:21,571 [SonarLint Client RPC request executor] INFO  o.e.m.c.i.e.AbstractTransferListenerAdapter - Downloading https://repo.spring.io/snapshot/org/springframework/boot/spring-boot-test/4.0.1-SNAPSHOT/spring-boot-test-4.0.1-20251127.092130-27.pom
2025-11-27 17:07:21,577 [SonarLint Client RPC request executor] INFO  o.e.m.c.i.e.AbstractTransferListenerAdapter - Downloaded https://repo.spring.io/snapshot/org/springframework/boot/spring-boot-test/4.0.1-SNAPSHOT/spring-boot-test-4.0.1-20251127.092130-27.pom
2025-11-27 17:07:21,852 [SonarLint Client RPC request executor] INFO  o.e.m.c.i.e.AbstractTransferListenerAdapter - Downloading https://repo.spring.io/snapshot/org/springframework/boot/spring-boot-test-autoconfigure/4.0.1-SNAPSHOT/maven-metadata.xml
2025-11-27 17:07:21,864 [SonarLint Client RPC request executor] INFO  o.e.m.c.i.e.AbstractTransferListenerAdapter - Downloaded https://repo.spring.io/snapshot/org/springframework/boot/spring-boot-test-autoconfigure/4.0.1-SNAPSHOT/maven-metadata.xml
2025-11-27 17:07:22,133 [SonarLint Client RPC request executor] INFO  o.e.m.c.i.e.AbstractTransferListenerAdapter - Downloading https://repo.spring.io/snapshot/org/springframework/boot/spring-boot-test-autoconfigure/4.0.1-SNAPSHOT/spring-boot-test-autoconfigure-4.0.1-20251127.092130-27.pom
2025-11-27 17:07:22,142 [SonarLint Client RPC request executor] INFO  o.e.m.c.i.e.AbstractTransferListenerAdapter - Downloaded https://repo.spring.io/snapshot/org/springframework/boot/spring-boot-test-autoconfigure/4.0.1-SNAPSHOT/spring-boot-test-autoconfigure-4.0.1-20251127.092130-27.pom
2025-11-27 17:07:22,457 [SonarLint Client RPC request executor] INFO  o.e.m.c.i.e.AbstractTransferListenerAdapter - Downloading https://repo.spring.io/snapshot/org/springframework/boot/spring-boot-data-mongodb-test/4.0.1-SNAPSHOT/maven-metadata.xml
2025-11-27 17:07:22,467 [SonarLint Client RPC request executor] INFO  o.e.m.c.i.e.AbstractTransferListenerAdapter - Downloaded https://repo.spring.io/snapshot/org/springframework/boot/spring-boot-data-mongodb-test/4.0.1-SNAPSHOT/maven-metadata.xml
2025-11-27 17:07:22,736 [SonarLint Client RPC request executor] INFO  o.e.m.c.i.e.AbstractTransferListenerAdapter - Downloading https://repo.spring.io/snapshot/org/springframework/boot/spring-boot-data-mongodb-test/4.0.1-SNAPSHOT/spring-boot-data-mongodb-test-4.0.1-20251127.092130-27.pom
2025-11-27 17:07:22,745 [SonarLint Client RPC request executor] INFO  o.e.m.c.i.e.AbstractTransferListenerAdapter - Downloaded https://repo.spring.io/snapshot/org/springframework/boot/spring-boot-data-mongodb-test/4.0.1-SNAPSHOT/spring-boot-data-mongodb-test-4.0.1-20251127.092130-27.pom
2025-11-27 17:07:23,032 [SonarLint Client RPC request executor] INFO  o.e.m.c.i.e.AbstractTransferListenerAdapter - Downloading https://repo.spring.io/snapshot/org/springframework/boot/spring-boot-starter-webflux-test/4.0.1-SNAPSHOT/maven-metadata.xml
2025-11-27 17:07:23,043 [SonarLint Client RPC request executor] INFO  o.e.m.c.i.e.AbstractTransferListenerAdapter - Downloaded https://repo.spring.io/snapshot/org/springframework/boot/spring-boot-starter-webflux-test/4.0.1-SNAPSHOT/maven-metadata.xml
2025-11-27 17:07:23,310 [SonarLint Client RPC request executor] INFO  o.e.m.c.i.e.AbstractTransferListenerAdapter - Downloading https://repo.spring.io/snapshot/org/springframework/boot/spring-boot-starter-webflux-test/4.0.1-SNAPSHOT/spring-boot-starter-webflux-test-4.0.1-20251127.092130-27.pom
2025-11-27 17:07:23,319 [SonarLint Client RPC request executor] INFO  o.e.m.c.i.e.AbstractTransferListenerAdapter - Downloaded https://repo.spring.io/snapshot/org/springframework/boot/spring-boot-starter-webflux-test/4.0.1-SNAPSHOT/spring-boot-starter-webflux-test-4.0.1-20251127.092130-27.pom
2025-11-27 17:07:23,593 [SonarLint Client RPC request executor] INFO  o.e.m.c.i.e.AbstractTransferListenerAdapter - Downloading https://repo.spring.io/snapshot/org/springframework/boot/spring-boot-starter-jackson-test/4.0.1-SNAPSHOT/maven-metadata.xml
2025-11-27 17:07:23,601 [SonarLint Client RPC request executor] INFO  o.e.m.c.i.e.AbstractTransferListenerAdapter - Downloaded https://repo.spring.io/snapshot/org/springframework/boot/spring-boot-starter-jackson-test/4.0.1-SNAPSHOT/maven-metadata.xml
2025-11-27 17:07:23,869 [SonarLint Client RPC request executor] INFO  o.e.m.c.i.e.AbstractTransferListenerAdapter - Downloading https://repo.spring.io/snapshot/org/springframework/boot/spring-boot-starter-jackson-test/4.0.1-SNAPSHOT/spring-boot-starter-jackson-test-4.0.1-20251127.092130-27.pom
2025-11-27 17:07:23,881 [SonarLint Client RPC request executor] INFO  o.e.m.c.i.e.AbstractTransferListenerAdapter - Downloaded https://repo.spring.io/snapshot/org/springframework/boot/spring-boot-starter-jackson-test/4.0.1-SNAPSHOT/spring-boot-starter-jackson-test-4.0.1-20251127.092130-27.pom
2025-11-27 17:07:24,162 [SonarLint Client RPC request executor] INFO  o.e.m.c.i.e.AbstractTransferListenerAdapter - Downloading https://repo.spring.io/snapshot/org/springframework/boot/spring-boot-webflux-test/4.0.1-SNAPSHOT/maven-metadata.xml
2025-11-27 17:07:24,170 [SonarLint Client RPC request executor] INFO  o.e.m.c.i.e.AbstractTransferListenerAdapter - Downloaded https://repo.spring.io/snapshot/org/springframework/boot/spring-boot-webflux-test/4.0.1-SNAPSHOT/maven-metadata.xml
2025-11-27 17:07:24,519 [SonarLint Client RPC request executor] INFO  o.e.m.c.i.e.AbstractTransferListenerAdapter - Downloading https://repo.spring.io/snapshot/org/springframework/boot/spring-boot-webflux-test/4.0.1-SNAPSHOT/spring-boot-webflux-test-4.0.1-20251127.092130-27.pom
2025-11-27 17:07:24,532 [SonarLint Client RPC request executor] INFO  o.e.m.c.i.e.AbstractTransferListenerAdapter - Downloaded https://repo.spring.io/snapshot/org/springframework/boot/spring-boot-webflux-test/4.0.1-SNAPSHOT/spring-boot-webflux-test-4.0.1-20251127.092130-27.pom
2025-11-27 17:07:24,802 [SonarLint Client RPC request executor] INFO  o.e.m.c.i.e.AbstractTransferListenerAdapter - Downloading https://repo.spring.io/snapshot/org/springframework/boot/spring-boot-webtestclient/4.0.1-SNAPSHOT/maven-metadata.xml
2025-11-27 17:07:24,806 [SonarLint Client RPC request executor] INFO  o.e.m.c.i.e.AbstractTransferListenerAdapter - Downloaded https://repo.spring.io/snapshot/org/springframework/boot/spring-boot-webtestclient/4.0.1-SNAPSHOT/maven-metadata.xml
2025-11-27 17:07:25,071 [SonarLint Client RPC request executor] INFO  o.e.m.c.i.e.AbstractTransferListenerAdapter - Downloading https://repo.spring.io/snapshot/org/springframework/boot/spring-boot-webtestclient/4.0.1-SNAPSHOT/spring-boot-webtestclient-4.0.1-20251127.092130-27.pom
2025-11-27 17:07:25,082 [SonarLint Client RPC request executor] INFO  o.e.m.c.i.e.AbstractTransferListenerAdapter - Downloaded https://repo.spring.io/snapshot/org/springframework/boot/spring-boot-webtestclient/4.0.1-SNAPSHOT/spring-boot-webtestclient-4.0.1-20251127.092130-27.pom
2025-11-27 17:07:25,443 [SonarLint Client RPC request executor] INFO  o.e.m.c.i.e.AbstractTransferListenerAdapter - Downloading https://repo.spring.io/snapshot/org/springframework/boot/spring-boot-starter-data-mongodb-reactive/4.0.1-SNAPSHOT/spring-boot-starter-data-mongodb-reactive-4.0.1-20251127.092130-27.jar
2025-11-27 17:07:25,453 [SonarLint Client RPC request executor] INFO  o.e.m.c.i.e.AbstractTransferListenerAdapter - Downloaded https://repo.spring.io/snapshot/org/springframework/boot/spring-boot-starter-data-mongodb-reactive/4.0.1-SNAPSHOT/spring-boot-starter-data-mongodb-reactive-4.0.1-20251127.092130-27.jar
2025-11-27 17:07:25,714 [BasicRepositoryConnector-repo.spring.io-0-0] INFO  o.e.m.c.i.e.AbstractTransferListenerAdapter - Downloading https://repo.spring.io/snapshot/org/springframework/boot/spring-boot-starter-mongodb/4.0.1-SNAPSHOT/spring-boot-starter-mongodb-4.0.1-20251127.092130-27.jar
2025-11-27 17:07:26,305 [BasicRepositoryConnector-repo.spring.io-0-0] INFO  o.e.m.c.i.e.AbstractTransferListenerAdapter - Downloaded https://repo.spring.io/snapshot/org/springframework/boot/spring-boot-starter-mongodb/4.0.1-SNAPSHOT/spring-boot-starter-mongodb-4.0.1-20251127.092130-27.jar
2025-11-27 17:07:26,564 [BasicRepositoryConnector-repo.spring.io-0-0] INFO  o.e.m.c.i.e.AbstractTransferListenerAdapter - Downloading https://repo.spring.io/snapshot/org/springframework/boot/spring-boot-transaction/4.0.1-SNAPSHOT/spring-boot-transaction-4.0.1-20251127.092130-27.jar
2025-11-27 17:07:26,584 [BasicRepositoryConnector-repo.spring.io-0-0] INFO  o.e.m.c.i.e.AbstractTransferListenerAdapter - Downloaded https://repo.spring.io/snapshot/org/springframework/boot/spring-boot-transaction/4.0.1-SNAPSHOT/spring-boot-transaction-4.0.1-20251127.092130-27.jar
2025-11-27 17:07:26,587 [BasicRepositoryConnector-repo.spring.io-0-3] INFO  o.e.m.c.i.e.AbstractTransferListenerAdapter - Downloading https://repo.spring.io/snapshot/org/springframework/boot/spring-boot-data-commons/4.0.1-SNAPSHOT/spring-boot-data-commons-4.0.1-20251127.092130-27.jar
2025-11-27 17:07:26,646 [BasicRepositoryConnector-repo.spring.io-0-1] INFO  o.e.m.c.i.e.AbstractTransferListenerAdapter - Downloading https://repo.spring.io/snapshot/org/springframework/boot/spring-boot-mongodb/4.0.1-SNAPSHOT/spring-boot-mongodb-4.0.1-20251127.092130-27.jar
2025-11-27 17:07:26,700 [BasicRepositoryConnector-repo.spring.io-0-2] INFO  o.e.m.c.i.e.AbstractTransferListenerAdapter - Downloading https://repo.spring.io/snapshot/org/springframework/boot/spring-boot-data-mongodb/4.0.1-SNAPSHOT/spring-boot-data-mongodb-4.0.1-20251127.092130-27.jar
2025-11-27 17:07:26,706 [BasicRepositoryConnector-repo.spring.io-0-4] INFO  o.e.m.c.i.e.AbstractTransferListenerAdapter - Downloading https://repo.spring.io/snapshot/org/springframework/boot/spring-boot-persistence/4.0.1-SNAPSHOT/spring-boot-persistence-4.0.1-20251127.092130-27.jar
2025-11-27 17:07:26,814 [BasicRepositoryConnector-repo.spring.io-0-3] INFO  o.e.m.c.i.e.AbstractTransferListenerAdapter - Downloaded https://repo.spring.io/snapshot/org/springframework/boot/spring-boot-data-commons/4.0.1-SNAPSHOT/spring-boot-data-commons-4.0.1-20251127.092130-27.jar
2025-11-27 17:07:26,844 [BasicRepositoryConnector-repo.spring.io-0-0] INFO  o.e.m.c.i.e.AbstractTransferListenerAdapter - Downloading https://repo.spring.io/snapshot/org/springframework/boot/spring-boot-reactor/4.0.1-SNAPSHOT/spring-boot-reactor-4.0.1-20251127.092130-27.jar
2025-11-27 17:07:26,852 [BasicRepositoryConnector-repo.spring.io-0-0] INFO  o.e.m.c.i.e.AbstractTransferListenerAdapter - Downloaded https://repo.spring.io/snapshot/org/springframework/boot/spring-boot-reactor/4.0.1-SNAPSHOT/spring-boot-reactor-4.0.1-20251127.092130-27.jar
2025-11-27 17:07:26,932 [BasicRepositoryConnector-repo.spring.io-0-2] INFO  o.e.m.c.i.e.AbstractTransferListenerAdapter - Downloaded https://repo.spring.io/snapshot/org/springframework/boot/spring-boot-data-mongodb/4.0.1-SNAPSHOT/spring-boot-data-mongodb-4.0.1-20251127.092130-27.jar
2025-11-27 17:07:27,037 [BasicRepositoryConnector-repo.spring.io-0-4] INFO  o.e.m.c.i.e.AbstractTransferListenerAdapter - Downloaded https://repo.spring.io/snapshot/org/springframework/boot/spring-boot-persistence/4.0.1-SNAPSHOT/spring-boot-persistence-4.0.1-20251127.092130-27.jar
2025-11-27 17:07:27,111 [BasicRepositoryConnector-repo.spring.io-0-0] INFO  o.e.m.c.i.e.AbstractTransferListenerAdapter - Downloading https://repo.spring.io/snapshot/org/springframework/boot/spring-boot-starter-webflux/4.0.1-SNAPSHOT/spring-boot-starter-webflux-4.0.1-20251127.092130-27.jar
2025-11-27 17:07:27,115 [BasicRepositoryConnector-repo.spring.io-0-1] INFO  o.e.m.c.i.e.AbstractTransferListenerAdapter - Downloaded https://repo.spring.io/snapshot/org/springframework/boot/spring-boot-mongodb/4.0.1-SNAPSHOT/spring-boot-mongodb-4.0.1-20251127.092130-27.jar
2025-11-27 17:07:27,118 [BasicRepositoryConnector-repo.spring.io-0-0] INFO  o.e.m.c.i.e.AbstractTransferListenerAdapter - Downloaded https://repo.spring.io/snapshot/org/springframework/boot/spring-boot-starter-webflux/4.0.1-SNAPSHOT/spring-boot-starter-webflux-4.0.1-20251127.092130-27.jar
2025-11-27 17:07:27,223 [BasicRepositoryConnector-repo.spring.io-0-2] INFO  o.e.m.c.i.e.AbstractTransferListenerAdapter - Downloading https://repo.spring.io/snapshot/org/springframework/boot/spring-boot-starter/4.0.1-SNAPSHOT/spring-boot-starter-4.0.1-20251127.092130-27.jar
2025-11-27 17:07:27,234 [BasicRepositoryConnector-repo.spring.io-0-2] INFO  o.e.m.c.i.e.AbstractTransferListenerAdapter - Downloaded https://repo.spring.io/snapshot/org/springframework/boot/spring-boot-starter/4.0.1-SNAPSHOT/spring-boot-starter-4.0.1-20251127.092130-27.jar
2025-11-27 17:07:27,290 [BasicRepositoryConnector-repo.spring.io-0-4] INFO  o.e.m.c.i.e.AbstractTransferListenerAdapter - Downloading https://repo.spring.io/snapshot/org/springframework/boot/spring-boot-starter-logging/4.0.1-SNAPSHOT/spring-boot-starter-logging-4.0.1-20251127.092130-27.jar
2025-11-27 17:07:27,296 [BasicRepositoryConnector-repo.spring.io-0-4] INFO  o.e.m.c.i.e.AbstractTransferListenerAdapter - Downloaded https://repo.spring.io/snapshot/org/springframework/boot/spring-boot-starter-logging/4.0.1-SNAPSHOT/spring-boot-starter-logging-4.0.1-20251127.092130-27.jar
2025-11-27 17:07:27,352 [BasicRepositoryConnector-repo.spring.io-0-0] INFO  o.e.m.c.i.e.AbstractTransferListenerAdapter - Downloading https://repo.spring.io/snapshot/org/springframework/boot/spring-boot-starter-jackson/4.0.1-SNAPSHOT/spring-boot-starter-jackson-4.0.1-20251127.092130-27.jar
2025-11-27 17:07:27,362 [BasicRepositoryConnector-repo.spring.io-0-0] INFO  o.e.m.c.i.e.AbstractTransferListenerAdapter - Downloaded https://repo.spring.io/snapshot/org/springframework/boot/spring-boot-starter-jackson/4.0.1-SNAPSHOT/spring-boot-starter-jackson-4.0.1-20251127.092130-27.jar
2025-11-27 17:07:27,468 [BasicRepositoryConnector-repo.spring.io-0-2] INFO  o.e.m.c.i.e.AbstractTransferListenerAdapter - Downloading https://repo.spring.io/snapshot/org/springframework/boot/spring-boot-jackson/4.0.1-SNAPSHOT/spring-boot-jackson-4.0.1-20251127.092130-27.jar
2025-11-27 17:07:27,549 [BasicRepositoryConnector-repo.spring.io-0-4] INFO  o.e.m.c.i.e.AbstractTransferListenerAdapter - Downloading https://repo.spring.io/snapshot/org/springframework/boot/spring-boot-starter-reactor-netty/4.0.1-SNAPSHOT/spring-boot-starter-reactor-netty-4.0.1-20251127.092130-27.jar
2025-11-27 17:07:27,560 [BasicRepositoryConnector-repo.spring.io-0-4] INFO  o.e.m.c.i.e.AbstractTransferListenerAdapter - Downloaded https://repo.spring.io/snapshot/org/springframework/boot/spring-boot-starter-reactor-netty/4.0.1-SNAPSHOT/spring-boot-starter-reactor-netty-4.0.1-20251127.092130-27.jar
2025-11-27 17:07:27,597 [BasicRepositoryConnector-repo.spring.io-0-0] INFO  o.e.m.c.i.e.AbstractTransferListenerAdapter - Downloading https://repo.spring.io/snapshot/org/springframework/boot/spring-boot-reactor-netty/4.0.1-SNAPSHOT/spring-boot-reactor-netty-4.0.1-20251127.092130-27.jar
2025-11-27 17:07:27,701 [BasicRepositoryConnector-repo.spring.io-0-2] INFO  o.e.m.c.i.e.AbstractTransferListenerAdapter - Downloaded https://repo.spring.io/snapshot/org/springframework/boot/spring-boot-jackson/4.0.1-SNAPSHOT/spring-boot-jackson-4.0.1-20251127.092130-27.jar
2025-11-27 17:07:27,824 [BasicRepositoryConnector-repo.spring.io-0-4] INFO  o.e.m.c.i.e.AbstractTransferListenerAdapter - Downloading https://repo.spring.io/snapshot/org/springframework/boot/spring-boot-netty/4.0.1-SNAPSHOT/spring-boot-netty-4.0.1-20251127.092130-27.jar
2025-11-27 17:07:27,829 [BasicRepositoryConnector-repo.spring.io-0-0] INFO  o.e.m.c.i.e.AbstractTransferListenerAdapter - Downloaded https://repo.spring.io/snapshot/org/springframework/boot/spring-boot-reactor-netty/4.0.1-SNAPSHOT/spring-boot-reactor-netty-4.0.1-20251127.092130-27.jar
2025-11-27 17:07:27,833 [BasicRepositoryConnector-repo.spring.io-0-4] INFO  o.e.m.c.i.e.AbstractTransferListenerAdapter - Downloaded https://repo.spring.io/snapshot/org/springframework/boot/spring-boot-netty/4.0.1-SNAPSHOT/spring-boot-netty-4.0.1-20251127.092130-27.jar
2025-11-27 17:07:27,939 [BasicRepositoryConnector-repo.spring.io-0-2] INFO  o.e.m.c.i.e.AbstractTransferListenerAdapter - Downloading https://repo.spring.io/snapshot/org/springframework/boot/spring-boot-webflux/4.0.1-SNAPSHOT/spring-boot-webflux-4.0.1-20251127.092130-27.jar
2025-11-27 17:07:28,067 [BasicRepositoryConnector-repo.spring.io-0-4] INFO  o.e.m.c.i.e.AbstractTransferListenerAdapter - Downloading https://repo.spring.io/snapshot/org/springframework/boot/spring-boot-web-server/4.0.1-SNAPSHOT/spring-boot-web-server-4.0.1-20251127.092130-27.jar
2025-11-27 17:07:28,080 [BasicRepositoryConnector-repo.spring.io-0-0] INFO  o.e.m.c.i.e.AbstractTransferListenerAdapter - Downloading https://repo.spring.io/snapshot/org/springframework/boot/spring-boot-http-codec/4.0.1-SNAPSHOT/spring-boot-http-codec-4.0.1-20251127.092130-27.jar
2025-11-27 17:07:28,092 [BasicRepositoryConnector-repo.spring.io-0-0] INFO  o.e.m.c.i.e.AbstractTransferListenerAdapter - Downloaded https://repo.spring.io/snapshot/org/springframework/boot/spring-boot-http-codec/4.0.1-SNAPSHOT/spring-boot-http-codec-4.0.1-20251127.092130-27.jar
2025-11-27 17:07:28,321 [BasicRepositoryConnector-repo.spring.io-0-4] INFO  o.e.m.c.i.e.AbstractTransferListenerAdapter - Downloaded https://repo.spring.io/snapshot/org/springframework/boot/spring-boot-web-server/4.0.1-SNAPSHOT/spring-boot-web-server-4.0.1-20251127.092130-27.jar
2025-11-27 17:07:28,346 [BasicRepositoryConnector-repo.spring.io-0-0] INFO  o.e.m.c.i.e.AbstractTransferListenerAdapter - Downloading https://repo.spring.io/snapshot/org/springframework/boot/spring-boot-starter-data-mongodb-reactive-test/4.0.1-SNAPSHOT/spring-boot-starter-data-mongodb-reactive-test-4.0.1-20251127.092130-27.jar
2025-11-27 17:07:28,357 [BasicRepositoryConnector-repo.spring.io-0-0] INFO  o.e.m.c.i.e.AbstractTransferListenerAdapter - Downloaded https://repo.spring.io/snapshot/org/springframework/boot/spring-boot-starter-data-mongodb-reactive-test/4.0.1-SNAPSHOT/spring-boot-starter-data-mongodb-reactive-test-4.0.1-20251127.092130-27.jar
2025-11-27 17:07:28,557 [BasicRepositoryConnector-repo.spring.io-0-4] INFO  o.e.m.c.i.e.AbstractTransferListenerAdapter - Downloading https://repo.spring.io/snapshot/org/springframework/boot/spring-boot-starter-test/4.0.1-SNAPSHOT/spring-boot-starter-test-4.0.1-20251127.092130-27.jar
2025-11-27 17:07:28,568 [BasicRepositoryConnector-repo.spring.io-0-4] INFO  o.e.m.c.i.e.AbstractTransferListenerAdapter - Downloaded https://repo.spring.io/snapshot/org/springframework/boot/spring-boot-starter-test/4.0.1-SNAPSHOT/spring-boot-starter-test-4.0.1-20251127.092130-27.jar
2025-11-27 17:07:28,616 [BasicRepositoryConnector-repo.spring.io-0-2] INFO  o.e.m.c.i.e.AbstractTransferListenerAdapter - Downloaded https://repo.spring.io/snapshot/org/springframework/boot/spring-boot-webflux/4.0.1-SNAPSHOT/spring-boot-webflux-4.0.1-20251127.092130-27.jar
2025-11-27 17:07:28,643 [BasicRepositoryConnector-repo.spring.io-0-1] INFO  o.e.m.c.i.e.AbstractTransferListenerAdapter - Downloading https://repo.spring.io/snapshot/org/springframework/boot/spring-boot-autoconfigure/4.0.1-SNAPSHOT/spring-boot-autoconfigure-4.0.1-20251127.092130-27.jar
2025-11-27 17:07:28,757 [BasicRepositoryConnector-repo.spring.io-0-3] INFO  o.e.m.c.i.e.AbstractTransferListenerAdapter - Downloading https://repo.spring.io/snapshot/org/springframework/boot/spring-boot/4.0.1-SNAPSHOT/spring-boot-4.0.1-20251127.092130-27.jar
2025-11-27 17:07:28,805 [BasicRepositoryConnector-repo.spring.io-0-4] INFO  o.e.m.c.i.e.AbstractTransferListenerAdapter - Downloading https://repo.spring.io/snapshot/org/springframework/boot/spring-boot-test-autoconfigure/4.0.1-SNAPSHOT/spring-boot-test-autoconfigure-4.0.1-20251127.092130-27.jar
2025-11-27 17:07:28,811 [BasicRepositoryConnector-repo.spring.io-0-4] INFO  o.e.m.c.i.e.AbstractTransferListenerAdapter - Downloaded https://repo.spring.io/snapshot/org/springframework/boot/spring-boot-test-autoconfigure/4.0.1-SNAPSHOT/spring-boot-test-autoconfigure-4.0.1-20251127.092130-27.jar
2025-11-27 17:07:28,849 [BasicRepositoryConnector-repo.spring.io-0-2] INFO  o.e.m.c.i.e.AbstractTransferListenerAdapter - Downloading https://repo.spring.io/snapshot/org/springframework/boot/spring-boot-data-mongodb-test/4.0.1-SNAPSHOT/spring-boot-data-mongodb-test-4.0.1-20251127.092130-27.jar
2025-11-27 17:07:28,855 [BasicRepositoryConnector-repo.spring.io-0-2] INFO  o.e.m.c.i.e.AbstractTransferListenerAdapter - Downloaded https://repo.spring.io/snapshot/org/springframework/boot/spring-boot-data-mongodb-test/4.0.1-SNAPSHOT/spring-boot-data-mongodb-test-4.0.1-20251127.092130-27.jar
2025-11-27 17:07:29,045 [BasicRepositoryConnector-repo.spring.io-0-4] INFO  o.e.m.c.i.e.AbstractTransferListenerAdapter - Downloading https://repo.spring.io/snapshot/org/springframework/boot/spring-boot-starter-webflux-test/4.0.1-SNAPSHOT/spring-boot-starter-webflux-test-4.0.1-20251127.092130-27.jar
2025-11-27 17:07:29,051 [BasicRepositoryConnector-repo.spring.io-0-4] INFO  o.e.m.c.i.e.AbstractTransferListenerAdapter - Downloaded https://repo.spring.io/snapshot/org/springframework/boot/spring-boot-starter-webflux-test/4.0.1-SNAPSHOT/spring-boot-starter-webflux-test-4.0.1-20251127.092130-27.jar
2025-11-27 17:07:29,087 [BasicRepositoryConnector-repo.spring.io-0-2] INFO  o.e.m.c.i.e.AbstractTransferListenerAdapter - Downloading https://repo.spring.io/snapshot/org/springframework/boot/spring-boot-starter-jackson-test/4.0.1-SNAPSHOT/spring-boot-starter-jackson-test-4.0.1-20251127.092130-27.jar
2025-11-27 17:07:29,093 [BasicRepositoryConnector-repo.spring.io-0-2] INFO  o.e.m.c.i.e.AbstractTransferListenerAdapter - Downloaded https://repo.spring.io/snapshot/org/springframework/boot/spring-boot-starter-jackson-test/4.0.1-SNAPSHOT/spring-boot-starter-jackson-test-4.0.1-20251127.092130-27.jar
2025-11-27 17:07:29,288 [BasicRepositoryConnector-repo.spring.io-0-4] INFO  o.e.m.c.i.e.AbstractTransferListenerAdapter - Downloading https://repo.spring.io/snapshot/org/springframework/boot/spring-boot-webflux-test/4.0.1-SNAPSHOT/spring-boot-webflux-test-4.0.1-20251127.092130-27.jar
2025-11-27 17:07:29,299 [BasicRepositoryConnector-repo.spring.io-0-4] INFO  o.e.m.c.i.e.AbstractTransferListenerAdapter - Downloaded https://repo.spring.io/snapshot/org/springframework/boot/spring-boot-webflux-test/4.0.1-SNAPSHOT/spring-boot-webflux-test-4.0.1-20251127.092130-27.jar
2025-11-27 17:07:29,332 [BasicRepositoryConnector-repo.spring.io-0-2] INFO  o.e.m.c.i.e.AbstractTransferListenerAdapter - Downloading https://repo.spring.io/snapshot/org/springframework/boot/spring-boot-webtestclient/4.0.1-SNAPSHOT/spring-boot-webtestclient-4.0.1-20251127.092130-27.jar
2025-11-27 17:07:29,346 [BasicRepositoryConnector-repo.spring.io-0-2] INFO  o.e.m.c.i.e.AbstractTransferListenerAdapter - Downloaded https://repo.spring.io/snapshot/org/springframework/boot/spring-boot-webtestclient/4.0.1-SNAPSHOT/spring-boot-webtestclient-4.0.1-20251127.092130-27.jar
2025-11-27 17:07:29,681 [BasicRepositoryConnector-repo.spring.io-0-0] INFO  o.e.m.c.i.e.AbstractTransferListenerAdapter - Downloading https://repo.spring.io/snapshot/org/springframework/boot/spring-boot-test/4.0.1-SNAPSHOT/spring-boot-test-4.0.1-20251127.092130-27.jar
2025-11-27 17:07:29,808 [BasicRepositoryConnector-repo.spring.io-0-1] INFO  o.e.m.c.i.e.AbstractTransferListenerAdapter - Downloaded https://repo.spring.io/snapshot/org/springframework/boot/spring-boot-autoconfigure/4.0.1-SNAPSHOT/spring-boot-autoconfigure-4.0.1-20251127.092130-27.jar
2025-11-27 17:07:30,674 [BasicRepositoryConnector-repo.spring.io-0-0] INFO  o.e.m.c.i.e.AbstractTransferListenerAdapter - Downloaded https://repo.spring.io/snapshot/org/springframework/boot/spring-boot-test/4.0.1-SNAPSHOT/spring-boot-test-4.0.1-20251127.092130-27.jar
2025-11-27 17:07:31,367 [BasicRepositoryConnector-repo.spring.io-0-3] INFO  o.e.m.c.i.e.AbstractTransferListenerAdapter - Downloaded https://repo.spring.io/snapshot/org/springframework/boot/spring-boot/4.0.1-SNAPSHOT/spring-boot-4.0.1-20251127.092130-27.jar
2025-11-27 17:09:25,974 [Worker-14: Import Getting Started Content] INFO  o.e.m.c.i.l.LifecycleMappingFactory - Using org.eclipse.m2e.jdt.JarLifecycleMapping lifecycle mapping for MavenProject: com.app:Boot5_Microservices_01QuizApp:0.0.1-SNAPSHOT @ C:\Users\syeds\OneDrive\Documents\Desktop\CHUBB\Boot5_Microservices_01QuizApp\pom.xml.
2025-11-27 17:09:26,394 [Worker-14: Import Getting Started Content] INFO  o.e.m.c.i.e.AbstractTransferListenerAdapter - Downloading https://repo.maven.apache.org/maven2/org/springframework/boot/spring-boot-starter-data-jpa/4.0.0/spring-boot-starter-data-jpa-4.0.0.pom
2025-11-27 17:09:26,403 [Worker-14: Import Getting Started Content] INFO  o.e.m.c.i.e.AbstractTransferListenerAdapter - Downloaded https://repo.maven.apache.org/maven2/org/springframework/boot/spring-boot-starter-data-jpa/4.0.0/spring-boot-starter-data-jpa-4.0.0.pom
2025-11-27 17:09:26,537 [Worker-14: Import Getting Started Content] INFO  o.e.m.c.i.e.AbstractTransferListenerAdapter - Downloading https://repo.maven.apache.org/maven2/org/springframework/boot/spring-boot-starter-jdbc/4.0.0/spring-boot-starter-jdbc-4.0.0.pom
2025-11-27 17:09:26,542 [Worker-14: Import Getting Started Content] INFO  o.e.m.c.i.e.AbstractTransferListenerAdapter - Downloaded https://repo.maven.apache.org/maven2/org/springframework/boot/spring-boot-starter-jdbc/4.0.0/spring-boot-starter-jdbc-4.0.0.pom
2025-11-27 17:09:26,598 [Worker-14: Import Getting Started Content] INFO  o.e.m.c.i.e.AbstractTransferListenerAdapter - Downloading https://repo.maven.apache.org/maven2/org/springframework/boot/spring-boot-jdbc/4.0.0/spring-boot-jdbc-4.0.0.pom
2025-11-27 17:09:26,603 [Worker-14: Import Getting Started Content] INFO  o.e.m.c.i.e.AbstractTransferListenerAdapter - Downloaded https://repo.maven.apache.org/maven2/org/springframework/boot/spring-boot-jdbc/4.0.0/spring-boot-jdbc-4.0.0.pom
2025-11-27 17:09:26,674 [Worker-14: Import Getting Started Content] INFO  o.e.m.c.i.e.AbstractTransferListenerAdapter - Downloading https://repo.maven.apache.org/maven2/com/zaxxer/HikariCP/7.0.2/HikariCP-7.0.2.pom
2025-11-27 17:09:26,681 [Worker-14: Import Getting Started Content] INFO  o.e.m.c.i.e.AbstractTransferListenerAdapter - Downloaded https://repo.maven.apache.org/maven2/com/zaxxer/HikariCP/7.0.2/HikariCP-7.0.2.pom
2025-11-27 17:09:26,735 [Worker-14: Import Getting Started Content] INFO  o.e.m.c.i.e.AbstractTransferListenerAdapter - Downloading https://repo.maven.apache.org/maven2/org/springframework/boot/spring-boot-data-jpa/4.0.0/spring-boot-data-jpa-4.0.0.pom
2025-11-27 17:09:26,744 [Worker-14: Import Getting Started Content] INFO  o.e.m.c.i.e.AbstractTransferListenerAdapter - Downloaded https://repo.maven.apache.org/maven2/org/springframework/boot/spring-boot-data-jpa/4.0.0/spring-boot-data-jpa-4.0.0.pom
2025-11-27 17:09:26,837 [Worker-14: Import Getting Started Content] INFO  o.e.m.c.i.e.AbstractTransferListenerAdapter - Downloading https://repo.maven.apache.org/maven2/org/springframework/boot/spring-boot-hibernate/4.0.0/spring-boot-hibernate-4.0.0.pom
2025-11-27 17:09:26,843 [Worker-14: Import Getting Started Content] INFO  o.e.m.c.i.e.AbstractTransferListenerAdapter - Downloaded https://repo.maven.apache.org/maven2/org/springframework/boot/spring-boot-hibernate/4.0.0/spring-boot-hibernate-4.0.0.pom
2025-11-27 17:09:26,898 [Worker-14: Import Getting Started Content] INFO  o.e.m.c.i.e.AbstractTransferListenerAdapter - Downloading https://repo.maven.apache.org/maven2/org/springframework/boot/spring-boot-jpa/4.0.0/spring-boot-jpa-4.0.0.pom
2025-11-27 17:09:26,903 [Worker-14: Import Getting Started Content] INFO  o.e.m.c.i.e.AbstractTransferListenerAdapter - Downloaded https://repo.maven.apache.org/maven2/org/springframework/boot/spring-boot-jpa/4.0.0/spring-boot-jpa-4.0.0.pom
2025-11-27 17:09:26,946 [Worker-14: Import Getting Started Content] INFO  o.e.m.c.i.e.AbstractTransferListenerAdapter - Downloading https://repo.maven.apache.org/maven2/jakarta/persistence/jakarta.persistence-api/3.2.0/jakarta.persistence-api-3.2.0.pom
2025-11-27 17:09:26,953 [Worker-14: Import Getting Started Content] INFO  o.e.m.c.i.e.AbstractTransferListenerAdapter - Downloaded https://repo.maven.apache.org/maven2/jakarta/persistence/jakarta.persistence-api/3.2.0/jakarta.persistence-api-3.2.0.pom
2025-11-27 17:09:27,004 [Worker-14: Import Getting Started Content] INFO  o.e.m.c.i.e.AbstractTransferListenerAdapter - Downloading https://repo.maven.apache.org/maven2/org/springframework/spring-orm/7.0.1/spring-orm-7.0.1.pom
2025-11-27 17:09:27,012 [Worker-14: Import Getting Started Content] INFO  o.e.m.c.i.e.AbstractTransferListenerAdapter - Downloaded https://repo.maven.apache.org/maven2/org/springframework/spring-orm/7.0.1/spring-orm-7.0.1.pom
2025-11-27 17:09:27,056 [Worker-14: Import Getting Started Content] INFO  o.e.m.c.i.e.AbstractTransferListenerAdapter - Downloading https://repo.maven.apache.org/maven2/org/hibernate/orm/hibernate-core/7.1.8.Final/hibernate-core-7.1.8.Final.pom
2025-11-27 17:09:27,062 [Worker-14: Import Getting Started Content] INFO  o.e.m.c.i.e.AbstractTransferListenerAdapter - Downloaded https://repo.maven.apache.org/maven2/org/hibernate/orm/hibernate-core/7.1.8.Final/hibernate-core-7.1.8.Final.pom
2025-11-27 17:09:27,119 [Worker-14: Import Getting Started Content] INFO  o.e.m.c.i.e.AbstractTransferListenerAdapter - Downloading https://repo.maven.apache.org/maven2/org/hibernate/models/hibernate-models/1.0.1/hibernate-models-1.0.1.pom
2025-11-27 17:09:27,126 [Worker-14: Import Getting Started Content] INFO  o.e.m.c.i.e.AbstractTransferListenerAdapter - Downloaded https://repo.maven.apache.org/maven2/org/hibernate/models/hibernate-models/1.0.1/hibernate-models-1.0.1.pom
2025-11-27 17:09:27,207 [Worker-14: Import Getting Started Content] INFO  o.e.m.c.i.e.AbstractTransferListenerAdapter - Downloading https://repo.maven.apache.org/maven2/org/antlr/antlr4-runtime/4.13.2/antlr4-runtime-4.13.2.pom
2025-11-27 17:09:27,212 [Worker-14: Import Getting Started Content] INFO  o.e.m.c.i.e.AbstractTransferListenerAdapter - Downloaded https://repo.maven.apache.org/maven2/org/antlr/antlr4-runtime/4.13.2/antlr4-runtime-4.13.2.pom
2025-11-27 17:09:27,255 [Worker-14: Import Getting Started Content] INFO  o.e.m.c.i.e.AbstractTransferListenerAdapter - Downloading https://repo.maven.apache.org/maven2/org/antlr/antlr4-master/4.13.2/antlr4-master-4.13.2.pom
2025-11-27 17:09:27,259 [Worker-14: Import Getting Started Content] INFO  o.e.m.c.i.e.AbstractTransferListenerAdapter - Downloaded https://repo.maven.apache.org/maven2/org/antlr/antlr4-master/4.13.2/antlr4-master-4.13.2.pom
2025-11-27 17:09:27,301 [Worker-14: Import Getting Started Content] INFO  o.e.m.c.i.e.AbstractTransferListenerAdapter - Downloading https://repo.maven.apache.org/maven2/org/springframework/data/spring-data-jpa/4.0.0/spring-data-jpa-4.0.0.pom
2025-11-27 17:09:27,307 [Worker-14: Import Getting Started Content] INFO  o.e.m.c.i.e.AbstractTransferListenerAdapter - Downloaded https://repo.maven.apache.org/maven2/org/springframework/data/spring-data-jpa/4.0.0/spring-data-jpa-4.0.0.pom
2025-11-27 17:09:27,361 [Worker-14: Import Getting Started Content] INFO  o.e.m.c.i.e.AbstractTransferListenerAdapter - Downloading https://repo.maven.apache.org/maven2/org/springframework/data/spring-data-jpa-parent/4.0.0/spring-data-jpa-parent-4.0.0.pom
2025-11-27 17:09:27,363 [Worker-14: Import Getting Started Content] INFO  o.e.m.c.i.e.AbstractTransferListenerAdapter - Downloaded https://repo.maven.apache.org/maven2/org/springframework/data/spring-data-jpa-parent/4.0.0/spring-data-jpa-parent-4.0.0.pom
2025-11-27 17:09:27,407 [Worker-14: Import Getting Started Content] INFO  o.e.m.c.i.e.AbstractTransferListenerAdapter - Downloading https://repo.maven.apache.org/maven2/org/springframework/spring-aspects/7.0.1/spring-aspects-7.0.1.pom
2025-11-27 17:09:27,413 [Worker-14: Import Getting Started Content] INFO  o.e.m.c.i.e.AbstractTransferListenerAdapter - Downloaded https://repo.maven.apache.org/maven2/org/springframework/spring-aspects/7.0.1/spring-aspects-7.0.1.pom
2025-11-27 17:09:27,457 [Worker-14: Import Getting Started Content] INFO  o.e.m.c.i.e.AbstractTransferListenerAdapter - Downloading https://repo.maven.apache.org/maven2/org/aspectj/aspectjweaver/1.9.25/aspectjweaver-1.9.25.pom
2025-11-27 17:09:27,461 [Worker-14: Import Getting Started Content] INFO  o.e.m.c.i.e.AbstractTransferListenerAdapter - Downloaded https://repo.maven.apache.org/maven2/org/aspectj/aspectjweaver/1.9.25/aspectjweaver-1.9.25.pom
2025-11-27 17:09:27,581 [Worker-14: Import Getting Started Content] INFO  o.e.m.c.i.e.AbstractTransferListenerAdapter - Downloading https://repo.maven.apache.org/maven2/org/springframework/boot/spring-boot-starter-data-jpa-test/4.0.0/spring-boot-starter-data-jpa-test-4.0.0.pom
2025-11-27 17:09:27,584 [Worker-14: Import Getting Started Content] INFO  o.e.m.c.i.e.AbstractTransferListenerAdapter - Downloaded https://repo.maven.apache.org/maven2/org/springframework/boot/spring-boot-starter-data-jpa-test/4.0.0/spring-boot-starter-data-jpa-test-4.0.0.pom
2025-11-27 17:09:27,657 [Worker-14: Import Getting Started Content] INFO  o.e.m.c.i.e.AbstractTransferListenerAdapter - Downloading https://repo.maven.apache.org/maven2/org/springframework/boot/spring-boot-starter-jdbc-test/4.0.0/spring-boot-starter-jdbc-test-4.0.0.pom
2025-11-27 17:09:27,662 [Worker-14: Import Getting Started Content] INFO  o.e.m.c.i.e.AbstractTransferListenerAdapter - Downloaded https://repo.maven.apache.org/maven2/org/springframework/boot/spring-boot-starter-jdbc-test/4.0.0/spring-boot-starter-jdbc-test-4.0.0.pom
2025-11-27 17:09:27,709 [Worker-14: Import Getting Started Content] INFO  o.e.m.c.i.e.AbstractTransferListenerAdapter - Downloading https://repo.maven.apache.org/maven2/org/springframework/boot/spring-boot-jdbc-test/4.0.0/spring-boot-jdbc-test-4.0.0.pom
2025-11-27 17:09:27,719 [Worker-14: Import Getting Started Content] INFO  o.e.m.c.i.e.AbstractTransferListenerAdapter - Downloaded https://repo.maven.apache.org/maven2/org/springframework/boot/spring-boot-jdbc-test/4.0.0/spring-boot-jdbc-test-4.0.0.pom
2025-11-27 17:09:27,771 [Worker-14: Import Getting Started Content] INFO  o.e.m.c.i.e.AbstractTransferListenerAdapter - Downloading https://repo.maven.apache.org/maven2/org/springframework/boot/spring-boot-data-jpa-test/4.0.0/spring-boot-data-jpa-test-4.0.0.pom
2025-11-27 17:09:27,777 [Worker-14: Import Getting Started Content] INFO  o.e.m.c.i.e.AbstractTransferListenerAdapter - Downloaded https://repo.maven.apache.org/maven2/org/springframework/boot/spring-boot-data-jpa-test/4.0.0/spring-boot-data-jpa-test-4.0.0.pom
2025-11-27 17:09:27,833 [Worker-14: Import Getting Started Content] INFO  o.e.m.c.i.e.AbstractTransferListenerAdapter - Downloading https://repo.maven.apache.org/maven2/org/springframework/boot/spring-boot-jpa-test/4.0.0/spring-boot-jpa-test-4.0.0.pom
2025-11-27 17:09:27,843 [Worker-14: Import Getting Started Content] INFO  o.e.m.c.i.e.AbstractTransferListenerAdapter - Downloaded https://repo.maven.apache.org/maven2/org/springframework/boot/spring-boot-jpa-test/4.0.0/spring-boot-jpa-test-4.0.0.pom
2025-11-27 17:09:28,003 [Worker-14: Import Getting Started Content] INFO  o.e.m.c.i.e.AbstractTransferListenerAdapter - Downloading https://repo.maven.apache.org/maven2/org/springframework/boot/spring-boot-starter-data-jpa/4.0.0/spring-boot-starter-data-jpa-4.0.0.jar
2025-11-27 17:09:28,009 [Worker-14: Import Getting Started Content] INFO  o.e.m.c.i.e.AbstractTransferListenerAdapter - Downloaded https://repo.maven.apache.org/maven2/org/springframework/boot/spring-boot-starter-data-jpa/4.0.0/spring-boot-starter-data-jpa-4.0.0.jar
2025-11-27 17:09:28,047 [BasicRepositoryConnector-repo.maven.apache.org-1-0] INFO  o.e.m.c.i.e.AbstractTransferListenerAdapter - Downloading https://repo.maven.apache.org/maven2/org/springframework/boot/spring-boot-starter-jdbc/4.0.0/spring-boot-starter-jdbc-4.0.0.jar
2025-11-27 17:09:28,054 [BasicRepositoryConnector-repo.maven.apache.org-1-0] INFO  o.e.m.c.i.e.AbstractTransferListenerAdapter - Downloaded https://repo.maven.apache.org/maven2/org/springframework/boot/spring-boot-starter-jdbc/4.0.0/spring-boot-starter-jdbc-4.0.0.jar
2025-11-27 17:09:28,102 [BasicRepositoryConnector-repo.maven.apache.org-1-0] INFO  o.e.m.c.i.e.AbstractTransferListenerAdapter - Downloading https://repo.maven.apache.org/maven2/jakarta/persistence/jakarta.persistence-api/3.2.0/jakarta.persistence-api-3.2.0.jar
2025-11-27 17:09:28,157 [BasicRepositoryConnector-repo.maven.apache.org-1-0] INFO  o.e.m.c.i.e.AbstractTransferListenerAdapter - Downloaded https://repo.maven.apache.org/maven2/jakarta/persistence/jakarta.persistence-api/3.2.0/jakarta.persistence-api-3.2.0.jar
2025-11-27 17:09:28,203 [BasicRepositoryConnector-repo.maven.apache.org-1-0] INFO  o.e.m.c.i.e.AbstractTransferListenerAdapter - Downloading https://repo.maven.apache.org/maven2/org/hibernate/orm/hibernate-core/7.1.8.Final/hibernate-core-7.1.8.Final.jar
2025-11-27 17:09:28,345 [BasicRepositoryConnector-repo.maven.apache.org-1-4] INFO  o.e.m.c.i.e.AbstractTransferListenerAdapter - Downloading https://repo.maven.apache.org/maven2/org/springframework/boot/spring-boot-jpa/4.0.0/spring-boot-jpa-4.0.0.jar
2025-11-27 17:09:28,357 [BasicRepositoryConnector-repo.maven.apache.org-1-3] INFO  o.e.m.c.i.e.AbstractTransferListenerAdapter - Downloading https://repo.maven.apache.org/maven2/org/springframework/boot/spring-boot-hibernate/4.0.0/spring-boot-hibernate-4.0.0.jar
2025-11-27 17:09:28,357 [BasicRepositoryConnector-repo.maven.apache.org-1-2] INFO  o.e.m.c.i.e.AbstractTransferListenerAdapter - Downloading https://repo.maven.apache.org/maven2/org/springframework/boot/spring-boot-data-jpa/4.0.0/spring-boot-data-jpa-4.0.0.jar
2025-11-27 17:09:28,363 [BasicRepositoryConnector-repo.maven.apache.org-1-4] INFO  o.e.m.c.i.e.AbstractTransferListenerAdapter - Downloaded https://repo.maven.apache.org/maven2/org/springframework/boot/spring-boot-jpa/4.0.0/spring-boot-jpa-4.0.0.jar
2025-11-27 17:09:28,365 [BasicRepositoryConnector-repo.maven.apache.org-1-2] INFO  o.e.m.c.i.e.AbstractTransferListenerAdapter - Downloaded https://repo.maven.apache.org/maven2/org/springframework/boot/spring-boot-data-jpa/4.0.0/spring-boot-data-jpa-4.0.0.jar
2025-11-27 17:09:28,365 [BasicRepositoryConnector-repo.maven.apache.org-1-3] INFO  o.e.m.c.i.e.AbstractTransferListenerAdapter - Downloaded https://repo.maven.apache.org/maven2/org/springframework/boot/spring-boot-hibernate/4.0.0/spring-boot-hibernate-4.0.0.jar
2025-11-27 17:09:28,383 [BasicRepositoryConnector-repo.maven.apache.org-1-1] INFO  o.e.m.c.i.e.AbstractTransferListenerAdapter - Downloading https://repo.maven.apache.org/maven2/com/zaxxer/HikariCP/7.0.2/HikariCP-7.0.2.jar
2025-11-27 17:09:28,403 [BasicRepositoryConnector-repo.maven.apache.org-1-4] INFO  o.e.m.c.i.e.AbstractTransferListenerAdapter - Downloading https://repo.maven.apache.org/maven2/org/hibernate/models/hibernate-models/1.0.1/hibernate-models-1.0.1.jar
2025-11-27 17:09:28,409 [BasicRepositoryConnector-repo.maven.apache.org-1-2] INFO  o.e.m.c.i.e.AbstractTransferListenerAdapter - Downloading https://repo.maven.apache.org/maven2/org/springframework/spring-orm/7.0.1/spring-orm-7.0.1.jar
2025-11-27 17:09:28,411 [BasicRepositoryConnector-repo.maven.apache.org-1-3] INFO  o.e.m.c.i.e.AbstractTransferListenerAdapter - Downloading https://repo.maven.apache.org/maven2/org/springframework/data/spring-data-jpa/4.0.0/spring-data-jpa-4.0.0.jar
2025-11-27 17:09:28,422 [BasicRepositoryConnector-repo.maven.apache.org-1-1] INFO  o.e.m.c.i.e.AbstractTransferListenerAdapter - Downloaded https://repo.maven.apache.org/maven2/com/zaxxer/HikariCP/7.0.2/HikariCP-7.0.2.jar
2025-11-27 17:09:29,387 [BasicRepositoryConnector-repo.maven.apache.org-1-1] INFO  o.e.m.c.i.e.AbstractTransferListenerAdapter - Downloading https://repo.maven.apache.org/maven2/org/antlr/antlr4-runtime/4.13.2/antlr4-runtime-4.13.2.jar
2025-11-27 17:09:29,554 [BasicRepositoryConnector-repo.maven.apache.org-1-1] INFO  o.e.m.c.i.e.AbstractTransferListenerAdapter - Downloaded https://repo.maven.apache.org/maven2/org/antlr/antlr4-runtime/4.13.2/antlr4-runtime-4.13.2.jar
2025-11-27 17:09:30,432 [BasicRepositoryConnector-repo.maven.apache.org-1-1] INFO  o.e.m.c.i.e.AbstractTransferListenerAdapter - Downloading https://repo.maven.apache.org/maven2/org/springframework/spring-aspects/7.0.1/spring-aspects-7.0.1.jar
2025-11-27 17:09:30,491 [BasicRepositoryConnector-repo.maven.apache.org-1-1] INFO  o.e.m.c.i.e.AbstractTransferListenerAdapter - Downloaded https://repo.maven.apache.org/maven2/org/springframework/spring-aspects/7.0.1/spring-aspects-7.0.1.jar
2025-11-27 17:09:30,567 [BasicRepositoryConnector-repo.maven.apache.org-1-1] INFO  o.e.m.c.i.e.AbstractTransferListenerAdapter - Downloading https://repo.maven.apache.org/maven2/org/aspectj/aspectjweaver/1.9.25/aspectjweaver-1.9.25.jar
2025-11-27 17:09:31,743 [BasicRepositoryConnector-repo.maven.apache.org-1-3] INFO  o.e.m.c.i.e.AbstractTransferListenerAdapter - Downloaded https://repo.maven.apache.org/maven2/org/springframework/data/spring-data-jpa/4.0.0/spring-data-jpa-4.0.0.jar
2025-11-27 17:09:32,740 [BasicRepositoryConnector-repo.maven.apache.org-1-1] INFO  o.e.m.c.i.e.AbstractTransferListenerAdapter - Downloaded https://repo.maven.apache.org/maven2/org/aspectj/aspectjweaver/1.9.25/aspectjweaver-1.9.25.jar
2025-11-27 17:09:32,803 [BasicRepositoryConnector-repo.maven.apache.org-1-1] INFO  o.e.m.c.i.e.AbstractTransferListenerAdapter - Downloading https://repo.maven.apache.org/maven2/org/springframework/boot/spring-boot-starter-data-jpa-test/4.0.0/spring-boot-starter-data-jpa-test-4.0.0.jar
2025-11-27 17:09:32,822 [BasicRepositoryConnector-repo.maven.apache.org-1-1] INFO  o.e.m.c.i.e.AbstractTransferListenerAdapter - Downloaded https://repo.maven.apache.org/maven2/org/springframework/boot/spring-boot-starter-data-jpa-test/4.0.0/spring-boot-starter-data-jpa-test-4.0.0.jar
2025-11-27 17:09:32,882 [BasicRepositoryConnector-repo.maven.apache.org-1-1] INFO  o.e.m.c.i.e.AbstractTransferListenerAdapter - Downloading https://repo.maven.apache.org/maven2/org/springframework/boot/spring-boot-starter-jdbc-test/4.0.0/spring-boot-starter-jdbc-test-4.0.0.jar
2025-11-27 17:09:32,886 [BasicRepositoryConnector-repo.maven.apache.org-1-1] INFO  o.e.m.c.i.e.AbstractTransferListenerAdapter - Downloaded https://repo.maven.apache.org/maven2/org/springframework/boot/spring-boot-starter-jdbc-test/4.0.0/spring-boot-starter-jdbc-test-4.0.0.jar
2025-11-27 17:09:32,954 [BasicRepositoryConnector-repo.maven.apache.org-1-1] INFO  o.e.m.c.i.e.AbstractTransferListenerAdapter - Downloading https://repo.maven.apache.org/maven2/org/springframework/boot/spring-boot-jdbc-test/4.0.0/spring-boot-jdbc-test-4.0.0.jar
2025-11-27 17:09:32,963 [BasicRepositoryConnector-repo.maven.apache.org-1-1] INFO  o.e.m.c.i.e.AbstractTransferListenerAdapter - Downloaded https://repo.maven.apache.org/maven2/org/springframework/boot/spring-boot-jdbc-test/4.0.0/spring-boot-jdbc-test-4.0.0.jar
2025-11-27 17:09:33,026 [BasicRepositoryConnector-repo.maven.apache.org-1-1] INFO  o.e.m.c.i.e.AbstractTransferListenerAdapter - Downloading https://repo.maven.apache.org/maven2/org/springframework/boot/spring-boot-data-jpa-test/4.0.0/spring-boot-data-jpa-test-4.0.0.jar
2025-11-27 17:09:33,036 [BasicRepositoryConnector-repo.maven.apache.org-1-1] INFO  o.e.m.c.i.e.AbstractTransferListenerAdapter - Downloaded https://repo.maven.apache.org/maven2/org/springframework/boot/spring-boot-data-jpa-test/4.0.0/spring-boot-data-jpa-test-4.0.0.jar
2025-11-27 17:09:33,102 [BasicRepositoryConnector-repo.maven.apache.org-1-1] INFO  o.e.m.c.i.e.AbstractTransferListenerAdapter - Downloading https://repo.maven.apache.org/maven2/org/springframework/boot/spring-boot-jpa-test/4.0.0/spring-boot-jpa-test-4.0.0.jar
2025-11-27 17:09:33,112 [BasicRepositoryConnector-repo.maven.apache.org-1-1] INFO  o.e.m.c.i.e.AbstractTransferListenerAdapter - Downloaded https://repo.maven.apache.org/maven2/org/springframework/boot/spring-boot-jpa-test/4.0.0/spring-boot-jpa-test-4.0.0.jar
2025-11-27 17:09:33,713 [BasicRepositoryConnector-repo.maven.apache.org-1-3] INFO  o.e.m.c.i.e.AbstractTransferListenerAdapter - Downloading https://repo.maven.apache.org/maven2/org/springframework/boot/spring-boot-jdbc/4.0.0/spring-boot-jdbc-4.0.0.jar
2025-11-27 17:09:33,803 [BasicRepositoryConnector-repo.maven.apache.org-1-3] INFO  o.e.m.c.i.e.AbstractTransferListenerAdapter - Downloaded https://repo.maven.apache.org/maven2/org/springframework/boot/spring-boot-jdbc/4.0.0/spring-boot-jdbc-4.0.0.jar
2025-11-27 17:09:35,939 [BasicRepositoryConnector-repo.maven.apache.org-1-2] INFO  o.e.m.c.i.e.AbstractTransferListenerAdapter - Downloaded https://repo.maven.apache.org/maven2/org/springframework/spring-orm/7.0.1/spring-orm-7.0.1.jar
2025-11-27 17:09:48,211 [BasicRepositoryConnector-repo.maven.apache.org-1-0] INFO  o.e.m.c.i.e.AbstractTransferListenerAdapter - Downloaded https://repo.maven.apache.org/maven2/org/hibernate/orm/hibernate-core/7.1.8.Final/hibernate-core-7.1.8.Final.jar
2025-11-27 17:09:57,560 [BasicRepositoryConnector-repo.maven.apache.org-1-4] INFO  o.e.m.c.i.e.AbstractTransferListenerAdapter - Downloaded https://repo.maven.apache.org/maven2/org/hibernate/models/hibernate-models/1.0.1/hibernate-models-1.0.1.jar
2025-11-27 17:09:58,470 [Worker-14: Import Getting Started Content] INFO  o.e.m.j.i.AbstractJavaProjectConfigurator - Adding source folder /Boot5_Microservices_01QuizApp/src/main/java
2025-11-27 17:09:58,472 [Worker-14: Import Getting Started Content] INFO  o.e.m.j.i.AbstractJavaProjectConfigurator - Adding resource folder /Boot5_Microservices_01QuizApp/src/main/resources
2025-11-27 17:09:58,475 [Worker-14: Import Getting Started Content] INFO  o.e.m.j.i.AbstractJavaProjectConfigurator - Adding resource folder /Boot5_Microservices_01QuizApp/src/main/resources
2025-11-27 17:09:58,480 [Worker-14: Import Getting Started Content] INFO  o.e.m.j.i.AbstractJavaProjectConfigurator - Adding source folder /Boot5_Microservices_01QuizApp/src/test/java
2025-11-27 17:09:58,481 [Worker-14: Import Getting Started Content] INFO  o.e.m.j.i.AbstractJavaProjectConfigurator - Adding resource folder /Boot5_Microservices_01QuizApp/src/test/resources
2025-11-27 17:09:58,998 [Worker-14: Import Getting Started Content] INFO  o.e.m.c.i.p.ProjectConfigurationManager - Imported and configured 1 project(s) in 33 sec
2025-11-27 17:09:59,003 [Worker-14: Import Getting Started Content] INFO  o.e.m.c.i.p.ProjectConfigurationManager - Update started
2025-11-27 17:09:59,712 [Worker-14: Import Getting Started Content] INFO  o.e.m.c.i.l.LifecycleMappingFactory - Using org.eclipse.m2e.jdt.JarLifecycleMapping lifecycle mapping for MavenProject: com.app:Boot5_Microservices_01QuizApp:0.0.1-SNAPSHOT @ C:\Users\syeds\OneDrive\Documents\Desktop\CHUBB\Boot5_Microservices_01QuizApp\pom.xml.
2025-11-27 17:09:59,973 [Worker-11: Download sources and javadoc] INFO  o.e.m.c.i.e.AbstractTransferListenerAdapter - Downloading https://repo.maven.apache.org/maven2/org/springframework/boot/spring-boot-starter-data-jpa/4.0.0/spring-boot-starter-data-jpa-4.0.0-sources.jar
2025-11-27 17:09:59,981 [Worker-11: Download sources and javadoc] INFO  o.e.m.c.i.e.AbstractTransferListenerAdapter - Downloaded https://repo.maven.apache.org/maven2/org/springframework/boot/spring-boot-starter-data-jpa/4.0.0/spring-boot-starter-data-jpa-4.0.0-sources.jar
2025-11-27 17:09:59,991 [Worker-11: Download sources and javadoc] INFO  o.e.m.j.internal.DownloadSourcesJob - Downloaded sources for org.springframework.boot:spring-boot-starter-data-jpa:4.0.0
2025-11-27 17:10:00,387 [Worker-11: Download sources and javadoc] INFO  o.e.m.c.i.e.AbstractTransferListenerAdapter - Downloading https://repo.maven.apache.org/maven2/org/springframework/boot/spring-boot-starter-jdbc/4.0.0/spring-boot-starter-jdbc-4.0.0-sources.jar
2025-11-27 17:10:00,396 [Worker-11: Download sources and javadoc] INFO  o.e.m.c.i.e.AbstractTransferListenerAdapter - Downloaded https://repo.maven.apache.org/maven2/org/springframework/boot/spring-boot-starter-jdbc/4.0.0/spring-boot-starter-jdbc-4.0.0-sources.jar
2025-11-27 17:10:00,404 [Worker-11: Download sources and javadoc] INFO  o.e.m.j.internal.DownloadSourcesJob - Downloaded sources for org.springframework.boot:spring-boot-starter-jdbc:4.0.0
2025-11-27 17:10:00,778 [Worker-11: Download sources and javadoc] INFO  o.e.m.c.i.e.AbstractTransferListenerAdapter - Downloading https://repo.maven.apache.org/maven2/com/zaxxer/HikariCP/7.0.2/HikariCP-7.0.2-sources.jar
2025-11-27 17:10:00,813 [Worker-11: Download sources and javadoc] INFO  o.e.m.c.i.e.AbstractTransferListenerAdapter - Downloaded https://repo.maven.apache.org/maven2/com/zaxxer/HikariCP/7.0.2/HikariCP-7.0.2-sources.jar
2025-11-27 17:10:00,817 [Worker-11: Download sources and javadoc] INFO  o.e.m.j.internal.DownloadSourcesJob - Downloaded sources for com.zaxxer:HikariCP:7.0.2
2025-11-27 17:10:01,124 [Worker-14: Import Getting Started Content] INFO  o.e.m.j.i.AbstractJavaProjectConfigurator - Adding source folder /Boot5_Microservices_01QuizApp/src/main/java
2025-11-27 17:10:01,125 [Worker-14: Import Getting Started Content] INFO  o.e.m.j.i.AbstractJavaProjectConfigurator - Adding resource folder /Boot5_Microservices_01QuizApp/src/main/resources
2025-11-27 17:10:01,125 [Worker-14: Import Getting Started Content] INFO  o.e.m.j.i.AbstractJavaProjectConfigurator - Adding resource folder /Boot5_Microservices_01QuizApp/src/main/resources
2025-11-27 17:10:01,125 [Worker-14: Import Getting Started Content] INFO  o.e.m.j.i.AbstractJavaProjectConfigurator - Adding source folder /Boot5_Microservices_01QuizApp/src/test/java
2025-11-27 17:10:01,126 [Worker-14: Import Getting Started Content] INFO  o.e.m.j.i.AbstractJavaProjectConfigurator - Adding resource folder /Boot5_Microservices_01QuizApp/src/test/resources
2025-11-27 17:10:01,198 [Worker-11: Download sources and javadoc] INFO  o.e.m.c.i.e.AbstractTransferListenerAdapter - Downloading https://repo.maven.apache.org/maven2/org/springframework/boot/spring-boot-data-jpa/4.0.0/spring-boot-data-jpa-4.0.0-sources.jar
2025-11-27 17:10:01,204 [Worker-11: Download sources and javadoc] INFO  o.e.m.c.i.e.AbstractTransferListenerAdapter - Downloaded https://repo.maven.apache.org/maven2/org/springframework/boot/spring-boot-data-jpa/4.0.0/spring-boot-data-jpa-4.0.0-sources.jar
2025-11-27 17:10:01,209 [Worker-11: Download sources and javadoc] INFO  o.e.m.j.internal.DownloadSourcesJob - Downloaded sources for org.springframework.boot:spring-boot-data-jpa:4.0.0
2025-11-27 17:10:01,570 [Worker-11: Download sources and javadoc] INFO  o.e.m.c.i.e.AbstractTransferListenerAdapter - Downloading https://repo.maven.apache.org/maven2/org/springframework/boot/spring-boot-hibernate/4.0.0/spring-boot-hibernate-4.0.0-sources.jar
2025-11-27 17:10:01,576 [Worker-11: Download sources and javadoc] INFO  o.e.m.c.i.e.AbstractTransferListenerAdapter - Downloaded https://repo.maven.apache.org/maven2/org/springframework/boot/spring-boot-hibernate/4.0.0/spring-boot-hibernate-4.0.0-sources.jar
2025-11-27 17:10:01,583 [Worker-11: Download sources and javadoc] INFO  o.e.m.j.internal.DownloadSourcesJob - Downloaded sources for org.springframework.boot:spring-boot-hibernate:4.0.0
2025-11-27 17:10:01,981 [Worker-11: Download sources and javadoc] INFO  o.e.m.c.i.e.AbstractTransferListenerAdapter - Downloading https://repo.maven.apache.org/maven2/org/springframework/boot/spring-boot-jpa/4.0.0/spring-boot-jpa-4.0.0-sources.jar
2025-11-27 17:10:01,991 [Worker-11: Download sources and javadoc] INFO  o.e.m.c.i.e.AbstractTransferListenerAdapter - Downloaded https://repo.maven.apache.org/maven2/org/springframework/boot/spring-boot-jpa/4.0.0/spring-boot-jpa-4.0.0-sources.jar
2025-11-27 17:10:01,999 [Worker-11: Download sources and javadoc] INFO  o.e.m.j.internal.DownloadSourcesJob - Downloaded sources for org.springframework.boot:spring-boot-jpa:4.0.0
2025-11-27 17:10:02,162 [Worker-14: Import Getting Started Content] INFO  o.e.m.c.i.p.ProjectConfigurationManager - Update completed for 1 poms: local refresh takes 0.00 sec, refresh facades takes 2.00 sec, update config takes 0.00 sec 
2025-11-27 17:10:02,424 [Worker-11: Download sources and javadoc] INFO  o.e.m.c.i.e.AbstractTransferListenerAdapter - Downloading https://repo.maven.apache.org/maven2/jakarta/persistence/jakarta.persistence-api/3.2.0/jakarta.persistence-api-3.2.0-sources.jar
2025-11-27 17:10:02,476 [Worker-11: Download sources and javadoc] INFO  o.e.m.c.i.e.AbstractTransferListenerAdapter - Downloaded https://repo.maven.apache.org/maven2/jakarta/persistence/jakarta.persistence-api/3.2.0/jakarta.persistence-api-3.2.0-sources.jar
2025-11-27 17:10:02,484 [Worker-11: Download sources and javadoc] INFO  o.e.m.j.internal.DownloadSourcesJob - Downloaded sources for jakarta.persistence:jakarta.persistence-api:3.2.0
2025-11-27 17:10:02,822 [Worker-11: Download sources and javadoc] INFO  o.e.m.c.i.e.AbstractTransferListenerAdapter - Downloading https://repo.maven.apache.org/maven2/org/hibernate/orm/hibernate-core/7.1.8.Final/hibernate-core-7.1.8.Final-sources.jar
2025-11-27 17:10:11,051 [Worker-11: Download sources and javadoc] INFO  o.e.m.c.i.e.AbstractTransferListenerAdapter - Downloaded https://repo.maven.apache.org/maven2/org/hibernate/orm/hibernate-core/7.1.8.Final/hibernate-core-7.1.8.Final-sources.jar
2025-11-27 17:10:11,053 [Worker-11: Download sources and javadoc] INFO  o.e.m.j.internal.DownloadSourcesJob - Downloaded sources for org.hibernate.orm:hibernate-core:7.1.8.Final
2025-11-27 17:10:11,446 [Worker-11: Download sources and javadoc] INFO  o.e.m.c.i.e.AbstractTransferListenerAdapter - Downloading https://repo.maven.apache.org/maven2/org/hibernate/models/hibernate-models/1.0.1/hibernate-models-1.0.1-sources.jar
2025-11-27 17:10:11,520 [Worker-11: Download sources and javadoc] INFO  o.e.m.c.i.e.AbstractTransferListenerAdapter - Downloaded https://repo.maven.apache.org/maven2/org/hibernate/models/hibernate-models/1.0.1/hibernate-models-1.0.1-sources.jar
2025-11-27 17:10:11,524 [Worker-11: Download sources and javadoc] INFO  o.e.m.j.internal.DownloadSourcesJob - Downloaded sources for org.hibernate.models:hibernate-models:1.0.1
2025-11-27 17:10:11,856 [Worker-11: Download sources and javadoc] INFO  o.e.m.c.i.e.AbstractTransferListenerAdapter - Downloading https://repo.maven.apache.org/maven2/org/springframework/spring-orm/7.0.1/spring-orm-7.0.1-sources.jar
2025-11-27 17:10:11,906 [Worker-11: Download sources and javadoc] INFO  o.e.m.c.i.e.AbstractTransferListenerAdapter - Downloaded https://repo.maven.apache.org/maven2/org/springframework/spring-orm/7.0.1/spring-orm-7.0.1-sources.jar
2025-11-27 17:10:11,911 [Worker-11: Download sources and javadoc] INFO  o.e.m.j.internal.DownloadSourcesJob - Downloaded sources for org.springframework:spring-orm:7.0.1
2025-11-27 17:10:12,214 [Worker-11: Download sources and javadoc] INFO  o.e.m.c.i.e.AbstractTransferListenerAdapter - Downloading https://repo.maven.apache.org/maven2/org/springframework/data/spring-data-jpa/4.0.0/spring-data-jpa-4.0.0-sources.jar
2025-11-27 17:10:13,062 [Worker-11: Download sources and javadoc] INFO  o.e.m.c.i.e.AbstractTransferListenerAdapter - Downloaded https://repo.maven.apache.org/maven2/org/springframework/data/spring-data-jpa/4.0.0/spring-data-jpa-4.0.0-sources.jar
2025-11-27 17:10:13,068 [Worker-11: Download sources and javadoc] INFO  o.e.m.j.internal.DownloadSourcesJob - Downloaded sources for org.springframework.data:spring-data-jpa:4.0.0
2025-11-27 17:10:13,408 [Worker-11: Download sources and javadoc] INFO  o.e.m.c.i.e.AbstractTransferListenerAdapter - Downloading https://repo.maven.apache.org/maven2/org/antlr/antlr4-runtime/4.13.2/antlr4-runtime-4.13.2-sources.jar
2025-11-27 17:10:13,469 [Worker-11: Download sources and javadoc] INFO  o.e.m.c.i.e.AbstractTransferListenerAdapter - Downloaded https://repo.maven.apache.org/maven2/org/antlr/antlr4-runtime/4.13.2/antlr4-runtime-4.13.2-sources.jar
2025-11-27 17:10:13,475 [Worker-11: Download sources and javadoc] INFO  o.e.m.j.internal.DownloadSourcesJob - Downloaded sources for org.antlr:antlr4-runtime:4.13.2
2025-11-27 17:10:13,803 [Worker-11: Download sources and javadoc] INFO  o.e.m.c.i.e.AbstractTransferListenerAdapter - Downloading https://repo.maven.apache.org/maven2/org/springframework/spring-aspects/7.0.1/spring-aspects-7.0.1-sources.jar
2025-11-27 17:10:13,822 [Worker-11: Download sources and javadoc] INFO  o.e.m.c.i.e.AbstractTransferListenerAdapter - Downloaded https://repo.maven.apache.org/maven2/org/springframework/spring-aspects/7.0.1/spring-aspects-7.0.1-sources.jar
2025-11-27 17:10:13,828 [Worker-11: Download sources and javadoc] INFO  o.e.m.j.internal.DownloadSourcesJob - Downloaded sources for org.springframework:spring-aspects:7.0.1
2025-11-27 17:10:14,181 [Worker-11: Download sources and javadoc] INFO  o.e.m.c.i.e.AbstractTransferListenerAdapter - Downloading https://repo.maven.apache.org/maven2/org/aspectj/aspectjweaver/1.9.25/aspectjweaver-1.9.25-sources.jar
2025-11-27 17:10:15,787 [Worker-11: Download sources and javadoc] INFO  o.e.m.c.i.e.AbstractTransferListenerAdapter - Downloaded https://repo.maven.apache.org/maven2/org/aspectj/aspectjweaver/1.9.25/aspectjweaver-1.9.25-sources.jar
2025-11-27 17:10:15,791 [Worker-11: Download sources and javadoc] INFO  o.e.m.j.internal.DownloadSourcesJob - Downloaded sources for org.aspectj:aspectjweaver:1.9.25
2025-11-27 17:10:16,133 [Worker-11: Download sources and javadoc] INFO  o.e.m.c.i.e.AbstractTransferListenerAdapter - Downloading https://repo.maven.apache.org/maven2/org/springframework/boot/spring-boot-jdbc/4.0.0/spring-boot-jdbc-4.0.0-sources.jar
2025-11-27 17:10:16,163 [Worker-11: Download sources and javadoc] INFO  o.e.m.c.i.e.AbstractTransferListenerAdapter - Downloaded https://repo.maven.apache.org/maven2/org/springframework/boot/spring-boot-jdbc/4.0.0/spring-boot-jdbc-4.0.0-sources.jar
2025-11-27 17:10:16,171 [Worker-11: Download sources and javadoc] INFO  o.e.m.j.internal.DownloadSourcesJob - Downloaded sources for org.springframework.boot:spring-boot-jdbc:4.0.0
2025-11-27 17:10:16,508 [Worker-11: Download sources and javadoc] INFO  o.e.m.c.i.e.AbstractTransferListenerAdapter - Downloading https://repo.maven.apache.org/maven2/org/springframework/boot/spring-boot-starter-data-jpa-test/4.0.0/spring-boot-starter-data-jpa-test-4.0.0-sources.jar
2025-11-27 17:10:16,516 [Worker-11: Download sources and javadoc] INFO  o.e.m.c.i.e.AbstractTransferListenerAdapter - Downloaded https://repo.maven.apache.org/maven2/org/springframework/boot/spring-boot-starter-data-jpa-test/4.0.0/spring-boot-starter-data-jpa-test-4.0.0-sources.jar
2025-11-27 17:10:16,522 [Worker-11: Download sources and javadoc] INFO  o.e.m.j.internal.DownloadSourcesJob - Downloaded sources for org.springframework.boot:spring-boot-starter-data-jpa-test:4.0.0
2025-11-27 17:10:16,892 [Worker-11: Download sources and javadoc] INFO  o.e.m.c.i.e.AbstractTransferListenerAdapter - Downloading https://repo.maven.apache.org/maven2/org/springframework/boot/spring-boot-starter-jdbc-test/4.0.0/spring-boot-starter-jdbc-test-4.0.0-sources.jar
2025-11-27 17:10:16,901 [Worker-11: Download sources and javadoc] INFO  o.e.m.c.i.e.AbstractTransferListenerAdapter - Downloaded https://repo.maven.apache.org/maven2/org/springframework/boot/spring-boot-starter-jdbc-test/4.0.0/spring-boot-starter-jdbc-test-4.0.0-sources.jar
2025-11-27 17:10:16,907 [Worker-11: Download sources and javadoc] INFO  o.e.m.j.internal.DownloadSourcesJob - Downloaded sources for org.springframework.boot:spring-boot-starter-jdbc-test:4.0.0
2025-11-27 17:10:17,245 [Worker-11: Download sources and javadoc] INFO  o.e.m.c.i.e.AbstractTransferListenerAdapter - Downloading https://repo.maven.apache.org/maven2/org/springframework/boot/spring-boot-jdbc-test/4.0.0/spring-boot-jdbc-test-4.0.0-sources.jar
2025-11-27 17:10:17,254 [Worker-11: Download sources and javadoc] INFO  o.e.m.c.i.e.AbstractTransferListenerAdapter - Downloaded https://repo.maven.apache.org/maven2/org/springframework/boot/spring-boot-jdbc-test/4.0.0/spring-boot-jdbc-test-4.0.0-sources.jar
2025-11-27 17:10:17,259 [Worker-11: Download sources and javadoc] INFO  o.e.m.j.internal.DownloadSourcesJob - Downloaded sources for org.springframework.boot:spring-boot-jdbc-test:4.0.0
2025-11-27 17:10:17,602 [Worker-11: Download sources and javadoc] INFO  o.e.m.c.i.e.AbstractTransferListenerAdapter - Downloading https://repo.maven.apache.org/maven2/org/springframework/boot/spring-boot-data-jpa-test/4.0.0/spring-boot-data-jpa-test-4.0.0-sources.jar
2025-11-27 17:10:17,622 [Worker-11: Download sources and javadoc] INFO  o.e.m.c.i.e.AbstractTransferListenerAdapter - Downloaded https://repo.maven.apache.org/maven2/org/springframework/boot/spring-boot-data-jpa-test/4.0.0/spring-boot-data-jpa-test-4.0.0-sources.jar
2025-11-27 17:10:17,626 [Worker-11: Download sources and javadoc] INFO  o.e.m.j.internal.DownloadSourcesJob - Downloaded sources for org.springframework.boot:spring-boot-data-jpa-test:4.0.0
2025-11-27 17:10:17,994 [Worker-11: Download sources and javadoc] INFO  o.e.m.c.i.e.AbstractTransferListenerAdapter - Downloading https://repo.maven.apache.org/maven2/org/springframework/boot/spring-boot-jpa-test/4.0.0/spring-boot-jpa-test-4.0.0-sources.jar
2025-11-27 17:10:18,005 [Worker-11: Download sources and javadoc] INFO  o.e.m.c.i.e.AbstractTransferListenerAdapter - Downloaded https://repo.maven.apache.org/maven2/org/springframework/boot/spring-boot-jpa-test/4.0.0/spring-boot-jpa-test-4.0.0-sources.jar
2025-11-27 17:10:18,014 [Worker-11: Download sources and javadoc] INFO  o.e.m.j.internal.DownloadSourcesJob - Downloaded sources for org.springframework.boot:spring-boot-jpa-test:4.0.0
2025-11-27 20:23:35,962 [Worker-1: Loading available Gradle versions] INFO  o.e.b.c.i.u.g.PublishedGradleVersions - Gradle version information cache is up-to-date. Trying to read.
2025-11-27 20:24:29,955 [SonarLint Client RPC request executor] WARN  o.e.m.c.i.embedder.EclipseLogger - The artifact mysql:mysql-connector-java:jar:8.0.33 has been relocated to com.mysql:mysql-connector-j:jar:8.0.33: MySQL Connector/J artifacts moved to reverse-DNS compliant Maven 2+ coordinates.
2025-11-27 20:33:42,566 [Worker-2: Launching Boot5Microservices01QuizAppApplication] INFO  o.e.m.c.i.l.LifecycleMappingFactory - Using org.eclipse.m2e.jdt.JarLifecycleMapping lifecycle mapping for MavenProject: com.app:Boot5_Microservices_01QuizApp:0.0.1-SNAPSHOT @ C:\Users\syeds\OneDrive\Documents\Desktop\CHUBB\Boot5_Microservices_01QuizApp\pom.xml.
2025-11-27 20:33:45,303 [Worker-2: Launching Boot5Microservices01QuizAppApplication] INFO  o.a.m.s.f.DefaultMavenResourcesFiltering - Copying 1 resource from src\main\resources to target\classes
2025-11-27 20:33:45,333 [Worker-2: Launching Boot5Microservices01QuizAppApplication] INFO  o.a.m.s.f.DefaultMavenResourcesFiltering - Copying 0 resource from src\main\resources to target\classes
2025-11-27 20:33:45,341 [Worker-2: Launching Boot5Microservices01QuizAppApplication] INFO  o.a.m.s.f.DefaultMavenResourcesFiltering - skip non existing resourceDirectory C:\Users\syeds\OneDrive\Documents\Desktop\CHUBB\Boot5_Microservices_01QuizApp\src\test\resources
2025-11-27 20:36:32,954 [Worker-41: Launching Boot5Microservices01QuizAppApplication] INFO  o.a.m.s.f.DefaultMavenResourcesFiltering - Copying 1 resource from src\main\resources to target\classes
2025-11-27 20:36:32,972 [Worker-41: Launching Boot5Microservices01QuizAppApplication] INFO  o.a.m.s.f.DefaultMavenResourcesFiltering - Copying 0 resource from src\main\resources to target\classes
2025-11-27 20:36:32,979 [Worker-41: Launching Boot5Microservices01QuizAppApplication] INFO  o.a.m.s.f.DefaultMavenResourcesFiltering - skip non existing resourceDirectory C:\Users\syeds\OneDrive\Documents\Desktop\CHUBB\Boot5_Microservices_01QuizApp\src\test\resources
2025-11-27 20:37:31,609 [Worker-43: Launching Boot5Microservices01QuizAppApplication] INFO  o.a.m.s.f.DefaultMavenResourcesFiltering - Copying 1 resource from src\main\resources to target\classes
2025-11-27 20:37:31,620 [Worker-43: Launching Boot5Microservices01QuizAppApplication] INFO  o.a.m.s.f.DefaultMavenResourcesFiltering - Copying 0 resource from src\main\resources to target\classes
2025-11-27 20:37:31,626 [Worker-43: Launching Boot5Microservices01QuizAppApplication] INFO  o.a.m.s.f.DefaultMavenResourcesFiltering - skip non existing resourceDirectory C:\Users\syeds\OneDrive\Documents\Desktop\CHUBB\Boot5_Microservices_01QuizApp\src\test\resources
2025-11-27 20:38:21,070 [Worker-42: Updating Maven Project] INFO  o.e.m.c.i.p.ProjectConfigurationManager - Update started
2025-11-27 20:38:21,889 [Worker-42: Updating Maven Project] INFO  o.e.m.c.i.l.LifecycleMappingFactory - Using org.eclipse.m2e.jdt.JarLifecycleMapping lifecycle mapping for MavenProject: com.app:Boot5_Microservices_01QuizApp:0.0.1-SNAPSHOT @ C:\Users\syeds\OneDrive\Documents\Desktop\CHUBB\Boot5_Microservices_01QuizApp\pom.xml.
2025-11-27 20:38:23,471 [Worker-42: Updating Maven Project] INFO  o.e.m.c.i.e.AbstractTransferListenerAdapter - Downloading https://repo.maven.apache.org/maven2/com/mysql/mysql-connector-j/9.5.0/mysql-connector-j-9.5.0.pom
2025-11-27 20:38:23,510 [Worker-42: Updating Maven Project] INFO  o.e.m.c.i.e.AbstractTransferListenerAdapter - Downloaded https://repo.maven.apache.org/maven2/com/mysql/mysql-connector-j/9.5.0/mysql-connector-j-9.5.0.pom
2025-11-27 20:38:24,197 [Worker-42: Updating Maven Project] INFO  o.e.m.c.i.e.AbstractTransferListenerAdapter - Downloading https://repo.maven.apache.org/maven2/com/mysql/mysql-connector-j/9.5.0/mysql-connector-j-9.5.0.jar
2025-11-27 20:38:25,875 [Worker-42: Updating Maven Project] INFO  o.e.m.c.i.e.AbstractTransferListenerAdapter - Downloaded https://repo.maven.apache.org/maven2/com/mysql/mysql-connector-j/9.5.0/mysql-connector-j-9.5.0.jar
2025-11-27 20:38:27,225 [Worker-42: Updating Maven Project] INFO  o.e.m.j.i.AbstractJavaProjectConfigurator - Adding source folder /Boot5_Microservices_01QuizApp/src/main/java
2025-11-27 20:38:27,232 [Worker-42: Updating Maven Project] INFO  o.e.m.j.i.AbstractJavaProjectConfigurator - Adding resource folder /Boot5_Microservices_01QuizApp/src/main/resources
2025-11-27 20:38:27,237 [Worker-42: Updating Maven Project] INFO  o.e.m.j.i.AbstractJavaProjectConfigurator - Adding resource folder /Boot5_Microservices_01QuizApp/src/main/resources
2025-11-27 20:38:27,239 [Worker-42: Updating Maven Project] INFO  o.e.m.j.i.AbstractJavaProjectConfigurator - Adding source folder /Boot5_Microservices_01QuizApp/src/test/java
2025-11-27 20:38:27,244 [Worker-42: Updating Maven Project] INFO  o.e.m.j.i.AbstractJavaProjectConfigurator - Adding resource folder /Boot5_Microservices_01QuizApp/src/test/resources
2025-11-27 20:38:29,939 [Worker-47: Download sources and javadoc] INFO  o.e.m.c.i.e.AbstractTransferListenerAdapter - Downloading https://repo.maven.apache.org/maven2/com/mysql/mysql-connector-j/9.5.0/mysql-connector-j-9.5.0-sources.jar
2025-11-27 20:38:29,981 [Worker-42: Updating Maven Project] INFO  o.e.m.c.i.p.ProjectConfigurationManager - Update completed for 1 poms: local refresh takes 0.00 sec, refresh facades takes 5.00 sec, update config takes 2.00 sec 
2025-11-27 20:38:32,069 [Worker-47: Download sources and javadoc] INFO  o.e.m.c.i.e.AbstractTransferListenerAdapter - Downloaded https://repo.maven.apache.org/maven2/com/mysql/mysql-connector-j/9.5.0/mysql-connector-j-9.5.0-sources.jar
2025-11-27 20:38:32,075 [Worker-47: Download sources and javadoc] INFO  o.e.m.j.internal.DownloadSourcesJob - Downloaded sources for com.mysql:mysql-connector-j:9.5.0
2025-11-27 20:38:35,919 [Worker-45: Updating Maven Project] INFO  o.e.m.c.i.p.ProjectConfigurationManager - Update started
2025-11-27 20:38:36,543 [Worker-45: Updating Maven Project] INFO  o.e.m.c.i.l.LifecycleMappingFactory - Using org.eclipse.m2e.jdt.JarLifecycleMapping lifecycle mapping for MavenProject: com.app:Boot5_Microservices_01QuizApp:0.0.1-SNAPSHOT @ C:\Users\syeds\OneDrive\Documents\Desktop\CHUBB\Boot5_Microservices_01QuizApp\pom.xml.
2025-11-27 20:38:38,462 [Worker-45: Updating Maven Project] INFO  o.e.m.j.i.AbstractJavaProjectConfigurator - Adding source folder /Boot5_Microservices_01QuizApp/src/main/java
2025-11-27 20:38:38,464 [Worker-45: Updating Maven Project] INFO  o.e.m.j.i.AbstractJavaProjectConfigurator - Adding resource folder /Boot5_Microservices_01QuizApp/src/main/resources
2025-11-27 20:38:38,467 [Worker-45: Updating Maven Project] INFO  o.e.m.j.i.AbstractJavaProjectConfigurator - Adding resource folder /Boot5_Microservices_01QuizApp/src/main/resources
2025-11-27 20:38:38,469 [Worker-45: Updating Maven Project] INFO  o.e.m.j.i.AbstractJavaProjectConfigurator - Adding source folder /Boot5_Microservices_01QuizApp/src/test/java
2025-11-27 20:38:38,473 [Worker-45: Updating Maven Project] INFO  o.e.m.j.i.AbstractJavaProjectConfigurator - Adding resource folder /Boot5_Microservices_01QuizApp/src/test/resources
2025-11-27 20:38:39,463 [Worker-45: Updating Maven Project] INFO  o.e.m.c.i.p.ProjectConfigurationManager - Update completed for 1 poms: local refresh takes 0.00 sec, refresh facades takes 2.00 sec, update config takes 1.00 sec 
2025-11-27 20:38:51,520 [Worker-45: Launching Boot5Microservices01QuizAppApplication] INFO  o.a.m.s.f.DefaultMavenResourcesFiltering - Copying 1 resource from src\main\resources to target\classes
2025-11-27 20:38:51,544 [Worker-45: Launching Boot5Microservices01QuizAppApplication] INFO  o.a.m.s.f.DefaultMavenResourcesFiltering - Copying 0 resource from src\main\resources to target\classes
2025-11-27 20:38:51,553 [Worker-45: Launching Boot5Microservices01QuizAppApplication] INFO  o.a.m.s.f.DefaultMavenResourcesFiltering - skip non existing resourceDirectory C:\Users\syeds\OneDrive\Documents\Desktop\CHUBB\Boot5_Microservices_01QuizApp\src\test\resources
2025-11-27 20:39:33,251 [Worker-47: Launching Boot5Microservices01QuizAppApplication] INFO  o.a.m.s.f.DefaultMavenResourcesFiltering - Copying 1 resource from src\main\resources to target\classes
2025-11-27 20:39:33,260 [Worker-47: Launching Boot5Microservices01QuizAppApplication] INFO  o.a.m.s.f.DefaultMavenResourcesFiltering - Copying 0 resource from src\main\resources to target\classes
2025-11-27 20:39:33,265 [Worker-47: Launching Boot5Microservices01QuizAppApplication] INFO  o.a.m.s.f.DefaultMavenResourcesFiltering - skip non existing resourceDirectory C:\Users\syeds\OneDrive\Documents\Desktop\CHUBB\Boot5_Microservices_01QuizApp\src\test\resources
2025-11-27 20:39:53,128 [Worker-42: Launching Boot5Microservices01QuizAppApplication] INFO  o.a.m.s.f.DefaultMavenResourcesFiltering - Copying 1 resource from src\main\resources to target\classes
2025-11-27 20:39:53,180 [Worker-42: Launching Boot5Microservices01QuizAppApplication] INFO  o.a.m.s.f.DefaultMavenResourcesFiltering - Copying 0 resource from src\main\resources to target\classes
2025-11-27 20:39:53,192 [Worker-42: Launching Boot5Microservices01QuizAppApplication] INFO  o.a.m.s.f.DefaultMavenResourcesFiltering - skip non existing resourceDirectory C:\Users\syeds\OneDrive\Documents\Desktop\CHUBB\Boot5_Microservices_01QuizApp\src\test\resources
2025-11-27 21:01:39,687 [Worker-44: Launching Boot5Microservices01QuizAppApplication] INFO  o.a.m.s.f.DefaultMavenResourcesFiltering - Copying 1 resource from src\main\resources to target\classes
2025-11-27 21:01:39,704 [Worker-44: Launching Boot5Microservices01QuizAppApplication] INFO  o.a.m.s.f.DefaultMavenResourcesFiltering - Copying 0 resource from src\main\resources to target\classes
2025-11-27 21:01:39,713 [Worker-44: Launching Boot5Microservices01QuizAppApplication] INFO  o.a.m.s.f.DefaultMavenResourcesFiltering - skip non existing resourceDirectory C:\Users\syeds\OneDrive\Documents\Desktop\CHUBB\Boot5_Microservices_01QuizApp\src\test\resources
2025-11-27 21:09:06,131 [Worker-57: Launching Boot5Microservices01QuizAppApplication] INFO  o.a.m.s.f.DefaultMavenResourcesFiltering - Copying 1 resource from src\main\resources to target\classes
2025-11-27 21:09:06,147 [Worker-57: Launching Boot5Microservices01QuizAppApplication] INFO  o.a.m.s.f.DefaultMavenResourcesFiltering - Copying 0 resource from src\main\resources to target\classes
2025-11-27 21:09:06,157 [Worker-57: Launching Boot5Microservices01QuizAppApplication] INFO  o.a.m.s.f.DefaultMavenResourcesFiltering - skip non existing resourceDirectory C:\Users\syeds\OneDrive\Documents\Desktop\CHUBB\Boot5_Microservices_01QuizApp\src\test\resources
2025-11-27 21:10:25,363 [Worker-62: Launching Boot5Microservices01QuizAppApplication] INFO  o.a.m.s.f.DefaultMavenResourcesFiltering - Copying 1 resource from src\main\resources to target\classes
2025-11-27 21:10:25,373 [Worker-62: Launching Boot5Microservices01QuizAppApplication] INFO  o.a.m.s.f.DefaultMavenResourcesFiltering - Copying 0 resource from src\main\resources to target\classes
2025-11-27 21:10:25,383 [Worker-62: Launching Boot5Microservices01QuizAppApplication] INFO  o.a.m.s.f.DefaultMavenResourcesFiltering - skip non existing resourceDirectory C:\Users\syeds\OneDrive\Documents\Desktop\CHUBB\Boot5_Microservices_01QuizApp\src\test\resources
2025-11-27 21:18:48,701 [Worker-68: Launching Boot5Microservices01QuizAppApplication] INFO  o.a.m.s.f.DefaultMavenResourcesFiltering - Copying 1 resource from src\main\resources to target\classes
2025-11-27 21:18:48,751 [Worker-68: Launching Boot5Microservices01QuizAppApplication] INFO  o.a.m.s.f.DefaultMavenResourcesFiltering - Copying 0 resource from src\main\resources to target\classes
2025-11-27 21:18:48,758 [Worker-68: Launching Boot5Microservices01QuizAppApplication] INFO  o.a.m.s.f.DefaultMavenResourcesFiltering - skip non existing resourceDirectory C:\Users\syeds\OneDrive\Documents\Desktop\CHUBB\Boot5_Microservices_01QuizApp\src\test\resources
2025-11-27 22:34:50,652 [Worker-101: Launching Boot5Microservices01QuizAppApplication] INFO  o.a.m.s.f.DefaultMavenResourcesFiltering - Copying 1 resource from src\main\resources to target\classes
2025-11-27 22:34:50,659 [Worker-101: Launching Boot5Microservices01QuizAppApplication] INFO  o.a.m.s.f.DefaultMavenResourcesFiltering - Copying 0 resource from src\main\resources to target\classes
2025-11-27 22:34:50,663 [Worker-101: Launching Boot5Microservices01QuizAppApplication] INFO  o.a.m.s.f.DefaultMavenResourcesFiltering - skip non existing resourceDirectory C:\Users\syeds\OneDrive\Documents\Desktop\CHUBB\Boot5_Microservices_01QuizApp\src\test\resources
2025-11-27 22:38:18,364 [Worker-99: Launching Boot5Microservices01QuizAppApplication] INFO  o.a.m.s.f.DefaultMavenResourcesFiltering - Copying 1 resource from src\main\resources to target\classes
2025-11-27 22:38:18,370 [Worker-99: Launching Boot5Microservices01QuizAppApplication] INFO  o.a.m.s.f.DefaultMavenResourcesFiltering - Copying 0 resource from src\main\resources to target\classes
2025-11-27 22:38:18,372 [Worker-99: Launching Boot5Microservices01QuizAppApplication] INFO  o.a.m.s.f.DefaultMavenResourcesFiltering - skip non existing resourceDirectory C:\Users\syeds\OneDrive\Documents\Desktop\CHUBB\Boot5_Microservices_01QuizApp\src\test\resources
